1,2,3|0|0|0|3|3|3|0,FALSE,-1,1,
2,3,1|2|1|2|2|1|2|1|0|0|0|0,FALSE,-1,1,
3,5,1|2|3|1|2|2|3|1|3|1|2|3,FALSE,2,1,
4,5,1|2|3|3|1|2|1|2|3|1|2|3,FALSE,2,1,
5,7,4|6|3|3|1|4|3|2|6|3|2|2|1|6|6|4|1|4|1|2,FALSE,2,1,
6,9,1|1|4|4|7|4|1|1|2|2|9|4|3|6|6|9|6|6|7|2|9|9|3|7|3|3|7|2,FALSE,2,1,
7,6,2|4|1|3|2|4|3|3|3|4|1|1|4|1|2|2,FALSE,2,1,
8,7,3|4|5|1|4|3|4|2|1|1|3|3|2|2|5|4|5|1|5|2,FALSE,2,1,
9,7,2|5|5|1|4|2|3|4|4|2|4|1|3|3|1|2|1|5|3|5,FALSE,2,1,
10,7,6|7|3|3|2|6|7|6|6|2|1|3|2|3|1|7|1|2|1|7,FALSE,2,1,
11,7,3|2|1|1|4|3|2|3|3|4|9|1|4|1|9|2|9|4|9|2,FALSE,2,1,
12,9,3|3|2|1|2|6|5|4|7|3|4|5|4|3|4|1|7|1|7|6|6|7|2|6|5|1|2|5,FALSE,2,1,
13,9,4|1|3|9|7|2|7|7|3|2|4|1|6|9|9|6|4|3|2|1|9|6|1|6|3|4|2|7,FALSE,2,1,
14,9,6|4|4|7|3|4|3|1|2|9|6|3|1|1|6|7|2|6|2|7|4|9|9|3|9|1|7|2,FALSE,2,1,
15,8,3|1|2|2|7|1|7|6|7|4|3|1|3|1|2|2|4|4|6|4|7|6|6|3,FALSE,2,1,
16,8,1|4|2|3|1|6|3|1|6|6|2|7|7|3|4|2|7|1|4|3|4|7|6|2,FALSE,2,1,
17,9,6|6|6|9|2|4|3|7|2|2|4|7|7|3|9|1|4|1|3|1|2|9|7|4|9|6|3|1,FALSE,2,1,
18,7,2|2|1|3|1|6|6|4|2|1|3|3|3|4|4|6|4|1|6|2,FALSE,2,1,
19,7,1|4|4|4|6|6|2|2|6|1|3|2|1|6|2|3|3|1|3|4,FALSE,2,1,
20,8,4|4|1|7|4|2|2|4|1|6|3|3|2|7|6|3|1|7|3|7|1|6|6|2,FALSE,2,1,
21,9,3|7|1|4|4|4|2|9|4|3|1|9|2|6|3|9|2|6|1|7|1|7|6|6|7|3|2|9,FALSE,2,1,
22,9,7|7|6|9|3|1|2|4|1|9|2|6|3|6|1|4|3|2|4|4|9|7|6|7|9|3|1|2,FALSE,2,1,
23,9,2|3|7|6|4|4|1|4|2|3|9|3|9|6|4|1|6|6|7|3|1|2|2|7|7|9|9|1,FALSE,2,1,
24,9,2|2|6|9|7|9|4|1|2|9|3|9|3|4|7|3|4|7|1|1|4|6|7|1|6|3|6|2,FALSE,2,1,
25,9,2|4|4|4|6|6|7|9|2|1|6|4|1|3|2|9|1|3|7|3|6|7|9|7|3|1|2|9,FALSE,2,1,
26,9,1|9|9|1|7|6|2|4|3|3|4|6|7|9|7|2|9|2|7|6|4|3|3|1|4|6|2|1,FALSE,2,1,
27,9,3|6|6|6|7|7|6|1|3|4|1|2|5|2|3|5|2|4|7|7|4|4|1|2|3|5|5|1,FALSE,2,1,
28,7,1|3|4|3|5|1|2|4|3|1|1|5|5|2|2|4|2|5|4|3,FALSE,2,1,
29,11,7|6|1|6|6|7|2|8|6|9|4|5|5|3|3|2|9|2|4|5|4|1|1|1|5|9|2|7|3|3|7|9|8|8|8|4,FALSE,2,2,
30,9,1|1|1|7|4|1|7|7|6|5|3|3|4|4|2|7|6|2|2|6|6|3|5|4|5|5|3|2,FALSE,2,1,
31,7,5|3|4|1|1|5|3|2|2|5|3|2|1|2|3|1|5|4|4|4,FALSE,2,1,
32,9,5|1|4|4|7|7|5|2|2|7|6|6|5|4|3|3|2|1|3|3|1|2|7|5|4|6|6|1,FALSE,2,1,
33,7,4|3|5|5|4|3|2|2|1|2|5|4|1|3|1|2|4|3|1|5,FALSE,2,1,
34,9,5|5|7|7|7|7|1|1|3|1|3|2|6|5|3|4|2|2|4|2|3|4|6|6|5|6|4|1,FALSE,2,1,
35,10,1|1|6|4|7|6|8|4|1|8|3|6|4|2|7|9|3|7|3|9|2|8|7|2|6|1|4|9|8|2|3|9,FALSE,2,1,
36,11,6|4|8|1|4|9|7|7|2|1|2|5|9|3|7|7|3|1|5|6|9|3|2|5|2|1|6|5|6|8|8|8|9|4|4|3,FALSE,2,1,
37,9,2|5|6|1|4|6|1|6|2|7|5|5|3|3|3|2|5|6|4|2|4|4|7|7|1|1|3|7,FALSE,2,2,
38,9,6|2|4|5|4|4|2|3|6|6|1|2|4|1|7|7|7|7|6|5|2|3|3|3|5|1|5|1,FALSE,2,1,
39,7,4|5|2|1|2|2|3|5|3|4|3|5|5|4|2|3|1|1|4|1,FALSE,2,1,
40,7,2|1|1|1|6|6|6|2|3|2|4|1|4|3|4|6|4|3|2|3,FALSE,2,1,
41,7,2|5|2|3|1|2|1|1|2|5|3|5|4|4|3|4|3|1|4|5,FALSE,2,1,
42,7,5|2|4|1|4|2|2|1|1|5|3|3|1|5|4|3|4|3|2|5,FALSE,2,1,
43,9,5|3|6|6|5|5|7|6|6|7|2|2|7|2|3|7|5|2|4|1|4|4|3|1|1|1|4|3,FALSE,2,1,
44,9,4|1|3|9|7|2|7|7|3|2|4|1|6|9|9|6|4|3|2|1|9|6|1|6|3|4|2|7,FALSE,2,2,
45,7,5|5|3|1|2|5|3|2|1|1|4|3|2|3|4|4|1|5|4|2,FALSE,2,1,
46,9,1|5|4|6|6|6|2|7|2|7|1|4|5|5|2|2|5|4|3|6|3|3|7|3|1|1|7|4,FALSE,2,2,
47,9,2|2|3|6|5|5|6|6|4|4|7|4|3|3|2|2|6|1|1|7|5|3|7|7|4|1|5|1,FALSE,2,1,
48,9,7|2|2|6|5|1|1|7|1|3|2|7|7|6|2|4|4|5|5|5|3|3|3|4|1|4|6|6,FALSE,2,1,
49,11,1|4|9|9|5|3|5|6|7|4|6|8|5|2|2|6|9|1|3|8|4|5|1|7|6|2|4|7|2|9|1|8|3|3|7|8,FALSE,2,1,
50,9,4|6|3|3|3|3|2|5|1|7|6|6|4|2|2|7|7|5|5|6|1|1|7|4|2|5|4|1,FALSE,2,1,
51,7,2|4|2|4|5|1|5|3|4|3|5|2|1|1|4|3|5|1|2|3,FALSE,2,1,
52,9,3|4|7|3|3|1|1|7|5|5|2|3|2|5|5|6|7|2|4|4|6|2|1|1|6|6|7|4,FALSE,2,2,
53,9,3|7|2|2|3|6|5|4|2|4|5|6|5|1|1|3|2|1|4|3|7|7|7|5|1|6|4|6,FALSE,2,3,
54,7,4|3|3|3|1|5|4|1|4|3|2|5|2|2|1|5|4|2|5|1,FALSE,2,1,
55,7,3|4|4|2|3|3|1|1|5|1|2|5|3|4|2|2|4|5|1|5,FALSE,2,1,
56,9,3|4|6|6|7|7|2|1|6|4|4|7|5|3|3|3|5|6|4|7|2|2|5|5|1|1|1|2,FALSE,2,1,
57,9,7|5|3|4|7|4|7|6|3|7|5|1|3|1|3|2|1|1|2|5|6|6|6|4|2|2|4|5,FALSE,2,1,
58,9,7|7|4|4|5|3|3|7|6|1|1|5|6|6|2|4|2|1|2|6|3|2|5|7|5|4|3|1,FALSE,2,1,
59,11,1|3|9|6|4|6|5|7|4|9|2|8|5|7|7|1|3|5|8|3|8|4|4|3|9|9|5|7|6|6|8|2|1|2|2|1,FALSE,2,2,
60,7,3|3|2|5|2|1|1|1|4|3|2|5|4|5|2|3|1|5|4|4,FALSE,2,1,
61,9,2|6|3|1|7|7|1|6|4|4|4|7|6|1|3|5|6|3|5|5|3|2|2|4|2|5|1|7,FALSE,2,1,
62,9,2|2|6|3|5|5|5|7|3|1|1|4|6|7|3|1|1|6|6|5|3|4|7|4|2|2|4|7,FALSE,2,1,
63,9,3|5|5|4|3|6|6|3|4|2|7|3|5|5|2|7|1|1|1|4|2|6|2|1|6|7|4|7,FALSE,2,1,
64,7,3|1|2|1|5|4|4|2|3|5|1|4|5|5|3|1|4|3|2|2,FALSE,2,1,
65,7,5|3|5|1|1|4|5|2|4|2|3|4|3|1|1|5|2|3|4|2,FALSE,2,1,
66,9,1|6|7|7|5|3|3|2|7|3|4|1|3|5|4|2|4|4|1|6|2|2|1|6|7|5|6|5,FALSE,2,1,
67,11,2|3|4|2|8|6|5|1|6|8|5|4|3|2|6|6|5|9|8|1|4|8|9|1|9|9|4|7|3|3|7|2|7|7|5|1,FALSE,2,1,
68,11,6|4|6|4|9|8|8|9|3|7|8|5|8|7|7|9|5|1|2|2|3|5|7|9|2|2|4|3|3|5|6|4|1|1|1|6,FALSE,2,3,
69,7,4|3|3|5|5|2|1|5|3|2|1|1|1|5|4|4|2|2|4|3,FALSE,2,1,
70,9,2|1|6|5|7|7|4|1|3|6|5|3|4|4|4|5|2|5|6|1|7|7|1|3|3|2|2|6,FALSE,2,2,
71,9,2|7|6|6|5|2|1|4|3|6|7|3|2|2|3|4|5|3|5|5|7|7|1|4|6|1|4|1,FALSE,2,1,
72,9,5|3|2|1|1|1|7|4|3|3|6|2|5|4|7|7|3|2|1|7|6|6|6|5|4|4|2|5,FALSE,2,1,
73,7,3|2|3|4|3|1|1|2|1|5|5|2|3|1|2|4|4|5|5|4,FALSE,2,1,
74,9,5|2|5|2|6|6|3|7|1|5|1|1|1|6|6|5|3|7|2|4|3|3|4|7|4|4|7|2,FALSE,2,1,
75,11,2|8|9|1|7|7|6|4|6|4|1|6|1|7|9|5|6|5|7|9|1|5|4|3|2|8|4|8|9|3|2|2|5|3|8|3,FALSE,2,3,
76,9,1|5|4|1|4|1|2|3|6|6|6|4|5|6|3|2|5|7|7|1|7|7|3|5|4|2|2|3,FALSE,2,1,
77,9,5|5|5|3|6|1|2|4|7|1|3|2|4|2|1|7|5|7|7|4|1|3|3|2|6|6|4|6,FALSE,2,1,
78,7,5|3|2|1|1|1|3|4|2|3|5|4|5|3|2|1|5|4|4|2,FALSE,2,1,
79,9,1|6|5|7|2|6|4|4|1|1|1|4|2|3|6|6|3|2|5|5|3|7|7|2|7|5|4|3,FALSE,2,1,
80,7,3|1|3|1|2|4|4|1|5|1|3|5|4|3|2|5|4|2|2|5,FALSE,2,1,
81,9,2|1|6|6|5|3|6|4|1|1|5|5|5|2|2|2|6|4|7|3|7|4|7|3|4|7|1|3,FALSE,2,2,
82,11,9|8|4|6|9|2|8|4|9|8|5|8|1|1|1|3|5|6|2|5|6|3|6|1|7|3|9|2|2|5|4|7|3|7|7|4,FALSE,2,1,
83,9,7|1|6|4|6|5|2|3|5|6|5|5|1|2|7|7|3|3|4|4|7|1|3|6|2|2|1|4,FALSE,2,1,
84,7,2|5|2|1|4|1|4|4|3|2|5|3|5|1|1|3|5|3|2|4,FALSE,2,1,
85,9,3|3|2|2|5|5|4|1|2|7|4|6|1|6|3|6|4|4|6|1|2|3|7|7|7|5|5|1,FALSE,2,1,
86,7,2|4|2|1|2|4|3|1|4|1|5|5|2|3|3|1|3|5|4|5,FALSE,2,1,
87,11,6|7|7|4|8|8|6|6|6|3|9|2|8|7|5|3|2|1|2|9|1|2|5|1|8|4|1|7|3|4|5|3|4|5|9|9,FALSE,2,1,
88,9,5|5|4|3|5|1|3|7|2|2|6|4|5|7|2|2|1|1|6|4|1|3|6|7|4|6|3|7,FALSE,2,3,
89,9,6|3|3|2|1|2|6|5|5|2|7|7|3|1|1|5|4|4|7|4|7|1|6|6|2|3|5|4,FALSE,2,2,
90,9,7|7|7|1|5|1|6|7|4|6|5|2|6|6|5|3|5|2|1|4|1|4|3|3|2|4|2|3,FALSE,2,1,
91,7,4|3|4|3|1|5|1|3|2|1|1|2|5|3|2|4|5|5|2|4,FALSE,2,1,
92,9,3|3|6|3|2|7|1|1|5|4|4|7|2|7|1|4|5|2|3|4|5|5|6|2|7|6|6|1,FALSE,2,1,
93,9,6|3|1|1|7|5|7|7|6|7|2|6|1|4|2|3|4|5|3|4|1|6|2|2|3|4|5|5,FALSE,2,1,
94,7,3|4|5|2|3|5|1|4|2|1|3|5|4|3|2|4|5|1|1|2,FALSE,2,1,
95,11,9|4|7|2|7|4|4|6|4|8|1|3|8|5|1|3|1|1|6|5|5|2|9|6|2|8|7|6|3|7|5|8|3|9|2|9,FALSE,2,3,
96,9,7|6|6|1|3|3|3|7|6|4|2|7|2|2|1|5|4|4|4|1|6|5|5|2|5|1|3|7,FALSE,2,1,
97,11,8|2|8|6|7|6|1|3|6|4|4|4|8|5|5|9|7|7|5|1|6|8|9|7|1|5|3|4|9|9|1|2|3|2|2|3,FALSE,2,2,
98,9,5|2|6|6|7|1|5|5|6|4|4|4|1|3|7|3|7|2|6|7|2|5|4|2|3|3|1|1,FALSE,2,1,
99,11,5|7|2|2|5|3|4|3|9|8|5|4|7|5|3|8|6|1|7|1|1|2|6|7|8|4|9|9|2|3|8|9|1|6|4|6,FALSE,2,1,
100,7,5|3|4|4|4|2|2|5|5|2|3|3|4|5|1|1|1|2|1|3,FALSE,2,1,
101,11,7|9|4|6|8|3|4|1|6|2|5|8|2|4|5|1|4|9|3|1|3|5|9|1|5|2|8|7|9|7|8|6|2|6|7|3,FALSE,2,1,
102,9,5|3|6|3|4|1|2|2|2|7|1|4|5|6|7|7|6|3|5|6|3|2|4|1|4|7|1|5,FALSE,2,1,
103,9,7|3|2|7|6|2|5|6|3|4|2|5|6|1|4|1|5|3|6|4|2|7|1|3|4|7|1|5,FALSE,2,1,
104,11,2|9|4|5|1|6|9|6|2|5|8|9|9|1|3|8|3|6|2|3|3|8|5|4|6|1|4|7|5|7|8|4|2|1|7|7,FALSE,2,1,
105,11,7|3|1|8|2|7|9|9|8|7|9|1|1|4|5|7|4|3|2|1|8|4|6|3|3|2|5|6|6|8|5|5|6|4|2|9,FALSE,2,1,
106,9,5|1|7|6|5|3|2|1|6|1|3|2|2|5|4|4|6|4|7|6|7|1|3|4|2|7|5|3,FALSE,2,1,
107,11,4|1|2|3|3|1|8|9|5|9|4|4|7|5|8|7|8|5|6|5|6|8|3|3|6|2|4|6|7|2|1|9|2|7|9|1,FALSE,2,1,
108,9,3|1|5|6|3|6|5|1|3|7|2|2|1|4|5|2|6|3|1|7|4|5|6|4|4|7|2|7,FALSE,2,3,
109,11,6|7|4|2|4|7|2|5|9|1|6|6|5|3|8|8|7|6|2|5|1|3|8|1|7|4|3|9|3|4|8|9|2|5|1|9,FALSE,2,1,
110,9,5|6|2|1|4|2|6|7|4|5|3|1|3|5|7|6|6|4|2|1|5|3|2|1|3|4|7|7,FALSE,2,1,
111,11,3|6|2|4|6|9|7|6|5|8|4|3|9|7|1|9|8|2|1|1|2|6|4|3|5|9|4|1|8|5|3|7|7|2|8|5,FALSE,2,2,
112,9,7|3|4|7|5|1|3|5|6|1|3|2|4|2|6|5|2|5|1|6|2|6|7|4|3|7|4|1,FALSE,2,1,
113,11,8|4|5|7|9|1|6|3|6|2|8|5|2|8|1|6|5|7|2|2|8|9|7|3|4|1|9|6|1|7|4|9|4|5|3|3,FALSE,2,1,
114,9,2|1|7|2|2|5|6|3|2|5|1|1|7|3|4|7|6|1|5|4|4|7|3|4|5|3|6|6,FALSE,2,1,
115,9,3|1|4|2|2|7|3|6|6|2|7|1|4|5|1|7|6|3|4|5|3|6|4|5|1|2|7|5,FALSE,2,1,
116,11,7|9|4|3|3|2|1|7|4|5|7|2|5|4|8|8|9|3|4|9|6|1|5|8|2|5|8|6|6|1|2|7|1|9|6|3,FALSE,2,1,
117,9,3|1|6|6|6|2|4|4|3|7|4|5|1|2|3|7|2|5|6|2|5|7|1|4|5|3|1|7,FALSE,2,1,
118,11,8|7|4|2|4|2|5|7|6|5|3|5|8|6|2|1|1|9|3|6|1|4|9|3|7|6|8|1|8|2|5|7|4|9|3|9,FALSE,2,1,
119,11,4|8|1|5|9|1|8|8|7|2|6|9|8|2|3|9|5|7|4|3|6|1|9|4|5|7|2|6|6|3|5|2|3|4|7|1,FALSE,2,1,
120,11,1|4|2|8|8|5|3|2|7|3|4|9|3|7|6|2|7|3|8|2|5|9|6|5|4|6|1|1|9|5|7|4|6|1|9|8,FALSE,2,3,
121,9,6|7|1|5|5|3|7|3|4|3|2|2|2|5|6|4|1|2|6|7|3|1|4|4|5|6|7|1,FALSE,2,1,
122,11,4|8|9|3|5|1|7|5|4|1|8|2|5|2|1|6|7|5|3|4|8|1|6|6|6|8|4|7|3|7|2|9|2|3|9|9,FALSE,2,2,
123,11,7|6|5|8|9|6|2|3|4|2|6|4|7|4|5|5|2|9|1|2|4|8|1|3|1|5|9|7|8|1|7|6|8|9|3|3,FALSE,2,1,
124,9,2|6|5|5|3|5|7|3|6|2|3|1|2|1|4|5|7|3|6|4|7|6|2|1|7|1|4|4,FALSE,2,1,
125,11,1|7|6|2|2|1|9|7|1|3|7|6|1|3|4|9|4|5|8|4|9|4|2|7|5|8|6|6|9|3|5|8|2|5|3|8,FALSE,2,1,
126,9,5|2|4|4|5|4|7|1|2|5|7|3|1|6|7|3|2|3|6|7|2|3|5|6|4|1|6|1,FALSE,2,1,
127,9,6|1|7|4|7|2|6|3|7|4|6|5|5|3|1|2|3|5|7|1|3|4|5|2|6|1|2|4,FALSE,2,1,
128,11,2|8|7|3|5|8|6|9|3|2|7|8|9|4|1|5|4|6|5|4|8|9|3|1|6|7|2|4|9|7|1|3|2|5|1|6,FALSE,2,1,
129,9,6|7|3|4|1|5|4|2|6|2|1|4|7|5|3|3|2|5|6|4|3|1|7|7|5|2|1|6,FALSE,2,1,
130,11,7|4|9|6|2|3|5|7|2|8|6|3|1|8|6|4|7|4|9|9|3|5|8|5|1|2|6|3|8|9|4|1|1|2|7|5,FALSE,2,1,
131,11,1|6|8|7|9|2|6|9|3|9|1|5|3|6|5|8|8|3|7|1|7|2|4|4|4|6|3|5|2|1|8|2|7|9|5|4,FALSE,2,3,
132,9,2|4|7|2|7|4|1|5|6|1|3|7|2|5|3|3|4|6|5|5|2|7|6|3|1|4|6|1,FALSE,2,1,
133,11,6|9|4|3|1|9|4|3|8|7|3|7|5|1|9|5|3|2|1|8|4|6|1|2|8|5|6|4|9|8|7|6|7|2|5|2,FALSE,2,2,
134,11,3|2|9|5|1|6|3|7|7|1|3|2|6|7|1|5|6|8|4|9|4|8|3|4|6|9|5|2|7|4|1|8|8|2|9|5,FALSE,2,1,
135,11,9|3|5|6|1|8|2|5|1|7|5|4|6|9|1|7|6|2|8|7|5|9|1|8|7|6|3|4|2|3|9|4|8|3|4|2,FALSE,2,1,
136,9,6|1|4|3|2|5|1|2|3|2|1|7|3|6|7|7|1|2|4|5|3|6|4|5|4|6|7|5,FALSE,2,1,
137,11,8|9|3|5|1|5|4|1|6|2|4|9|3|6|5|5|9|2|8|6|7|9|4|2|4|7|6|1|3|8|7|8|7|1|2|3,FALSE,2,1,
138,11,2|6|7|8|9|2|4|5|4|9|5|6|5|6|3|4|5|1|8|3|8|1|7|3|9|1|6|2|7|1|9|8|3|2|7|4,FALSE,2,1,
139,9,2|3|6|5|3|7|2|7|2|1|6|3|1|4|2|3|1|6|5|7|6|1|4|4|4|7|5|5,FALSE,2,1,
140,11,7|1|4|1|1|5|3|3|2|9|7|6|5|3|8|2|2|4|8|9|9|8|1|5|5|6|8|7|4|6|2|7|4|9|3|6,FALSE,2,1,
141,9,4|5|7|7|1|3|2|1|2|6|5|2|4|5|6|6|1|7|4|3|1|4|7|6|5|2|3|3,FALSE,2,1,
142,11,3|2|8|7|1|4|6|6|6|3|8|9|7|1|5|8|4|2|9|6|4|3|7|7|9|8|2|1|5|9|2|3|4|5|1|5,FALSE,2,1,
143,9,4|5|6|6|5|2|3|7|5|4|6|6|1|3|4|1|1|3|2|7|4|1|2|7|2|5|7|3,FALSE,2,1,
144,11,8|4|3|6|1|8|2|6|2|4|5|9|4|9|1|7|9|6|3|5|4|9|3|7|1|3|7|2|7|5|6|8|2|1|5|8,FALSE,2,3,
145,9,2|1|7|3|5|1|6|5|5|7|4|2|7|6|4|4|1|2|3|4|6|5|1|3|6|7|3|2,FALSE,2,1,
146,9,3|5|7|1|4|6|1|1|2|7|6|4|1|5|3|3|4|7|5|6|2|3|6|2|5|4|2|7,FALSE,2,1,
147,11,1|9|2|1|7|4|2|8|7|3|9|6|6|5|2|1|4|9|8|3|8|2|4|6|6|1|7|7|9|4|3|5|5|8|3|5,FALSE,2,1,
148,11,4|6|1|9|3|8|1|9|7|9|5|8|4|2|7|4|5|1|7|3|9|5|2|2|5|6|4|1|2|7|6|3|3|8|6|8,FALSE,2,1,
149,11,3|2|8|9|6|8|3|4|4|7|9|6|3|5|1|2|7|1|5|8|7|1|5|1|9|4|2|8|4|2|6|6|9|3|7|5,FALSE,2,1,
150,9,4|6|1|2|1|7|3|1|4|5|3|2|4|7|6|6|5|6|7|2|7|1|4|3|3|2|5|5,FALSE,2,1,
151,11,3|7|2|6|2|8|9|3|5|7|9|1|5|4|7|7|1|8|6|1|3|4|8|4|8|4|5|2|3|2|5|9|6|1|9|6,FALSE,2,2,
152,9,3|4|2|5|4|5|6|7|7|6|2|7|1|7|3|1|5|6|2|4|2|5|3|4|6|3|1|1,FALSE,2,1,
153,11,6|2|7|8|6|3|5|5|8|2|5|8|4|1|2|9|3|9|1|1|7|1|6|5|2|3|4|7|7|4|9|3|9|6|4|8,FALSE,2,1,
154,11,8|4|6|2|9|2|6|3|8|9|5|5|6|5|7|3|6|3|8|9|4|1|3|1|2|7|9|5|2|1|4|7|8|1|7|4,FALSE,2,1,
155,11,9|3|5|9|1|7|8|1|6|4|8|8|7|4|1|3|9|8|7|2|2|6|5|5|6|9|5|1|3|6|2|2|4|3|7|4,FALSE,2,1,
156,9,6|3|5|2|4|6|3|1|7|3|4|4|6|7|2|5|1|6|5|5|1|4|2|7|2|3|1|7,FALSE,2,1,
157,9,1|5|3|7|6|2|4|5|1|6|3|4|6|3|7|1|5|7|6|4|4|3|5|2|7|2|1|2,FALSE,2,1,
158,11,4|6|9|7|3|7|4|8|6|1|2|5|4|6|3|8|3|5|1|1|7|2|4|9|5|9|2|7|9|1|8|6|5|2|8|3,FALSE,2,3,
159,11,8|3|6|8|7|3|2|3|9|1|5|5|4|2|7|4|2|4|9|2|8|1|6|8|9|4|1|5|7|1|6|6|7|3|5|9,FALSE,2,1,
160,9,7|2|6|2|3|4|6|7|3|5|2|3|5|3|6|1|2|1|5|4|7|4|5|7|4|1|6|1,FALSE,2,1,
161,9,4|3|6|3|7|2|6|6|1|3|7|4|5|2|1|3|2|5|4|4|1|5|2|5|1|6|7|7,FALSE,2,1,
162,9,7|2|6|4|2|6|3|1|3|7|4|1|3|5|7|2|2|5|1|3|1|5|4|7|4|6|5|6,FALSE,2,1,
163,11,8|7|5|1|5|2|8|3|3|4|9|2|3|6|4|9|5|7|6|6|2|1|9|8|5|4|8|3|6|2|1|7|4|9|7|1,FALSE,2,1,
164,11,3|9|5|8|8|4|5|4|6|2|4|6|6|8|3|1|7|3|1|9|9|1|2|4|3|2|7|7|2|7|6|9|8|1|5|5,FALSE,2,1,
165,9,4|2|7|7|3|2|4|7|6|5|1|6|2|3|6|4|5|1|7|3|5|3|1|1|6|2|5|4,FALSE,2,1,
166,11,6|8|4|7|5|7|3|5|3|6|9|2|2|9|8|1|4|1|5|2|1|9|8|4|6|5|3|7|6|4|8|1|9|3|2|7,FALSE,2,1,
167,9,4|3|2|1|1|2|5|5|1|2|5|7|7|4|6|3|6|4|1|6|3|6|5|7|4|7|3|2,FALSE,2,1,
168,11,5|4|8|7|1|4|6|9|9|7|5|8|3|2|5|1|3|6|2|9|8|1|6|9|3|8|7|4|6|2|3|4|2|1|5|7,FALSE,2,1,
169,11,8|2|3|9|9|1|3|4|8|4|6|2|6|7|5|8|1|5|2|2|3|1|4|5|7|9|3|7|7|8|6|1|9|5|6|4,FALSE,2,2,
170,11,1|8|3|1|2|8|1|9|3|8|4|5|9|2|4|5|8|7|3|9|6|7|9|4|1|5|2|7|3|4|6|6|2|7|6|5,FALSE,2,1,
171,11,7|4|2|9|1|9|8|3|7|4|6|5|9|3|2|6|5|7|1|7|6|3|2|4|9|5|8|3|4|6|1|8|8|1|2|5,FALSE,2,1,
172,9,2|6|7|6|2|5|3|2|7|3|4|1|7|2|5|1|4|1|6|3|5|4|7|5|3|6|1|4,FALSE,2,1,
173,11,2|3|5|8|9|1|2|7|2|6|1|5|2|6|3|4|6|4|5|9|1|3|8|4|7|5|1|9|7|9|8|6|4|8|3|7,FALSE,2,1,
174,9,1|2|5|4|3|4|5|6|3|7|2|6|7|2|4|4|3|6|1|1|1|2|3|7|7|5|6|5,FALSE,2,1,
175,9,4|1|5|6|4|5|6|6|3|2|1|4|2|3|7|6|7|1|2|7|5|2|3|4|1|7|3|5,FALSE,2,1,
176,11,5|8|4|4|8|3|7|3|7|9|2|2|3|7|1|6|8|7|1|5|4|9|3|2|2|1|6|6|6|4|5|9|5|8|9|1,FALSE,2,3,
177,11,7|4|3|8|1|7|5|2|4|2|8|4|5|3|1|2|8|9|1|8|4|6|3|6|9|7|6|5|3|5|9|7|1|6|9|2,FALSE,2,2,
178,9,4|1|2|5|5|1|3|3|7|6|1|5|4|5|6|7|3|6|4|2|1|7|2|3|2|4|6|7,FALSE,2,1,
179,11,6|7|3|4|9|1|2|2|8|4|6|9|2|6|4|3|1|8|7|9|6|7|5|5|2|9|1|3|3|4|7|5|8|1|5|8,FALSE,2,1,
180,9,1|2|7|6|4|6|1|7|5|6|7|2|7|3|1|4|3|1|5|4|6|5|2|3|3|4|2|5,FALSE,2,1,
181,11,9|3|5|9|2|6|4|1|5|4|6|7|8|4|7|9|1|5|3|8|4|7|8|2|7|5|6|9|8|1|2|1|3|2|6|3,FALSE,2,1,
182,9,3|4|5|5|3|1|4|4|3|7|5|1|7|6|3|6|7|2|5|2|1|4|6|2|7|6|2|1,FALSE,2,1,
183,11,5|9|7|1|4|1|3|8|1|6|2|2|2|7|4|9|5|9|3|8|2|5|8|6|4|9|3|5|8|4|1|7|3|6|7|6,FALSE,2,1,
184,9,4|3|6|5|6|1|4|5|3|5|4|3|7|1|2|2|2|3|5|6|4|2|7|7|7|6|1|1,FALSE,2,1,
185,9,4|5|1|1|5|2|7|4|6|3|7|1|2|7|6|5|2|7|4|5|2|6|3|1|4|6|3|3,FALSE,2,1,
186,11,4|7|5|6|4|9|5|1|8|3|1|9|7|2|1|9|2|1|7|2|5|8|7|8|4|8|6|6|5|6|3|3|4|3|2|9,FALSE,2,1,
187,11,8|7|9|9|3|2|5|6|3|7|5|9|4|1|9|1|8|2|1|7|3|4|5|2|3|1|6|6|7|6|8|4|2|4|8|5,FALSE,2,1,
188,11,4|6|3|9|5|1|6|7|2|3|4|6|5|8|7|1|1|2|8|5|7|2|9|7|4|3|5|9|1|9|8|3|4|2|6|8,FALSE,2,1,
189,9,2|6|1|4|5|4|2|3|5|1|3|7|6|1|2|5|1|6|3|4|4|7|3|2|6|5|7|7,FALSE,2,3,
190,9,5|4|1|1|7|3|6|7|4|2|7|4|7|2|5|3|3|5|6|3|5|1|2|1|4|2|6|6,FALSE,2,1,
191,11,5|4|1|9|7|5|3|2|4|2|1|4|5|6|2|1|3|9|6|5|2|7|3|7|4|9|8|8|8|7|9|6|3|6|8|1,FALSE,2,1,
192,9,6|1|7|2|3|4|5|5|1|4|3|6|6|2|4|4|2|7|5|2|7|1|3|5|7|1|6|3,FALSE,2,1,
193,11,3|4|5|5|3|8|1|2|1|7|4|9|7|1|6|5|7|2|6|2|8|9|4|8|5|9|4|1|6|8|3|3|6|7|2|9,FALSE,2,1,
194,9,5|6|4|3|5|2|7|4|7|2|1|3|1|4|5|1|3|2|7|6|2|1|6|5|4|6|3|7,FALSE,2,1,
195,9,5|2|1|4|5|1|4|4|1|7|2|7|5|2|7|6|2|3|6|3|1|6|5|3|6|4|7|3,FALSE,2,2,
196,11,3|5|8|5|1|4|2|3|6|8|7|6|8|1|5|6|5|1|4|4|3|9|7|2|9|7|8|9|4|2|3|1|2|7|9|6,FALSE,2,1,
197,11,9|4|3|3|2|8|1|6|1|3|7|2|3|7|1|8|9|5|4|7|1|6|9|4|6|9|7|8|8|4|5|2|2|6|5|5,FALSE,2,3,
198,11,4|1|6|2|2|8|1|3|4|9|6|5|4|6|3|5|9|5|7|7|8|7|9|9|1|7|2|8|6|3|4|8|3|2|5|1,FALSE,2,1,
199,9,5|4|3|3|2|3|7|6|6|1|5|5|3|1|4|5|4|7|1|2|4|1|2|6|2|7|6|7,FALSE,2,1,
200,9,7|2|4|2|2|7|3|1|3|1|7|5|4|6|3|3|5|1|2|4|6|4|5|6|5|6|7|1,FALSE,2,1,
201,9,1|3|2|1|3|1|5|5|6|7|2|1|4|3|7|4|4|5|7|6|3|6|2|4|6|2|5|7,FALSE,2,1,
202,9,2|1|4|6|7|3|1|2|2|7|3|2|1|5|6|4|3|5|7|3|5|4|6|5|4|7|1|6,FALSE,2,1,
203,11,9|2|4|1|7|3|2|7|6|2|5|6|6|9|5|3|7|8|9|7|1|8|3|1|3|4|2|4|9|6|8|5|4|1|8|5,FALSE,2,1,
204,11,3|9|5|3|7|1|4|4|2|9|8|2|1|6|8|6|7|9|3|1|4|6|5|7|9|3|4|8|6|1|2|5|8|2|7|5,FALSE,2,1,
205,11,1|6|7|9|8|6|1|2|4|7|2|2|5|7|6|9|8|5|9|3|4|2|5|3|6|1|4|5|4|3|9|3|1|7|8|8,FALSE,2,1,
206,11,8|7|1|6|6|1|7|3|4|2|8|9|1|4|9|9|6|5|2|8|3|4|5|7|3|7|4|1|6|8|3|5|5|9|2|2,FALSE,2,1,
207,11,8|6|4|9|3|8|2|7|6|2|5|2|4|1|8|3|3|5|4|4|2|7|1|5|6|9|3|7|5|9|7|6|9|8|1|1,FALSE,2,1,
208,9,1|2|7|4|4|5|7|2|5|1|3|5|6|7|3|3|5|1|4|4|6|2|1|6|7|3|2|6,FALSE,2,1,
209,9,6|2|1|7|6|3|1|5|3|6|5|6|7|4|5|7|5|2|1|3|3|4|2|2|7|1|4|4,FALSE,2,2,
210,11,9|7|2|9|8|3|7|4|1|6|5|2|4|8|5|5|8|1|2|7|8|1|6|3|7|4|6|5|6|2|9|3|9|1|3|4,FALSE,2,1,
211,9,5|6|1|7|4|7|3|2|2|5|7|7|4|1|3|3|5|1|6|1|5|2|4|6|2|3|6|4,FALSE,2,1,
212,11,7|5|3|1|2|9|5|6|2|8|4|3|8|4|7|7|5|4|9|6|1|2|9|7|3|6|8|8|1|2|3|6|1|9|5|4,FALSE,2,1,
213,9,6|3|7|4|7|2|1|6|1|5|4|4|6|7|3|5|5|2|7|2|4|1|6|1|5|2|3|3,FALSE,2,1,
214,9,6|5|1|7|7|2|5|7|6|2|1|3|3|7|6|4|1|2|4|4|2|3|6|4|1|5|3|5,FALSE,2,1,
215,11,1|2|3|3|3|4|6|7|8|4|5|8|6|3|5|6|1|5|2|4|9|8|7|2|8|9|7|7|2|1|9|4|6|5|9|1,FALSE,2,1,
216,11,6|2|3|6|6|2|9|8|1|8|5|1|9|4|5|3|9|8|6|7|4|1|2|7|1|3|7|4|8|7|5|9|3|2|5|4,FALSE,2,1,
217,11,3|8|5|7|7|2|6|6|5|6|3|5|3|7|4|2|2|8|7|9|9|1|4|1|6|9|5|4|1|2|4|8|1|8|9|3,FALSE,2,1,
218,11,2|7|9|1|4|6|7|3|6|1|9|3|7|8|5|2|1|7|9|2|1|4|6|8|3|5|2|6|5|8|4|4|9|8|3|5,FALSE,2,1,
219,9,6|2|7|1|7|2|4|6|3|4|1|2|4|6|2|3|7|1|3|5|3|6|5|4|1|7|5|5,FALSE,2,1,
220,9,5|6|4|4|3|1|5|5|2|7|3|3|5|2|1|2|7|3|1|6|4|7|2|4|1|6|7|6,FALSE,2,1,
221,11,5|2|3|5|3|1|7|4|6|9|2|6|8|9|7|1|1|9|6|7|2|6|4|1|8|3|5|2|9|4|8|3|5|4|7|8,FALSE,2,1,
222,9,7|6|4|3|1|4|3|5|2|7|4|6|2|3|4|2|2|6|5|5|3|6|1|7|5|1|7|1,FALSE,2,1,
223,11,3|7|5|8|9|8|2|6|3|9|1|8|2|7|6|6|2|4|7|6|8|9|2|4|1|5|3|4|1|9|5|5|4|1|7|3,FALSE,2,1,
224,9,6|1|5|6|5|1|3|5|3|2|7|4|3|1|4|4|6|7|3|2|6|7|5|2|1|7|4|2,FALSE,2,3,
225,9,1|3|5|7|5|1|7|2|7|6|3|4|6|2|4|4|3|4|6|6|7|1|5|5|1|3|2|2,FALSE,2,1,
226,11,8|3|7|9|5|2|1|9|9|8|2|2|6|9|8|4|4|7|1|7|2|5|6|1|6|8|5|5|4|6|3|3|1|3|7|4,FALSE,2,1,
227,11,7|4|8|5|1|6|5|4|9|4|1|9|2|7|8|2|1|8|4|7|5|6|3|3|5|2|1|3|9|6|3|7|6|9|8|2,FALSE,2,1,
228,11,7|3|8|5|5|3|8|2|2|5|6|6|9|5|1|3|8|1|3|4|6|9|7|4|1|8|7|6|4|1|9|2|9|4|7|2,FALSE,2,1,
229,9,2|5|7|5|6|3|7|7|4|5|2|6|5|4|6|4|6|1|4|2|1|7|3|3|2|3|1|1,FALSE,2,1,
230,11,2|8|3|6|8|4|9|1|6|3|5|5|6|2|4|7|9|8|3|4|1|7|5|9|1|7|6|8|2|9|7|5|2|1|3|4,FALSE,2,1,
231,9,4|2|1|7|3|2|1|3|5|2|4|3|7|5|6|6|2|4|6|6|3|7|5|1|1|4|7|5,FALSE,2,1,
232,11,9|6|3|1|4|2|5|4|6|1|4|8|4|2|8|8|2|5|7|1|9|2|7|7|3|9|6|6|8|5|3|5|3|9|7|1,FALSE,2,1,
233,11,7|1|4|8|7|3|9|8|3|1|5|9|4|2|3|3|5|2|8|6|2|9|6|1|8|7|5|5|9|6|4|4|1|6|2|7,FALSE,2,1,
234,11,2|7|5|3|8|2|5|4|7|8|9|6|1|8|6|2|7|1|4|7|9|4|6|3|5|1|2|9|6|3|9|3|4|1|8|5,FALSE,2,1,
235,9,2|3|4|4|7|6|2|1|1|3|2|5|3|5|1|1|6|5|3|7|4|5|6|7|6|4|2|7,FALSE,2,1,
236,9,1|6|7|4|3|6|7|2|2|1|3|3|7|1|5|5|2|4|3|4|4|6|2|5|7|1|5|6,FALSE,2,1,
237,11,1|5|3|2|4|8|3|4|5|7|6|6|5|9|8|8|7|6|2|7|4|2|3|9|1|9|4|2|7|1|8|3|9|1|5|6,FALSE,2,1,
238,9,2|4|5|6|3|1|6|6|3|7|1|5|1|3|7|3|5|1|2|5|6|2|4|4|7|4|2|7,FALSE,2,1,
239,11,8|9|2|7|5|2|9|9|3|8|6|6|5|1|2|4|7|8|5|3|3|1|4|3|6|1|5|2|4|6|7|4|1|9|8|7,FALSE,2,1,
240,9,2|3|1|4|5|6|4|7|6|3|5|2|2|6|1|5|3|4|7|7|2|6|5|1|3|4|7|1,FALSE,2,1,
241,11,9|3|4|8|1|6|9|9|3|2|5|5|3|6|8|5|6|1|7|2|7|4|3|7|8|4|5|2|7|1|6|2|4|8|1|9,FALSE,2,1,
242,9,2|6|5|1|1|2|7|1|4|7|5|3|6|4|2|6|5|3|4|7|4|5|6|3|3|2|7|1,FALSE,2,1,
243,11,6|8|9|4|7|1|2|8|3|1|2|7|6|4|2|1|7|9|5|5|2|3|9|9|3|7|8|6|1|5|4|4|6|8|5|3,FALSE,2,1,
244,9,4|2|7|5|3|7|2|2|1|7|6|3|6|3|7|5|1|6|5|2|3|1|4|4|4|6|5|1,FALSE,2,1,
245,11,5|2|9|8|6|3|2|8|5|9|8|5|5|7|1|4|6|4|3|2|8|4|2|9|3|6|1|4|7|3|6|7|1|7|9|1,FALSE,2,1,
246,11,7|9|1|1|4|5|8|6|3|7|6|9|4|8|9|3|5|4|8|9|2|6|4|1|5|7|3|2|1|3|7|8|6|5|2|2,FALSE,2,1,
247,9,4|7|6|3|6|4|1|6|5|4|1|5|2|1|7|3|1|2|7|5|4|2|3|2|3|5|7|6,FALSE,2,1,
248,11,5|4|2|9|5|4|8|8|3|8|6|3|7|5|3|1|2|6|7|3|6|4|9|1|9|1|8|4|7|5|2|7|9|6|2|1,FALSE,2,1,
249,9,4|3|2|7|7|6|5|2|5|4|6|3|3|4|1|2|1|7|6|1|2|6|5|5|1|4|7|3,FALSE,2,1,
250,9,1|4|3|3|6|3|2|6|5|6|3|5|1|5|4|1|2|1|4|7|2|5|7|2|6|4|7|7,FALSE,2,1,
251,11,3|5|8|6|7|9|5|7|4|9|3|7|5|6|2|3|9|1|5|4|8|2|1|9|8|2|7|1|6|1|4|8|6|3|2|4,FALSE,2,1,
252,11,8|4|1|1|2|4|5|6|6|3|7|2|9|7|4|1|8|2|9|7|4|6|9|3|6|8|1|3|9|5|8|5|3|5|2|7,FALSE,2,1,
253,9,6|5|1|3|4|6|2|2|4|5|3|5|7|4|1|1|1|7|3|5|2|7|6|2|4|7|6|3,FALSE,2,1,
254,9,6|2|3|5|3|2|1|4|2|4|7|5|7|6|1|1|3|7|5|6|6|5|4|4|2|7|1|3,FALSE,2,1,
255,11,5|8|2|3|8|7|2|3|8|4|7|2|2|3|7|6|1|4|9|6|4|9|1|3|9|5|1|1|5|7|6|5|8|4|9|6,FALSE,2,1,
256,11,2|9|1|2|3|6|7|3|6|3|8|1|5|7|6|1|8|5|9|5|2|7|8|6|2|4|3|8|7|9|4|5|1|9|4|4,FALSE,2,1,
257,11,8|9|3|2|7|2|1|3|9|2|5|8|2|1|6|4|9|1|3|6|4|6|8|5|6|1|7|7|3|4|7|9|4|8|5|5,FALSE,2,1,
258,9,7|6|3|1|5|3|2|6|7|4|1|2|4|3|5|5|3|6|2|4|4|5|7|2|7|6|1|1,FALSE,2,1,
259,11,1|8|6|3|9|6|2|4|8|3|2|6|3|1|5|9|2|5|1|6|8|4|2|4|9|4|7|7|8|3|5|7|5|9|7|1,FALSE,2,1,
260,11,5|8|9|5|6|7|9|9|8|7|3|6|4|2|3|5|3|1|8|2|7|6|1|2|4|7|3|4|4|1|8|5|2|9|6|1,FALSE,2,1,
261,9,7|5|3|6|3|2|1|3|7|6|5|7|5|2|1|6|3|7|4|4|1|4|2|5|6|2|4|1,FALSE,2,1,
262,9,1|4|5|3|5|7|2|2|6|1|5|6|5|4|3|7|2|1|4|3|7|2|1|6|4|6|3|7,FALSE,2,1,
263,11,7|9|2|1|9|5|3|4|6|2|4|8|7|8|3|6|2|1|6|5|8|3|7|9|5|8|9|2|7|1|5|4|4|6|3|1,FALSE,2,1,
264,11,4|8|2|3|1|4|3|6|9|7|2|9|6|1|5|4|7|5|1|9|5|6|7|9|3|2|7|8|2|8|5|3|8|6|4|1,FALSE,2,1,
265,11,9|4|6|6|2|9|7|6|2|7|1|7|8|9|1|8|4|7|5|8|2|8|1|3|4|5|3|3|5|9|6|3|5|4|2|1,FALSE,2,1,
266,11,1|7|2|3|2|8|5|9|8|1|9|8|9|3|4|2|6|2|8|7|5|4|3|7|9|1|6|6|4|5|7|6|4|1|5|3,FALSE,2,1,
267,9,3|1|7|4|5|2|4|6|6|3|5|5|3|1|7|2|7|6|3|1|7|1|2|2|5|4|6|4,FALSE,2,1,
268,9,6|4|3|5|1|5|7|3|3|4|1|7|5|6|2|6|5|2|7|1|3|1|2|7|2|6|4|4,FALSE,2,1,
269,9,3|5|1|5|2|1|5|2|6|7|4|3|3|4|6|4|6|1|3|7|4|2|1|6|5|7|2|7,FALSE,2,1,
270,11,6|9|7|8|3|5|4|1|8|2|7|9|1|5|9|9|3|2|8|7|1|6|3|2|4|1|8|4|4|6|5|3|5|7|6|2,FALSE,2,1,
271,11,4|7|6|4|9|1|8|5|1|2|7|7|4|8|5|5|2|6|4|2|7|5|3|6|8|3|1|9|9|3|1|2|6|9|8|3,FALSE,2,1,
272,9,6|5|7|4|5|6|1|2|2|7|1|1|6|4|5|3|4|7|3|6|5|3|2|1|7|2|3|4,FALSE,2,1,
273,11,6|5|8|8|6|9|1|6|1|5|4|9|2|7|4|2|3|7|6|2|7|1|5|2|5|3|4|4|7|8|3|3|8|9|1|9,FALSE,2,1,
274,9,1|3|7|4|1|5|7|4|3|7|6|5|2|6|1|4|5|1|2|3|7|2|5|4|3|2|6|6,FALSE,2,1,
275,11,5|8|3|3|3|6|2|7|4|8|3|8|6|7|4|1|8|5|1|4|9|7|2|4|1|6|2|9|5|2|9|9|7|1|6|5,FALSE,2,1,
276,11,1|9|5|6|9|4|3|9|3|2|5|6|4|1|8|1|7|4|8|8|6|7|5|5|7|2|1|9|3|4|7|3|8|6|2|2,FALSE,2,1,
277,9,6|7|3|4|2|3|4|5|5|2|6|7|6|1|3|2|7|1|5|4|4|5|7|6|1|2|3|1,FALSE,2,1,
278,11,4|7|2|6|2|1|9|6|2|5|1|9|4|8|3|4|5|7|8|6|8|3|1|8|7|5|9|2|5|9|7|4|6|1|3|3,FALSE,2,1,
279,11,1|4|2|3|8|1|7|2|9|1|2|5|3|4|7|5|4|7|6|6|2|9|1|5|6|3|9|9|3|7|8|8|5|8|6|4,FALSE,2,1,
280,9,4|2|6|5|1|6|5|4|5|7|1|4|7|3|2|5|6|7|3|7|3|4|2|1|6|1|2|3,FALSE,2,1,
281,11,3|5|9|6|2|4|3|4|9|5|3|1|5|1|2|7|7|9|6|7|5|8|4|9|1|6|8|8|7|2|3|1|6|4|8|2,FALSE,2,1,
282,9,6|4|5|5|2|1|4|4|3|7|6|4|6|2|7|3|1|7|6|3|2|7|1|3|2|1|5|5,FALSE,2,1,
283,11,5|2|3|9|7|3|4|7|6|1|4|6|9|6|2|2|8|9|4|7|4|8|2|1|9|8|3|5|5|7|3|8|1|6|5|1,FALSE,2,1,
284,9,6|1|4|1|5|4|3|3|1|7|5|2|7|4|5|7|3|5|2|6|7|6|2|3|1|6|4|2,FALSE,2,1,
285,9,1|3|7|3|2|5|1|6|5|4|7|4|3|1|5|1|3|2|4|6|4|5|2|6|6|2|7|7,FALSE,2,1,
286,11,7|1|2|5|9|6|1|3|1|5|6|6|7|9|1|3|2|8|4|9|4|7|2|6|8|3|2|4|9|5|8|7|3|4|8|5,FALSE,2,1,
287,11,1|8|4|4|6|3|2|3|3|7|2|2|5|8|6|3|5|1|9|7|1|7|6|9|6|5|9|9|4|1|8|2|7|8|5|4,FALSE,2,2,
288,9,4|7|5|2|6|2|7|5|6|2|1|6|4|3|2|4|7|6|1|3|7|1|5|3|5|4|1|3,FALSE,2,1,
289,9,1|7|5|2|4|6|2|5|7|6|4|4|5|3|2|1|3|2|6|3|6|7|1|4|7|5|3|1,FALSE,2,1,
290,11,8|7|4|2|1|9|6|6|8|9|5|8|8|7|5|5|7|9|3|2|1|3|7|4|5|9|1|2|3|6|4|2|3|1|4|6,FALSE,2,1,
291,11,6|1|9|7|5|1|2|7|7|1|5|8|6|4|8|3|3|4|9|2|5|3|6|1|5|4|2|2|8|7|9|3|4|8|6|9,FALSE,2,1,
292,9,4|6|1|4|1|6|3|3|3|7|5|4|7|1|2|7|2|4|1|5|6|7|5|2|3|2|6|5,FALSE,2,1,
293,9,5|6|3|7|4|1|5|7|4|2|6|1|1|4|3|3|4|6|7|3|5|6|2|1|5|2|7|2,FALSE,2,1,
294,11,8|6|4|3|1|2|5|5|8|5|6|4|7|9|1|1|3|7|2|9|4|8|9|9|1|6|3|2|6|7|8|3|2|4|7|5,FALSE,2,1,
295,11,2|9|8|9|8|4|6|6|8|1|9|2|8|5|2|6|7|5|3|3|4|9|1|2|6|7|4|5|1|7|3|5|7|1|4|3,FALSE,2,1,
296,11,1|8|2|9|6|7|2|4|5|7|9|3|9|5|6|6|1|2|4|6|3|7|8|1|1|9|4|3|7|4|8|8|3|2|5|5,FALSE,2,1,
297,9,1|6|7|4|7|4|2|5|5|3|6|5|4|7|2|7|2|3|1|1|6|5|4|2|1|3|6|3,FALSE,2,1,
298,9,3|2|5|4|6|4|1|7|3|6|7|3|4|5|7|1|5|6|4|1|3|2|5|6|1|2|7|2,FALSE,2,1,
299,11,4|6|5|1|7|8|9|9|7|9|1|3|8|2|5|7|5|2|6|6|1|7|4|3|6|3|9|8|5|3|2|4|4|2|8|1,FALSE,2,1,
300,11,3|1|5|6|1|3|2|2|1|7|2|4|4|1|6|7|6|5|4|9|5|8|3|9|9|7|8|9|7|4|5|2|8|6|3|8,FALSE,2,1,
301,13,3|6|2|9|9|9|11|6|8|10|9|7|2|5|1|2|11|10|5|11|6|1|10|6|3|4|11|1|1|7|5|7|5|8|4|8|3|2|4|7|4|3|10|8,FALSE,2,1,
302,9,2|3|3|2|3|3|7|1|6|5|4|2|4|1|1|7|4|6|5|6|2|1|5|5|7|7|6|4,FALSE,2,1,
303,13,3|1|7|9|11|6|6|6|6|9|11|3|3|9|5|8|3|1|1|1|5|4|5|11|10|10|7|8|9|8|4|10|4|2|2|7|5|7|2|10|11|4|8|2,FALSE,2,1,
304,11,7|9|6|1|8|3|3|5|6|7|7|1|8|8|2|6|8|9|5|1|5|4|9|5|3|2|4|2|4|3|6|1|4|2|9|7,FALSE,2,1,
305,11,5|3|6|5|5|1|6|8|1|1|4|8|6|7|2|9|4|3|9|4|7|7|3|8|4|5|6|1|8|2|7|3|2|9|9|2,FALSE,2,1,
306,9,1|7|4|5|6|2|5|4|4|1|3|6|6|6|3|1|2|2|2|1|3|7|7|7|3|5|4|5,FALSE,2,1,
307,9,7|2|2|5|5|3|5|1|4|3|4|2|5|3|6|6|3|7|1|1|1|6|4|4|7|7|6|2,FALSE,2,1,
308,11,5|6|5|9|4|4|8|4|5|5|7|1|7|1|9|2|2|4|8|8|9|7|7|3|6|3|6|2|1|8|6|1|9|3|3|2,FALSE,2,1,
309,11,5|7|4|3|5|2|5|9|6|8|1|3|2|1|1|9|7|2|2|9|6|6|4|3|8|9|7|7|3|8|1|6|4|8|5|4,FALSE,2,1,
310,11,4|4|4|2|1|9|6|2|5|9|1|7|8|3|3|3|6|2|8|8|9|5|3|8|1|6|5|5|4|7|9|6|2|1|7|7,FALSE,2,1,
311,13,11|5|1|1|10|3|3|7|10|9|10|8|4|4|2|3|8|1|9|8|2|8|5|4|11|9|7|6|6|5|5|9|7|1|4|7|3|2|2|6|11|10|11|6,FALSE,2,1,
312,9,5|1|6|3|4|7|6|5|4|6|7|4|1|1|5|5|2|2|7|4|7|6|1|2|3|3|3|2,FALSE,2,1,
313,11,1|6|5|4|3|9|2|4|2|3|5|7|4|1|3|8|1|8|9|7|5|5|6|6|8|1|8|4|6|3|7|2|9|9|7|2,FALSE,2,1,
314,9,1|6|3|3|4|7|1|5|5|6|6|6|3|5|5|3|2|1|7|7|7|2|4|4|2|2|1|4,FALSE,2,1,
315,11,5|3|7|9|9|2|2|3|8|8|8|4|4|9|8|5|7|3|5|7|3|1|1|1|1|4|6|2|6|9|7|5|2|6|6|4,FALSE,2,1,
316,9,3|3|3|6|7|1|7|7|2|2|4|1|4|1|6|6|2|7|5|6|1|3|5|5|4|2|4|5,FALSE,2,1,
317,13,7|9|4|10|8|1|5|3|1|8|11|4|5|6|2|2|6|6|4|7|2|5|10|8|10|3|3|3|5|9|8|7|6|11|4|10|9|11|11|7|9|2|1|1,FALSE,2,1,
318,9,4|5|2|2|6|7|7|7|1|1|4|3|7|6|2|1|6|6|4|4|5|5|3|3|1|5|2|3,FALSE,2,1,
319,11,2|7|5|1|9|3|2|8|7|7|3|8|9|1|4|5|5|6|8|9|1|9|4|8|6|6|4|2|2|5|7|3|6|1|4|3,FALSE,2,1,
320,13,2|6|9|5|9|7|1|7|7|8|7|5|2|4|5|2|11|1|8|8|1|11|2|1|8|6|5|9|3|10|9|11|3|4|6|10|11|3|3|10|4|4|6|10,FALSE,2,3,
321,11,9|1|8|4|9|6|7|5|3|1|1|7|7|2|6|5|2|1|4|9|8|8|8|2|5|2|7|4|6|9|4|6|5|3|3|3,FALSE,2,1,
322,11,5|5|7|8|4|1|6|9|8|9|7|3|9|3|9|1|6|8|4|6|2|7|1|5|2|2|3|7|6|4|4|8|5|2|1|3,FALSE,2,1,
323,9,1|4|7|7|7|3|6|4|2|4|2|1|2|3|4|2|1|7|3|3|5|6|6|1|6|5|5|5,FALSE,2,1,
324,9,3|4|2|2|7|3|3|5|5|4|6|6|1|1|4|1|5|7|2|2|4|1|3|6|7|7|6|5,FALSE,2,1,
325,11,8|2|7|5|6|4|2|5|4|2|8|7|9|3|4|3|3|6|7|9|1|8|8|1|7|9|6|1|2|1|3|5|9|4|5|6,FALSE,2,1,
326,9,7|3|3|1|6|7|5|2|1|4|4|2|3|2|1|1|5|4|6|6|4|6|5|7|7|5|2|3,FALSE,2,1,
327,11,6|5|8|5|3|4|2|6|8|9|9|2|5|4|3|8|4|4|7|7|7|3|6|6|9|3|9|8|5|2|7|1|1|1|1|2,FALSE,2,1,
328,13,4|5|1|9|7|9|2|2|8|4|10|6|3|1|7|6|10|2|4|7|10|11|11|8|6|1|4|11|11|3|8|3|2|6|5|3|1|9|5|10|9|5|8|7,FALSE,2,1,
329,11,5|3|3|2|4|8|5|9|5|2|5|4|9|1|7|8|9|4|8|9|8|6|7|7|1|1|1|3|2|4|2|6|7|6|6|3,FALSE,2,1,
330,9,7|2|4|7|5|7|4|1|6|1|6|3|3|6|4|3|7|3|2|2|2|5|5|5|1|1|4|6,FALSE,2,1,
331,11,9|7|5|3|2|7|4|4|2|3|9|5|8|2|8|9|9|5|4|7|3|3|6|6|6|6|1|2|8|1|1|8|7|1|5|4,FALSE,2,1,
332,9,4|1|3|5|7|5|6|6|6|2|5|7|2|7|5|2|1|1|1|3|4|4|3|6|4|2|7|3,FALSE,2,1,
333,11,5|6|6|6|4|2|6|5|7|1|3|2|7|8|8|3|4|1|1|9|1|9|5|2|8|9|4|9|7|4|3|7|8|3|2|5,FALSE,2,1,
334,9,2|1|4|5|1|1|5|6|5|3|3|6|4|6|7|6|4|2|1|5|7|7|4|7|2|2|3|3,FALSE,2,1,
335,11,9|8|8|3|7|6|4|8|6|6|6|2|3|4|7|7|8|2|3|1|1|9|5|9|7|2|9|4|2|1|5|4|1|3|5|5,FALSE,2,1,
336,13,1|1|9|2|3|5|3|11|9|6|2|5|4|5|7|11|8|10|8|11|10|10|4|1|2|8|3|11|10|8|6|4|6|1|7|7|2|3|9|6|9|4|5|7,FALSE,2,1,
337,9,5|5|2|7|2|2|2|4|4|6|3|3|4|7|7|6|1|5|5|1|1|7|6|4|1|3|3|6,FALSE,2,1,
338,9,3|6|6|5|7|3|7|6|1|3|4|7|2|5|4|6|2|2|2|7|4|1|1|1|4|3|5|5,FALSE,2,1,
339,11,2|2|1|4|6|5|2|6|1|8|8|5|3|7|4|4|8|6|6|3|7|9|8|1|9|4|9|9|1|5|2|5|3|7|3|7,FALSE,2,1,
340,11,8|1|3|6|4|7|6|1|9|2|7|3|2|8|5|7|8|1|2|2|4|4|9|9|3|7|4|8|6|6|5|5|9|3|1|5,FALSE,2,1,
341,9,2|2|1|7|3|2|7|7|1|4|6|3|7|1|1|4|4|2|6|5|5|5|4|5|3|3|6|6,FALSE,2,1,
342,11,6|3|8|8|2|8|7|2|3|4|2|9|5|6|4|8|6|1|1|1|4|9|3|3|1|4|7|9|5|9|7|7|5|5|6|2,FALSE,2,1,
343,13,9|4|10|11|1|6|4|5|8|2|11|4|1|4|5|8|6|7|7|1|11|3|3|10|7|8|9|7|10|2|5|2|5|9|11|1|3|3|6|10|9|6|2|8,FALSE,2,1,
344,13,9|8|8|2|2|3|3|9|5|8|3|2|6|7|11|11|9|5|11|10|2|5|4|5|8|1|4|7|1|10|11|6|9|1|4|3|1|7|7|6|6|4|10|10,FALSE,2,1,
345,9,2|1|5|5|2|6|3|7|7|4|2|1|3|6|7|3|4|4|4|6|5|5|1|1|6|7|3|2,FALSE,2,1,
346,11,4|6|3|4|3|8|7|1|4|3|2|5|9|7|2|5|2|5|1|5|7|2|6|6|6|1|8|7|3|1|8|8|4|9|9|9,FALSE,2,1,
347,9,5|7|2|4|5|5|7|2|7|6|1|2|6|5|4|1|3|3|4|7|2|1|3|3|1|4|6|6,FALSE,2,1,
348,11,8|2|8|8|7|3|4|1|3|6|4|2|9|4|1|6|3|5|7|1|4|3|5|7|2|5|9|9|9|8|6|2|6|7|5|1,FALSE,2,2,
349,11,3|9|1|5|4|6|1|2|3|3|6|1|7|2|8|9|4|1|7|5|8|2|2|8|6|6|3|4|5|9|4|5|9|7|7|8,FALSE,2,1,
350,11,1|4|8|2|6|4|3|9|6|3|7|7|8|5|5|5|3|9|3|1|2|7|1|8|5|2|4|6|9|9|6|1|7|2|4|8,FALSE,2,1,
351,9,6|6|7|1|5|3|5|1|6|6|2|7|2|5|4|3|4|7|3|5|3|2|2|4|4|1|1|7,FALSE,2,1,
352,13,4|11|10|10|1|1|10|11|7|11|6|2|2|1|6|3|8|2|6|10|5|5|1|5|3|9|7|7|7|8|2|3|4|4|9|11|9|5|8|4|9|8|3|6,FALSE,2,1,
353,9,4|4|5|6|6|1|7|7|7|4|1|1|2|5|3|3|4|5|6|2|7|3|2|1|5|6|2|3,FALSE,2,1,
354,9,6|5|3|7|3|4|1|1|4|2|5|6|6|5|3|7|6|3|2|7|7|2|2|5|1|1|4|4,FALSE,2,3,
355,13,9|2|3|4|4|5|11|10|11|4|11|1|3|9|7|1|6|8|5|2|4|8|8|5|3|1|7|6|5|6|2|3|11|9|9|1|8|10|2|10|10|6|7|7,FALSE,2,1,
356,11,3|2|6|6|1|5|3|5|6|7|8|5|8|2|4|1|7|7|9|9|8|4|4|2|2|9|8|7|3|5|1|9|6|4|1|3,FALSE,2,1,
357,11,9|1|8|8|4|1|2|9|3|6|4|6|8|7|5|1|6|5|9|2|5|3|3|4|4|9|2|3|1|7|7|6|5|8|7|2,FALSE,2,1,
358,9,2|7|1|1|2|6|6|1|4|3|5|5|7|7|6|1|3|7|2|5|4|4|4|3|2|3|5|6,FALSE,2,1,
359,13,3|10|4|3|2|6|7|4|8|11|5|5|3|7|2|8|11|10|9|11|10|5|8|1|7|6|2|7|1|2|9|4|9|9|3|8|5|11|1|6|4|6|10|1,FALSE,2,1,
360,9,4|3|2|4|1|4|2|1|6|7|5|5|5|7|7|1|2|2|4|3|7|3|6|5|6|6|3|1,FALSE,2,1,
361,9,5|4|5|7|2|3|3|3|1|1|2|4|2|4|5|7|4|1|6|5|7|7|6|2|6|6|3|1,FALSE,2,1,
362,13,3|10|9|2|8|8|9|9|3|5|5|10|6|11|11|10|1|7|7|4|11|4|4|4|5|1|2|6|6|10|11|3|6|1|2|5|2|9|3|7|7|1|8|8,FALSE,2,1,
363,11,6|6|1|9|9|1|6|5|5|2|4|7|6|8|1|3|5|1|9|9|3|4|5|3|4|2|8|7|4|3|8|7|2|2|7|8,FALSE,2,1,
364,11,9|6|9|2|1|9|8|8|3|7|1|3|2|8|6|5|8|4|4|2|1|7|1|3|4|4|5|7|5|2|3|9|6|5|6|7,FALSE,2,1,
365,11,9|5|6|7|6|6|3|8|4|8|5|1|6|7|9|4|3|3|9|8|2|4|5|1|7|4|1|2|8|5|2|7|9|3|1|2,FALSE,2,1,
366,9,6|7|5|3|3|5|4|1|1|6|4|5|5|6|1|2|6|1|7|7|3|3|4|4|7|2|2|2,FALSE,2,1,
367,9,5|6|6|6|7|4|2|2|4|5|7|7|1|1|2|3|6|2|5|3|4|1|1|5|3|3|4|7,FALSE,2,1,
368,11,1|5|2|8|7|3|7|6|4|2|9|7|6|2|8|7|2|3|9|4|5|1|1|1|6|6|4|3|9|5|8|3|8|4|5|9,FALSE,2,1,
369,9,1|2|3|3|1|3|5|6|3|5|1|6|4|6|1|4|6|4|5|2|4|2|7|7|5|7|7|2,FALSE,2,1,
370,11,1|5|6|4|6|6|1|2|2|9|6|8|2|4|4|3|7|7|5|3|7|2|7|8|1|9|5|8|8|9|1|5|3|3|4|9,FALSE,2,1,
371,11,2|1|4|7|8|7|8|4|9|9|9|6|5|2|2|7|3|9|4|6|7|3|2|8|4|6|5|3|6|1|8|5|3|5|1|1,FALSE,2,1,
372,13,7|2|2|1|8|5|3|2|10|1|8|9|1|9|5|1|11|10|3|6|8|10|7|7|5|3|3|2|7|9|6|4|9|11|8|10|6|5|11|11|4|6|4|4,FALSE,2,1,
373,13,6|3|8|8|5|7|11|10|3|6|7|5|10|4|7|1|10|9|11|2|8|1|2|9|1|1|4|2|11|2|11|10|8|9|4|5|6|4|9|7|3|3|5|6,FALSE,2,1,
374,11,3|6|6|6|8|1|3|3|2|4|4|2|8|7|3|6|9|2|9|9|5|5|1|7|1|9|8|4|2|5|7|4|8|7|5|1,FALSE,2,2,
375,11,1|8|1|8|5|5|8|8|6|5|1|6|9|6|2|3|2|2|3|2|6|9|5|9|4|7|1|4|3|4|7|7|3|4|9|7,FALSE,2,1,
376,9,1|1|7|6|1|3|7|7|3|5|6|4|5|5|4|3|6|6|2|2|7|1|3|4|5|2|4|2,FALSE,2,1,
377,11,1|8|3|7|8|4|5|6|1|3|2|3|2|2|9|5|6|7|6|6|7|4|8|3|5|9|9|2|4|9|1|4|7|5|1|8,FALSE,2,1,
378,9,5|5|3|6|4|4|2|2|1|5|4|3|5|1|3|1|6|7|7|4|7|6|6|2|1|7|2|3,FALSE,2,1,
379,9,7|6|7|3|5|1|5|2|4|2|7|7|2|2|6|5|1|3|4|5|4|1|1|4|3|3|6|6,FALSE,2,1,
380,11,9|3|5|4|6|3|3|5|4|1|7|9|9|4|2|5|7|6|1|2|4|2|1|6|3|7|9|1|2|7|8|8|6|5|8|8,FALSE,2,1,
381,9,4|6|1|4|3|3|1|1|1|7|6|2|5|4|2|3|6|6|5|4|5|7|2|2|5|3|7|7,FALSE,2,1,
382,13,8|11|5|6|2|2|6|8|9|9|7|3|6|1|11|8|6|1|4|3|4|7|2|11|1|5|9|10|11|1|5|10|4|9|10|2|7|10|3|3|7|4|8|5,FALSE,2,1,
383,11,7|6|4|9|5|3|1|7|7|7|5|3|9|8|8|2|4|9|6|1|8|2|3|1|4|2|9|4|8|6|5|3|6|5|1|2,FALSE,2,1,
384,11,3|6|5|2|9|3|5|9|5|1|4|6|8|1|8|9|6|4|2|2|1|1|2|4|4|6|3|5|7|8|3|8|7|9|7|7,FALSE,2,1,
385,11,1|6|8|2|2|6|6|2|6|3|5|5|4|4|8|3|7|3|2|7|5|4|9|9|7|8|9|1|1|9|1|4|3|5|8|7,FALSE,2,1,
386,9,5|7|2|5|4|1|5|6|1|1|7|4|7|4|2|6|7|3|1|6|5|3|4|6|2|2|3|3,FALSE,2,1,
387,9,7|7|6|5|2|3|3|5|5|5|4|4|1|7|2|2|3|4|1|1|6|2|3|1|7|6|4|6,FALSE,2,1,
388,11,1|6|3|5|9|9|2|8|3|8|8|9|1|2|6|7|2|7|6|7|6|5|3|5|5|2|4|4|9|4|1|1|7|3|8|4,FALSE,2,1,
389,13,1|6|5|3|8|7|10|1|10|9|10|3|9|6|2|2|8|10|2|7|11|11|3|8|7|11|9|6|6|7|4|5|3|11|5|5|4|4|1|1|9|8|2|4,FALSE,2,1,
390,9,4|6|5|4|2|3|7|7|7|6|6|2|5|1|3|1|6|1|1|2|2|5|5|4|4|7|3|3,FALSE,2,1,
391,11,3|2|7|5|1|7|3|4|4|8|4|2|9|4|6|9|1|2|5|7|6|5|6|9|8|3|7|9|3|6|8|8|5|1|1|2,FALSE,2,1,
392,11,6|5|4|1|1|9|8|3|5|3|8|7|3|8|7|1|9|1|4|6|2|2|9|4|2|2|7|4|8|6|3|9|5|6|5|7,FALSE,2,1,
393,11,1|5|1|7|5|8|3|3|1|4|9|7|2|7|8|9|5|6|5|6|2|1|3|9|8|4|2|3|9|4|8|2|4|7|6|6,FALSE,2,1,
394,13,9|7|2|3|8|5|7|6|9|5|8|10|1|11|3|4|1|1|9|11|3|3|2|9|6|5|8|5|2|2|10|10|10|11|7|11|4|4|4|1|7|6|8|6,FALSE,2,1,
395,11,3|4|5|5|4|8|7|5|9|4|8|9|1|6|1|7|2|3|2|6|9|3|7|3|8|8|9|4|6|6|1|7|1|2|2|5,FALSE,2,1,
396,9,6|4|1|1|7|2|1|1|3|3|6|5|6|2|5|7|7|2|3|5|4|4|4|3|6|7|2|5,FALSE,2,1,
397,11,6|5|1|7|9|2|8|7|5|3|9|9|8|8|3|4|4|6|3|9|2|4|2|1|7|3|5|5|4|7|6|1|8|2|6|1,FALSE,2,1,
398,11,9|3|8|2|1|4|3|2|5|4|2|9|1|5|1|8|8|7|9|3|6|8|6|4|5|5|7|7|7|3|9|6|2|6|1|4,FALSE,2,1,
399,9,7|7|7|5|4|6|2|4|4|2|5|3|1|3|7|4|6|5|3|5|1|1|1|3|6|6|2|2,FALSE,2,1,
400,13,5|3|1|6|5|9|3|7|8|8|7|5|11|4|11|6|7|4|4|11|3|7|9|10|4|10|2|9|6|2|3|1|6|1|8|9|8|5|10|10|2|11|2|1,FALSE,2,1,
401,11,3|4|1|9|8|3|2|1|7|3|7|1|1|2|8|3|8|2|6|9|7|8|5|5|5|4|6|5|7|4|9|9|4|2|6|6,FALSE,2,1,
402,11,1|6|9|1|9|6|4|3|6|7|7|3|7|7|8|4|4|9|5|9|4|3|1|5|8|2|5|6|2|2|8|1|8|5|2|3,FALSE,2,1,
403,9,6|2|3|7|6|6|7|4|5|1|4|6|5|1|4|7|2|2|5|1|7|2|5|3|1|3|3|4,FALSE,2,1,
404,13,7|11|11|8|4|9|1|5|1|6|8|10|3|8|4|3|9|2|7|7|5|11|9|9|5|10|2|4|7|2|3|6|10|11|6|1|5|4|10|8|3|1|6|2,FALSE,2,1,
405,9,7|3|5|4|1|6|6|6|1|5|2|2|3|3|4|4|5|5|1|7|6|4|2|3|7|7|1|2,FALSE,2,1,
406,11,7|4|1|9|2|2|6|5|1|4|3|7|1|9|8|6|8|5|5|9|1|7|3|4|5|2|9|8|6|4|7|6|8|2|3|3,FALSE,2,1,
407,9,3|6|1|1|4|1|7|2|5|7|6|2|7|6|5|5|1|3|3|2|3|6|7|2|5|4|4|4,FALSE,2,1,
408,13,4|6|10|9|3|6|6|3|6|9|4|2|11|3|1|1|2|7|7|5|9|10|1|5|9|8|8|11|5|2|10|1|4|2|8|11|7|7|10|3|8|5|4|11,FALSE,2,1,
409,9,2|2|1|5|7|2|5|3|7|7|4|5|3|1|4|4|1|6|2|7|6|6|1|3|6|3|4|5,FALSE,2,1,
410,11,5|1|5|1|3|3|3|6|9|2|4|6|5|4|1|7|2|7|8|2|4|7|6|8|1|8|9|8|4|5|6|9|3|9|2|7,FALSE,2,1,
411,11,1|5|3|7|2|1|3|8|3|2|8|8|9|9|6|2|7|6|9|5|5|2|7|6|7|8|1|1|3|9|4|4|6|5|4|4,FALSE,2,1,
412,9,5|1|7|4|2|2|5|1|3|6|6|3|1|5|5|3|6|4|6|7|4|4|2|1|3|2|7|7,FALSE,2,1,
413,11,3|8|5|3|2|4|6|6|9|6|8|9|5|8|9|3|1|1|3|7|8|1|7|4|6|1|5|2|9|7|2|7|5|2|4|4,FALSE,2,1,
414,11,4|3|7|8|6|3|8|2|8|8|1|1|1|2|6|3|2|5|7|2|1|3|5|7|4|9|6|9|6|4|5|7|9|9|4|5,FALSE,2,1,
415,9,4|4|1|1|2|3|3|7|7|2|5|5|1|6|2|2|1|7|6|5|3|6|4|5|7|4|3|6,FALSE,2,1,
416,13,10|4|6|5|1|8|2|11|8|10|2|8|11|1|5|6|6|11|1|3|2|9|11|7|5|8|7|9|7|7|10|9|10|5|3|9|3|4|4|2|4|6|1|3,FALSE,2,1,
417,11,4|1|6|2|9|8|8|4|7|5|6|9|3|8|1|7|2|9|4|2|5|6|1|3|2|3|3|6|1|9|7|4|7|8|5|5,FALSE,2,1,
418,13,1|6|6|8|7|9|1|2|11|10|5|1|7|5|11|11|6|8|10|11|4|2|2|4|3|3|5|9|4|10|4|8|10|1|6|7|5|7|8|2|9|3|9|3,FALSE,2,1,
419,9,4|4|3|4|7|6|5|1|4|1|3|6|5|6|6|1|2|2|3|3|2|2|7|5|1|7|5|7,FALSE,2,1,
420,11,3|6|6|8|9|5|7|1|2|4|2|7|4|5|1|2|8|8|4|6|6|5|4|9|8|3|3|3|2|7|5|1|7|1|9|9,FALSE,2,1,
421,11,1|3|9|1|4|1|9|4|5|3|5|9|3|4|2|2|8|8|5|7|6|8|2|6|7|7|7|5|6|8|3|4|6|1|9|2,FALSE,2,1,
422,9,6|7|4|6|2|6|3|3|7|5|2|3|1|7|1|4|3|5|5|5|6|2|7|1|4|1|2|4,FALSE,2,1,
423,11,8|1|8|7|5|6|7|9|1|4|9|8|7|6|6|4|3|5|1|2|5|2|2|3|8|4|1|7|3|6|4|3|2|5|9|9,FALSE,2,1,
424,9,2|6|2|7|5|4|6|5|3|4|5|7|6|6|2|7|3|2|1|1|7|3|4|4|5|3|1|1,FALSE,2,1,
425,13,5|9|10|7|8|4|7|9|7|3|1|10|11|1|6|8|11|4|4|11|2|7|5|10|9|4|11|2|8|3|2|1|9|3|5|6|1|8|6|2|6|5|10|3,FALSE,2,1,
426,9,1|2|2|4|4|6|3|2|6|6|1|1|6|5|7|7|4|2|1|4|5|5|7|7|5|3|3|3,FALSE,2,1,
427,9,2|5|4|3|4|5|5|5|2|6|1|2|2|3|7|7|3|6|4|6|7|7|1|1|3|6|1|4,FALSE,2,1,
428,11,9|7|8|6|6|2|4|7|1|6|1|4|9|3|4|2|7|7|8|1|9|1|3|2|4|5|5|3|8|5|9|6|5|8|2|3,FALSE,2,1,
429,11,9|5|4|1|4|7|9|4|5|5|4|3|2|8|5|3|6|8|1|3|3|7|9|1|1|9|8|2|6|6|6|2|8|7|7|2,FALSE,2,1,
430,11,3|9|3|8|5|4|7|2|5|6|6|4|6|2|7|5|9|1|1|1|3|1|8|4|8|8|2|3|6|9|5|7|4|2|9|7,FALSE,2,1,
431,9,1|3|1|1|7|5|3|7|7|6|1|5|3|4|4|2|2|2|7|4|5|5|2|6|3|6|6|4,FALSE,2,1,
432,9,6|5|6|7|1|7|5|4|2|2|4|4|3|3|7|1|6|6|5|2|3|2|3|4|1|1|7|5,FALSE,2,1,
433,11,3|9|8|1|9|9|5|4|4|4|4|7|2|7|3|6|5|1|3|3|6|5|9|7|8|1|2|2|6|6|8|2|1|8|5|7,FALSE,2,1,
434,9,2|2|6|7|7|3|6|6|3|5|4|6|7|4|1|1|3|5|2|3|4|7|4|5|5|2|1|1,FALSE,2,1,
435,11,3|7|3|7|2|4|1|8|1|1|4|9|1|9|7|4|6|9|5|4|6|8|6|3|3|7|9|6|2|5|5|2|2|5|8|8,FALSE,2,1,
436,11,5|4|8|6|5|1|2|4|3|1|3|9|7|2|7|3|2|5|5|6|4|2|9|9|3|6|1|4|8|7|8|1|9|8|7|6,FALSE,2,1,
437,9,6|5|2|6|3|1|4|3|4|6|6|1|5|1|7|2|2|3|3|5|4|4|7|7|7|2|1|5,FALSE,2,1,
438,13,7|3|9|2|2|3|10|8|11|8|8|9|9|9|4|4|7|2|5|6|10|8|5|2|5|5|1|4|11|6|4|1|10|7|1|11|3|11|7|1|6|10|6|3,FALSE,2,1,
439,11,3|1|7|2|8|9|8|5|1|7|4|3|8|5|4|4|4|3|6|9|5|9|1|6|6|2|2|2|8|7|3|6|9|1|5|7,FALSE,2,1,
440,11,7|8|4|9|3|8|2|4|6|8|7|9|2|1|5|3|1|3|4|8|9|9|6|2|5|4|1|7|6|5|5|3|6|2|1|7,FALSE,2,1,
441,11,3|5|5|1|3|9|2|4|9|7|8|8|1|5|4|5|2|9|4|8|4|1|6|6|2|1|6|8|2|7|3|3|7|7|6|9,FALSE,2,1,
442,9,4|1|2|5|7|6|2|6|6|3|5|2|5|1|3|3|2|5|1|7|1|4|6|7|7|4|4|3,FALSE,2,1,
443,13,8|8|4|7|1|10|5|5|8|11|11|9|10|5|10|7|7|3|11|9|5|4|2|4|3|3|1|4|11|3|6|1|1|8|10|2|9|9|2|6|2|6|6|7,FALSE,2,1,
444,9,4|2|3|6|2|3|1|7|5|6|4|4|1|1|5|6|4|2|6|1|7|5|3|3|2|5|7|7,FALSE,2,3,
445,9,4|6|6|5|4|6|3|1|5|1|1|4|3|2|4|3|5|2|6|5|1|7|2|2|7|3|7|7,FALSE,2,1,
446,9,1|1|3|2|6|2|6|4|4|1|3|5|2|7|4|6|1|4|5|3|7|7|7|3|2|6|5|5,FALSE,2,1,
447,13,11|6|8|4|9|1|6|7|7|8|1|7|1|1|3|6|6|4|5|3|11|5|11|11|10|2|3|10|2|9|10|5|3|10|5|2|8|7|2|9|4|4|9|8,FALSE,2,1,
448,11,7|7|8|4|9|1|1|9|3|8|2|2|9|8|7|5|2|3|3|5|2|6|4|4|5|4|7|1|6|6|3|1|9|8|5|6,FALSE,2,1,
449,9,5|1|5|7|4|4|4|1|6|6|2|2|6|2|1|1|3|7|6|7|3|3|7|5|2|4|3|5,FALSE,2,1,
450,13,10|4|4|6|3|11|3|2|9|8|11|9|3|8|1|11|1|1|6|7|2|11|2|7|2|9|4|5|4|7|7|3|10|1|5|9|8|5|6|6|10|10|8|5,FALSE,2,1,
451,9,3|6|4|4|7|5|3|6|7|5|2|4|4|5|5|1|7|1|1|3|1|7|6|3|6|2|2|2,FALSE,2,1,
452,11,4|6|1|4|5|9|7|2|2|6|9|3|1|3|7|4|5|5|1|4|3|5|1|8|8|8|9|2|9|3|8|6|7|6|7|2,FALSE,2,1,
453,9,4|3|3|4|2|1|2|5|1|1|4|4|2|2|5|6|7|5|5|7|6|7|1|3|3|6|6|7,FALSE,2,1,
454,11,1|1|7|4|8|7|9|8|9|2|2|8|2|4|6|5|3|9|1|4|5|6|3|5|3|1|7|3|4|9|6|5|8|7|2|6,FALSE,2,1,
455,11,8|3|9|2|1|4|6|2|4|8|7|3|7|5|6|1|5|4|4|5|1|3|2|5|3|7|7|2|9|6|9|8|1|8|6|9,FALSE,2,1,
456,11,5|8|7|8|7|6|6|9|1|2|1|2|4|8|6|9|3|6|9|2|1|1|5|7|8|4|5|5|3|3|4|7|4|3|2|9,FALSE,2,2,
457,9,5|6|6|1|1|1|3|6|7|2|7|2|3|2|7|4|1|4|4|6|7|2|5|5|4|5|3|3,FALSE,2,1,
458,11,5|4|4|7|9|3|8|5|2|7|3|2|3|9|6|4|8|3|1|6|7|5|9|4|1|9|8|7|2|5|6|6|1|1|8|2,FALSE,2,1,
459,9,2|2|6|5|5|2|3|1|2|7|7|3|6|5|4|3|1|1|7|1|7|5|4|6|6|3|4|4,FALSE,2,1,
460,11,3|6|2|2|9|9|8|6|1|5|4|7|3|8|8|5|1|7|1|2|2|9|5|5|3|1|9|7|6|4|3|8|6|4|4|7,FALSE,2,1,
461,9,6|4|5|3|6|1|1|2|2|3|4|1|6|7|6|3|2|2|4|4|5|5|5|7|1|7|7|3,FALSE,2,1,
462,9,5|4|2|2|7|3|3|1|6|1|5|6|5|7|1|6|5|7|4|3|3|2|6|7|4|4|2|1,FALSE,2,1,
463,11,9|8|5|3|7|9|7|7|1|6|6|3|5|8|3|6|1|4|4|2|2|1|2|6|5|5|3|8|9|4|2|8|9|7|1|4,FALSE,2,1,
464,13,7|9|3|2|11|2|7|8|1|6|4|1|3|5|11|4|6|3|4|6|9|2|1|11|7|10|6|11|5|5|10|1|8|8|9|4|5|7|3|2|10|10|8|9,FALSE,2,1,
465,9,2|3|6|5|1|1|5|7|3|7|3|2|5|5|7|2|7|6|2|4|4|1|6|4|6|4|3|1,FALSE,2,1,
466,13,1|3|8|9|7|7|9|8|5|8|3|2|10|10|11|1|11|2|3|2|6|6|4|4|5|5|8|5|11|7|2|4|1|6|11|10|9|9|1|4|10|7|3|6,FALSE,2,3,
467,11,4|9|9|4|5|2|6|6|6|5|3|7|8|3|4|9|2|4|7|8|3|8|1|9|3|2|5|8|5|6|7|2|7|1|1|1,FALSE,2,1,
468,9,6|6|3|5|3|7|4|6|1|1|7|7|6|1|3|2|7|4|5|4|1|2|2|4|2|3|5|5,FALSE,2,1,
469,9,4|7|4|7|7|2|4|5|6|6|6|3|2|2|1|6|7|3|5|5|3|4|1|1|2|1|5|3,FALSE,2,1,
470,11,4|5|2|2|1|2|8|8|9|7|5|4|7|9|5|1|1|1|9|8|6|4|4|3|8|7|2|3|6|3|5|9|6|6|7|3,FALSE,2,1,
471,11,1|4|4|2|3|9|7|8|1|5|5|5|4|9|8|8|1|6|7|7|6|8|4|9|2|3|6|3|9|2|2|5|1|7|3|6,FALSE,2,1,
472,9,7|1|4|4|5|7|6|4|1|3|3|3|5|1|2|2|2|6|5|1|4|6|6|7|3|2|5|7,FALSE,2,1,
473,11,8|2|7|3|1|8|1|8|4|4|7|7|6|9|9|6|2|4|6|5|9|6|2|2|3|7|8|5|3|5|4|5|1|3|1|9,FALSE,2,1,
474,13,1|2|5|10|6|6|7|3|8|5|8|11|9|10|4|7|5|1|6|7|9|2|4|8|11|11|4|2|1|1|2|8|10|3|9|5|4|9|6|7|10|11|3|3,FALSE,2,1,
475,11,8|7|3|4|2|7|3|1|2|3|5|9|1|4|4|1|7|5|8|1|7|6|9|9|8|8|6|6|5|3|2|4|9|2|5|6,FALSE,2,1,
476,9,3|2|4|7|6|7|2|2|4|5|5|2|4|7|5|6|4|7|5|3|3|3|1|1|6|6|1|1,FALSE,2,1,
477,9,1|6|4|1|2|4|3|3|6|1|5|4|3|2|7|7|7|7|1|5|2|5|6|6|4|3|2|5,FALSE,2,1,
478,9,5|5|7|4|3|3|3|5|1|6|4|5|2|7|4|1|4|6|2|2|3|7|1|6|7|1|6|2,FALSE,2,1,
479,11,4|3|2|9|1|4|6|4|1|2|7|8|9|2|8|9|8|4|6|1|6|8|9|7|3|1|5|3|3|6|5|5|2|7|7|5,FALSE,2,1,
480,9,5|6|5|1|6|6|4|7|3|1|5|2|1|7|1|3|5|3|2|4|2|2|4|6|7|7|3|4,FALSE,2,1,
481,9,2|1|4|7|7|1|7|6|4|3|4|4|3|5|3|1|1|5|3|2|6|6|7|6|5|5|2|2,FALSE,2,1,
482,11,1|4|3|1|1|1|7|6|2|4|5|4|9|9|6|2|7|2|2|3|8|8|5|7|9|3|9|4|7|5|8|6|3|8|6|5,FALSE,2,1,
483,9,5|5|1|5|4|7|4|6|2|2|3|6|7|1|4|3|2|2|3|5|3|1|7|6|4|7|1|6,FALSE,2,1,
484,9,4|6|6|3|5|2|5|7|7|3|5|4|1|4|7|6|2|7|3|1|4|5|2|2|1|1|3|6,FALSE,2,1,
485,11,9|5|8|4|7|1|7|3|9|3|2|7|1|2|9|2|3|8|8|5|1|6|5|1|8|9|6|5|6|6|4|7|3|2|4|4,FALSE,2,1,
486,9,5|5|3|6|5|6|3|7|6|2|1|1|6|1|3|2|3|1|4|4|7|5|7|4|4|7|2|2,FALSE,2,1,
487,11,1|7|3|2|6|9|3|6|2|7|5|5|8|8|1|4|9|9|3|4|8|6|2|2|9|1|5|7|5|8|4|7|1|6|4|3,FALSE,2,1,
488,11,4|6|2|6|5|8|8|5|8|3|6|5|2|5|1|8|4|4|4|3|7|1|1|9|9|9|3|9|2|3|7|7|1|7|6|2,FALSE,2,1,
489,9,2|2|7|7|3|3|6|1|6|2|1|3|4|1|3|5|1|2|7|7|5|6|4|5|4|4|6|5,FALSE,2,1,
490,9,4|7|3|5|3|3|3|5|5|7|4|4|5|6|1|1|1|2|4|6|1|7|6|2|7|6|2|2,FALSE,2,1,
491,11,3|1|6|5|7|6|5|8|8|2|2|2|9|5|7|4|3|4|3|9|2|6|8|5|6|9|4|1|9|1|3|7|4|8|7|1,FALSE,2,1,
492,11,5|1|1|2|6|4|6|9|7|5|8|3|2|5|5|4|8|7|1|1|7|3|3|8|9|9|2|6|6|4|3|7|2|9|4|8,FALSE,2,1,
493,11,1|7|1|6|3|7|8|9|2|2|3|9|6|8|7|3|5|1|3|5|5|1|4|4|9|9|6|4|7|8|2|2|4|8|6|5,FALSE,2,1,
494,9,3|2|5|6|6|1|5|1|5|1|6|7|4|2|3|7|7|7|2|5|6|2|4|4|1|3|3|4,FALSE,2,2,
495,9,4|4|2|4|6|3|5|7|1|1|3|2|5|7|5|6|3|4|2|2|3|6|5|7|7|1|1|6,FALSE,2,1,
496,9,3|5|2|3|7|3|1|5|7|7|1|1|2|4|6|6|7|6|6|2|4|2|5|4|3|5|4|1,FALSE,2,1,
497,9,3|1|5|6|2|1|7|3|3|2|7|2|6|2|6|4|3|6|7|1|1|5|7|4|5|5|4|4,FALSE,2,1,
498,9,2|6|7|4|5|5|4|3|4|1|2|2|7|7|1|4|3|2|3|5|1|1|6|6|6|7|3|5,FALSE,2,1,
499,11,4|4|1|9|1|2|8|8|2|5|4|6|1|7|3|1|3|3|7|4|7|9|7|9|9|5|6|8|8|6|5|3|5|6|2|2,FALSE,2,1,
500,11,6|8|8|2|5|5|7|2|1|9|8|6|7|4|9|5|1|9|7|4|4|5|4|1|7|8|3|3|9|3|2|6|1|2|3|6,FALSE,2,1,
501,9,1|5|6|1|5|6|1|6|2|2|6|3|7|2|3|3|1|7|7|4|2|3|7|5|4|4|4|5,FALSE,2,1,
502,9,4|7|3|1|2|1|5|4|3|2|5|4|1|6|3|7|7|7|1|3|5|5|6|6|4|2|2|6,FALSE,2,1,
503,11,7|5|7|4|9|9|5|8|2|4|9|6|5|6|5|1|4|7|3|6|8|1|6|8|3|4|2|3|7|2|8|9|1|1|3|2,FALSE,2,3,
504,11,8|3|9|3|5|8|8|7|7|7|7|4|5|3|2|1|9|9|6|6|4|4|9|5|1|8|6|1|2|3|4|2|5|6|1|2,FALSE,2,1,
505,11,6|6|6|5|2|4|3|3|5|5|4|1|7|1|2|8|9|9|9|2|9|3|1|2|8|7|7|4|1|5|3|8|4|7|8|6,FALSE,2,1,
506,9,2|4|2|5|6|4|1|1|3|1|3|6|7|2|3|1|6|7|7|7|4|4|6|5|3|2|5|5,FALSE,2,2,
507,9,2|4|1|1|5|3|7|6|3|6|6|6|5|7|4|4|4|7|7|5|2|2|2|1|3|1|3|5,FALSE,2,1,
508,11,7|4|4|4|2|6|6|8|3|2|9|6|7|1|3|7|6|8|3|5|4|9|5|8|2|8|2|7|1|5|1|1|5|3|9|9,FALSE,2,1,
509,9,7|7|5|6|4|6|3|4|4|1|1|7|3|6|3|6|7|3|1|5|4|5|2|1|5|2|2|2,FALSE,2,2,
510,11,7|2|5|5|9|6|4|2|1|8|3|7|4|5|6|3|8|4|1|9|6|3|7|7|3|6|9|5|9|8|4|1|2|2|1|8,FALSE,2,1,
511,11,6|8|4|5|9|2|3|9|2|1|2|5|9|8|2|4|7|3|6|5|1|9|4|5|8|7|7|3|4|8|1|3|6|6|1|7,FALSE,2,3,
512,11,7|2|6|4|8|9|2|3|3|6|4|4|2|9|3|2|5|1|5|9|9|5|5|6|7|7|1|1|6|1|8|8|4|7|3|8,FALSE,2,1,
513,11,1|1|5|2|8|4|4|7|7|3|1|7|1|8|8|8|5|9|6|5|6|2|6|2|4|9|3|6|2|9|9|7|3|4|3|5,FALSE,2,1,
514,9,7|2|5|5|6|3|4|3|1|1|5|7|5|1|6|2|6|2|1|6|3|2|4|4|4|7|7|3,FALSE,2,1,
515,11,4|3|7|8|9|6|6|7|1|2|6|8|2|4|3|3|9|4|2|5|3|4|1|5|1|5|9|2|9|1|7|5|6|8|8|7,FALSE,2,1,
516,9,2|1|2|3|1|2|2|1|5|4|6|7|6|5|4|3|7|4|4|6|3|3|6|1|7|7|5|5,FALSE,2,1,
517,9,2|4|5|2|7|5|7|6|3|3|3|2|2|1|6|6|6|1|5|1|3|4|7|7|4|4|1|5,FALSE,2,1,
518,11,7|9|6|1|4|4|9|6|1|8|1|7|3|7|8|2|3|6|5|3|7|4|9|9|5|1|2|6|8|2|3|2|5|4|8|5,FALSE,2,1,
519,9,2|3|6|7|4|3|2|2|5|4|5|5|5|7|1|4|1|6|6|7|1|1|3|4|7|6|3|2,FALSE,2,3,
520,11,4|2|8|4|9|4|5|4|8|2|8|7|7|6|6|3|8|1|1|3|6|9|2|9|5|3|3|5|5|9|1|7|6|7|2|1,FALSE,2,1,
521,11,2|1|6|4|5|9|2|7|7|9|3|5|1|8|1|6|3|7|5|3|8|4|2|8|9|7|9|5|4|4|1|6|8|3|6|2,FALSE,2,1,
522,9,3|4|1|5|2|6|6|1|1|1|3|3|6|5|6|4|5|7|2|2|2|7|4|4|5|7|3|7,FALSE,2,1,
523,9,3|7|3|3|7|3|5|1|1|6|5|5|7|6|6|2|7|1|6|1|2|4|4|2|2|4|4|5,FALSE,2,1,
524,11,4|9|2|4|2|8|8|4|1|9|1|7|9|9|8|7|4|1|7|6|5|6|3|6|7|5|3|6|2|5|3|2|8|5|1|3,FALSE,2,1,
525,9,4|7|2|2|3|4|2|5|5|6|1|4|6|6|2|1|5|5|1|1|4|3|7|7|3|3|7|6,FALSE,2,1,
526,11,3|6|5|8|4|1|3|3|5|4|1|9|2|5|8|8|8|7|6|6|2|4|9|2|9|6|1|4|3|2|7|7|7|5|9|1,FALSE,2,1,
527,11,4|5|9|8|3|8|2|6|7|2|3|8|1|7|9|6|3|7|7|2|6|9|5|1|4|5|9|1|5|4|3|8|2|1|4|6,FALSE,2,1,
528,11,9|8|6|5|7|2|3|3|3|8|9|6|8|1|7|2|4|7|4|8|2|6|1|5|2|5|7|4|9|6|9|5|1|1|4|3,FALSE,2,1,
529,9,5|2|3|4|6|3|2|5|4|4|6|4|1|5|6|3|7|1|7|2|2|1|1|3|6|7|7|5,FALSE,2,1,
530,11,7|9|8|9|5|5|7|7|2|1|7|2|2|8|4|6|8|8|4|6|9|3|9|5|3|2|3|4|6|6|1|5|4|1|1|3,FALSE,2,1,
531,9,7|4|1|7|1|1|2|6|3|4|4|1|2|2|2|7|6|3|5|5|3|5|5|6|4|7|3|6,FALSE,2,1,
532,11,9|3|1|7|1|2|4|3|1|5|8|4|6|8|9|2|5|6|3|4|9|6|3|8|5|5|2|6|9|4|7|7|1|7|8|2,FALSE,2,1,
533,9,2|1|1|6|4|6|3|5|5|1|4|6|7|7|7|2|5|2|5|3|6|2|3|7|1|4|3|4,FALSE,2,1,
534,11,5|6|1|6|4|4|3|8|1|5|8|8|3|3|2|5|7|7|9|7|9|7|2|8|4|6|2|3|4|9|2|1|1|5|9|6,FALSE,2,1,
535,11,2|1|2|5|3|5|4|3|3|1|4|6|9|4|1|5|9|7|3|6|8|6|2|5|9|2|1|4|7|7|8|8|7|8|6|9,FALSE,2,1,
536,9,3|3|4|1|7|2|1|1|1|6|6|3|7|7|2|4|4|6|5|4|5|5|2|7|2|5|6|3,FALSE,2,1,
537,9,4|7|4|3|5|4|1|1|3|2|2|3|7|4|2|1|7|3|5|6|1|2|7|5|6|6|6|5,FALSE,2,1,
538,11,9|6|3|3|5|3|7|2|7|1|5|5|4|5|1|9|9|1|8|7|8|8|7|4|4|6|2|2|1|4|6|8|9|3|2|6,FALSE,2,1,
539,11,1|1|4|5|5|5|2|1|5|6|3|9|7|6|2|2|9|4|2|6|3|9|1|7|7|6|9|8|8|8|8|4|3|7|4|3,FALSE,2,1,
540,9,6|2|5|7|1|5|6|7|6|3|3|4|3|3|7|2|5|1|2|4|7|1|5|6|2|4|4|1,FALSE,2,1,
541,11,4|7|9|1|1|9|6|8|2|8|2|1|1|4|8|7|4|4|5|5|2|7|3|2|6|3|5|5|3|9|7|9|6|3|6|8,FALSE,2,1,
542,9,4|4|2|7|1|3|5|1|5|5|4|3|3|7|7|1|6|1|2|6|5|2|2|3|4|6|6|7,FALSE,2,1,
543,11,3|7|5|6|4|3|3|9|4|1|5|6|2|8|2|7|2|6|7|4|5|1|1|9|1|2|8|6|8|8|9|3|9|4|5|7,FALSE,2,2,
544,11,8|7|2|7|5|4|6|4|9|5|4|5|4|2|5|8|1|9|1|9|7|3|3|3|1|2|2|6|3|8|8|6|1|6|9|7,FALSE,2,3,
545,9,4|3|4|2|3|1|1|1|6|5|5|6|7|5|2|4|5|7|3|2|1|6|7|3|6|7|4|2,FALSE,2,1,
546,11,9|1|8|7|5|4|4|7|6|5|9|2|4|5|8|7|7|1|3|2|6|2|9|1|6|6|8|2|3|8|1|4|9|3|3|5,FALSE,2,1,
547,9,5|4|2|3|3|2|7|6|1|6|5|2|7|7|4|4|3|1|1|1|3|7|2|5|4|6|6|5,FALSE,2,1,
548,11,9|2|9|5|3|7|6|6|1|1|7|4|1|5|8|5|2|1|9|4|7|8|7|9|3|8|2|6|3|3|5|2|6|8|4|4,FALSE,2,1,
549,9,1|1|4|1|5|4|4|4|3|6|6|3|7|7|2|2|3|1|6|3|6|7|5|2|5|7|2|5,FALSE,2,1,
550,11,1|4|3|4|3|1|3|5|9|9|6|7|8|2|6|1|3|4|4|6|9|2|2|8|9|5|5|2|7|7|1|7|8|6|5|8,FALSE,2,2,
551,11,8|4|1|5|3|8|2|4|8|4|6|9|5|4|2|7|2|2|3|9|7|6|1|3|7|7|1|6|5|5|6|8|9|3|1|9,FALSE,2,1,
552,9,1|2|3|6|4|6|2|1|7|2|2|4|5|7|1|4|5|4|3|3|1|7|7|5|6|6|5|3,FALSE,2,1,
553,9,4|2|7|4|1|6|6|1|4|3|1|7|5|3|6|1|6|4|2|5|3|3|7|2|2|7|5|5,FALSE,2,1,
554,11,8|4|8|7|2|1|1|4|7|8|3|3|9|2|6|7|9|9|5|6|8|4|4|3|6|1|1|5|5|9|2|6|5|2|3|7,FALSE,2,1,
555,9,3|3|1|1|2|6|6|4|7|4|1|3|1|2|3|5|2|7|7|6|6|5|4|4|2|7|5|5,FALSE,2,1,
556,11,8|2|5|4|1|7|6|1|9|9|5|3|5|6|6|2|2|1|2|3|3|5|7|9|8|8|6|8|7|1|4|3|7|4|4|9,FALSE,2,1,
557,9,7|2|5|4|7|5|6|6|7|3|5|2|1|1|4|4|2|3|1|4|6|3|7|2|6|5|1|3,FALSE,2,1,
558,11,5|1|7|3|6|9|7|7|3|2|6|9|4|5|5|1|9|8|3|2|3|8|7|6|1|2|6|4|2|4|4|9|8|8|5|1,FALSE,2,1,
559,9,1|5|6|6|7|7|1|3|1|1|6|2|2|3|5|5|4|7|4|6|2|4|3|5|4|2|3|7,FALSE,2,1,
560,11,2|9|6|4|3|5|5|6|1|3|8|2|7|4|6|3|9|1|9|7|7|5|5|6|3|9|4|4|8|2|2|8|8|7|1|1,FALSE,2,1,
561,11,2|3|6|2|8|9|4|9|3|7|7|4|5|1|5|6|5|2|8|3|7|8|7|6|5|9|2|8|4|4|1|3|6|9|1|1,FALSE,2,1,
562,9,7|4|4|4|1|3|6|1|1|2|2|1|7|7|2|6|2|5|3|6|3|5|5|5|4|6|7|3,FALSE,2,1,
563,11,9|5|1|4|4|4|9|1|7|3|8|8|9|6|2|1|6|2|8|7|5|5|2|9|4|1|5|8|6|7|7|3|3|2|3|6,FALSE,2,1,
564,11,2|3|7|5|8|8|6|6|4|6|8|1|2|3|8|2|5|9|9|1|5|1|1|3|7|4|9|3|6|4|5|9|4|2|7|7,FALSE,2,1,
565,9,5|1|5|7|4|4|5|1|7|3|3|3|7|6|1|4|2|2|5|2|2|7|6|4|6|6|3|1,FALSE,2,1,
566,9,3|5|3|4|1|1|2|2|5|2|5|3|2|5|6|1|7|4|4|4|6|3|7|7|7|6|1|6,FALSE,2,3,
567,11,4|5|7|2|8|8|9|9|7|1|3|7|6|4|1|1|5|7|6|6|2|1|5|2|4|6|4|3|8|9|8|5|2|3|3|9,FALSE,2,1,
568,11,7|3|9|6|9|4|7|6|5|5|3|8|9|2|6|5|2|5|7|3|2|4|1|3|8|4|9|6|8|8|2|1|4|7|1|1,FALSE,2,1,
569,9,6|6|7|2|4|4|7|5|5|2|5|7|1|4|6|4|3|5|1|2|1|1|3|6|3|3|7|2,FALSE,2,1,
570,11,7|8|6|8|5|3|1|4|1|8|7|4|4|1|6|6|2|5|1|3|6|8|2|3|9|3|7|9|7|4|5|5|9|9|2|2,FALSE,2,1,
571,11,9|8|3|9|6|2|1|3|4|3|8|6|8|5|8|4|3|5|4|7|7|4|9|2|5|1|7|6|7|1|6|9|1|5|2|2,FALSE,2,2,
572,9,4|4|6|1|1|1|7|3|5|3|7|5|3|3|5|2|2|6|4|1|4|7|6|7|2|2|5|6,FALSE,2,1,
573,9,7|2|6|3|7|4|6|2|1|4|5|2|3|2|4|6|7|7|5|1|1|1|3|3|4|6|5|5,FALSE,2,1,
574,11,2|2|3|6|1|7|8|3|9|9|2|6|6|5|5|1|1|2|8|5|8|3|4|9|1|6|3|4|9|8|5|4|7|7|4|7,FALSE,2,3,
575,9,2|5|5|3|1|3|2|2|6|1|6|1|1|4|7|7|5|6|4|2|7|7|5|3|3|4|6|4,FALSE,2,1,
576,11,1|2|9|1|6|4|6|8|6|2|1|7|3|6|5|9|7|7|4|8|7|2|3|3|8|4|4|9|3|2|8|5|9|1|5|5,FALSE,2,1,
577,11,1|5|8|4|9|3|9|4|2|2|2|6|8|5|8|2|1|3|9|6|8|7|7|1|4|4|6|7|5|1|7|5|3|3|6|9,FALSE,2,1,
578,11,8|8|5|8|7|6|7|9|5|4|5|6|4|1|3|5|1|9|9|1|7|3|1|2|2|3|4|4|9|2|8|6|7|3|6|2,FALSE,2,1,
579,9,2|5|1|1|3|6|7|5|4|6|6|2|3|3|6|4|7|7|2|2|5|7|1|5|1|4|4|3,FALSE,2,1,
580,9,7|5|1|6|3|6|5|4|7|3|2|3|4|2|1|5|2|4|3|1|5|7|2|6|4|7|6|1,FALSE,2,1,
581,9,6|4|1|7|1|7|3|6|4|2|6|3|7|1|5|5|5|3|7|2|4|1|2|6|2|5|4|3,FALSE,2,1,
582,9,6|4|1|1|2|5|4|3|1|5|4|2|5|6|3|3|7|3|6|7|2|1|6|5|4|2|7|7,FALSE,2,1,
583,11,9|3|1|7|3|9|5|5|7|1|4|9|4|5|2|3|8|4|7|5|1|6|2|1|4|8|6|8|3|2|7|6|8|9|2|6,FALSE,2,1,
584,11,1|8|6|1|7|2|1|4|8|2|4|8|3|5|9|9|1|6|8|2|5|3|7|4|6|7|3|5|3|7|9|4|6|2|5|9,FALSE,2,1,
585,11,1|2|9|4|9|6|1|9|8|3|5|5|5|4|1|4|7|1|8|6|8|2|6|3|6|4|2|7|2|3|9|8|3|5|7|7,FALSE,2,1,
586,11,1|2|6|7|5|2|8|6|3|2|7|1|5|2|3|6|9|4|7|3|4|5|8|8|5|9|1|9|7|8|9|4|4|3|6|1,FALSE,2,1,
587,9,1|5|2|3|5|3|6|2|7|6|4|6|2|7|1|4|3|4|1|7|6|2|5|3|7|5|1|4,FALSE,2,1,
588,11,8|1|5|3|2|3|4|6|7|6|9|9|8|9|1|4|5|6|2|2|8|3|4|7|9|8|3|1|4|5|6|7|1|2|7|5,FALSE,2,1,
589,9,2|3|7|1|4|6|5|2|6|5|4|3|3|7|2|3|5|6|1|4|6|4|1|1|5|7|2|7,FALSE,2,1,
590,11,3|9|6|4|5|3|2|1|7|6|5|8|1|8|2|5|7|2|1|3|7|6|9|1|2|5|4|4|4|7|6|8|3|8|9|9,FALSE,2,1,
591,11,2|8|9|5|8|1|5|4|6|3|9|9|2|7|3|3|6|1|2|5|8|5|4|6|9|4|6|1|2|1|7|7|7|3|4|8,FALSE,2,1,
592,9,3|7|6|7|2|3|4|5|2|6|5|1|5|6|2|5|4|1|7|1|6|7|3|3|2|1|4|4,FALSE,2,2,
593,11,6|7|4|7|8|4|7|2|9|6|2|9|1|9|5|5|3|4|9|1|7|3|2|3|2|8|4|5|5|1|8|6|6|1|8|3,FALSE,2,1,
594,9,4|5|1|5|6|7|1|1|7|4|5|3|4|6|2|2|7|4|2|7|3|1|6|3|2|3|6|5,FALSE,2,1,
595,9,2|1|4|6|7|3|4|4|7|6|1|2|5|6|7|4|2|7|1|5|1|6|3|3|2|3|5|5,FALSE,2,1,
596,11,2|9|8|3|3|4|1|4|4|3|5|5|6|2|5|9|8|7|3|1|7|2|1|2|5|7|4|6|8|7|9|9|8|1|6|6,FALSE,2,1,
597,11,5|1|8|2|8|5|4|8|3|7|5|1|6|4|1|4|4|2|9|1|3|2|7|7|3|7|6|5|2|6|9|6|3|9|8|9,FALSE,2,1,
598,9,1|2|3|5|6|5|3|7|7|1|2|2|2|5|4|3|5|6|4|4|6|1|3|7|4|6|7|1,FALSE,2,1,
599,11,6|3|4|5|6|3|4|3|8|9|7|4|3|8|2|2|7|1|9|4|6|5|8|5|1|8|6|9|5|7|1|1|7|9|2|2,FALSE,2,1,
600,9,3|2|5|1|3|7|2|3|4|1|6|7|6|4|3|6|7|4|1|5|7|6|2|1|4|2|5|5,FALSE,2,1,
601,11,8|1|5|2|7|3|4|2|6|7|4|4|1|6|5|5|6|9|1|1|6|9|2|5|9|8|3|7|8|3|9|2|3|4|8|7,FALSE,2,3,
602,9,6|1|7|5|3|6|5|3|4|7|2|4|1|3|2|4|3|4|2|1|7|6|5|5|1|6|7|2,FALSE,2,1,
603,11,4|3|7|7|5|9|3|1|1|6|2|2|6|8|3|1|4|3|8|5|2|6|9|9|4|1|6|4|8|5|2|7|5|9|8|7,FALSE,2,1,
604,11,3|2|8|3|6|5|7|4|8|7|2|1|2|4|9|5|9|3|6|5|7|8|9|2|6|9|8|3|7|1|6|4|4|5|1|1,FALSE,2,1,
605,11,8|6|4|2|6|7|4|1|5|2|1|9|9|8|3|7|4|3|5|5|8|2|1|6|7|8|3|6|9|7|4|5|3|2|9|1,FALSE,2,1,
606,11,5|6|1|8|8|3|4|9|2|9|5|9|9|8|2|2|6|3|7|7|5|1|4|6|1|7|3|4|7|8|5|6|2|3|4|1,FALSE,2,1,
607,9,1|6|3|1|1|4|5|7|5|4|2|6|3|7|2|2|6|5|3|4|4|6|7|3|5|1|2|7,FALSE,2,1,
608,9,6|4|3|2|6|3|7|5|2|5|6|4|2|7|4|5|3|7|1|2|7|6|1|3|5|4|1|1,FALSE,2,1,
609,11,4|7|3|4|6|5|4|4|7|1|9|1|1|7|8|3|6|3|9|1|8|3|2|9|7|5|2|2|8|5|6|6|8|2|9|5,FALSE,2,1,
610,9,6|3|1|5|1|7|2|6|5|1|7|4|1|4|2|4|4|5|7|6|2|3|6|7|2|5|3|3,FALSE,2,1,
611,11,6|3|5|7|6|7|2|1|4|5|7|6|8|1|2|3|5|6|7|9|4|1|3|3|1|8|4|5|9|8|2|2|4|9|8|9,FALSE,2,1,
612,9,1|6|7|1|7|3|6|4|6|4|5|7|7|2|6|4|5|1|3|3|4|5|2|1|3|2|5|2,FALSE,2,1,
613,11,1|4|8|7|4|7|8|5|1|2|3|3|6|1|9|2|8|3|2|8|3|1|7|9|2|6|4|5|9|5|6|4|6|7|5|9,FALSE,2,1,
614,11,2|5|3|7|8|4|6|2|4|1|8|2|9|7|8|1|9|7|4|5|6|8|4|3|6|1|3|6|2|5|9|3|1|9|7|5,FALSE,2,1,
615,9,3|7|4|5|6|7|2|5|6|5|4|3|7|2|6|7|5|4|1|1|1|6|3|2|2|3|4|1,FALSE,2,1,
616,9,4|6|5|5|7|6|3|2|1|5|3|1|5|3|6|6|2|4|1|1|2|7|3|7|2|7|4|4,FALSE,2,1,
617,11,4|2|5|7|4|2|1|4|5|1|6|3|2|3|6|8|6|5|7|8|3|1|7|2|8|6|5|3|4|7|9|9|8|9|1|9,FALSE,2,1,
618,11,6|9|5|5|9|5|1|1|7|2|3|3|1|8|4|7|8|4|9|3|6|3|5|6|2|1|7|2|9|4|8|7|8|4|2|6,FALSE,2,1,
619,9,1|5|3|6|1|3|6|1|7|6|5|4|7|2|1|2|5|7|4|2|7|6|4|5|4|2|3|3,FALSE,2,1,
620,11,4|7|6|5|3|5|8|2|8|2|1|9|3|6|5|5|3|2|4|9|7|1|2|7|8|4|7|1|3|4|8|6|6|1|9|9,FALSE,2,1,
621,11,7|3|1|8|8|2|7|1|3|5|4|2|8|9|4|8|5|1|6|3|2|4|9|9|4|6|7|6|1|7|6|5|9|5|3|2,FALSE,2,1,
622,11,6|4|1|1|8|3|6|6|7|5|2|9|8|5|4|6|5|2|1|8|8|3|7|4|9|3|2|7|9|4|5|7|3|9|2|1,FALSE,2,1,
623,9,3|5|4|4|7|1|2|5|2|1|3|3|7|2|1|4|6|7|5|7|3|6|4|5|2|1|6|6,FALSE,2,1,
624,9,7|6|3|6|5|1|7|4|2|4|7|1|1|2|4|5|6|4|1|2|5|6|2|3|7|5|3|3,FALSE,2,1,
625,11,2|4|8|3|9|1|6|8|4|7|1|7|3|2|5|7|7|9|6|8|5|3|9|1|5|4|6|4|5|8|2|2|1|6|3|9,FALSE,2,1,
626,9,5|7|3|4|2|3|5|5|3|1|4|6|4|1|2|2|1|6|7|7|2|4|3|6|6|1|5|7,FALSE,2,1,
627,11,8|2|7|5|9|2|7|1|9|4|2|8|8|6|3|4|8|1|9|3|1|4|5|3|3|4|6|9|6|5|1|6|5|2|7|7,FALSE,2,1,
628,9,6|7|4|4|5|2|4|1|5|3|2|3|4|2|3|5|7|1|6|6|3|5|1|7|2|1|7|6,FALSE,2,1,
629,9,3|4|5|5|4|2|6|1|6|2|4|2|1|3|5|6|2|6|7|7|1|3|4|5|1|3|7|7,FALSE,2,1,
630,11,2|7|1|8|4|2|3|1|2|9|5|9|3|4|8|6|5|4|7|7|9|6|3|1|7|8|6|1|9|5|4|8|2|5|6|3,FALSE,2,1,
631,11,4|9|7|4|1|8|7|4|2|1|5|8|8|2|6|6|9|5|2|1|4|9|3|3|1|6|9|7|5|7|2|3|8|6|5|3,FALSE,2,1,
632,9,1|4|6|6|4|2|5|7|5|6|7|7|7|3|4|5|3|4|2|3|1|3|5|1|2|1|6|2,FALSE,2,1,
633,9,2|6|4|6|5|7|6|2|3|4|5|5|4|1|2|3|2|7|1|1|3|5|7|3|4|6|1|7,FALSE,2,1,
634,9,2|3|5|7|4|1|3|7|2|3|1|4|3|1|6|6|6|5|4|4|5|7|1|2|5|2|6|7,FALSE,2,1,
635,11,6|1|3|4|2|4|9|8|9|1|2|6|4|5|3|2|5|2|6|5|8|7|3|8|7|8|6|7|4|9|1|5|9|7|1|3,FALSE,2,1,
636,11,3|2|6|8|5|7|2|3|1|6|4|7|4|5|1|6|6|1|8|2|3|9|2|5|9|4|7|7|5|1|8|8|3|4|9|9,FALSE,2,1,
637,11,6|4|7|2|4|3|1|5|9|1|3|3|5|8|6|9|1|5|2|4|3|4|8|2|7|6|5|2|8|1|9|8|6|9|7|7,FALSE,2,1,
638,11,7|4|8|8|9|4|3|2|7|8|2|2|3|6|5|5|9|1|8|4|1|6|3|7|5|3|1|6|2|9|1|7|5|9|4|6,FALSE,2,1,
639,9,7|5|2|1|3|1|6|6|2|3|1|4|1|2|7|4|4|5|6|3|2|4|5|7|5|3|7|6,FALSE,2,1,
640,11,7|6|9|5|8|1|5|8|5|1|4|4|6|7|4|9|7|6|3|9|3|1|2|7|1|8|2|6|3|2|5|4|8|9|2|3,FALSE,2,1,
641,11,2|8|1|1|1|8|2|6|7|5|4|9|1|2|6|7|5|6|3|3|6|4|8|4|8|2|5|3|7|9|5|7|4|9|3|9,FALSE,2,1,
642,11,6|1|7|2|2|7|4|9|2|3|9|3|7|6|5|5|7|8|6|6|8|4|1|8|3|4|2|9|3|1|5|4|8|1|5|9,FALSE,2,1,
643,9,2|7|5|1|6|4|5|2|7|3|6|6|1|3|2|2|7|1|4|4|7|4|5|3|5|3|6|1,FALSE,2,1,
644,9,5|3|1|2|2|7|3|4|3|7|4|1|5|3|6|5|6|4|2|2|4|1|7|5|7|1|6|6,FALSE,2,1,
645,11,3|9|4|7|5|1|6|7|2|3|4|1|3|4|8|2|6|5|2|3|6|9|5|2|6|9|5|8|8|7|9|8|7|4|1|1,FALSE,2,1,
646,11,4|5|6|8|4|7|9|6|3|2|7|4|6|2|7|9|4|3|1|8|1|6|3|3|5|9|2|9|7|8|1|5|8|5|1|2,FALSE,2,1,
647,9,1|3|5|4|6|2|5|1|6|7|1|4|2|7|5|2|3|7|4|1|7|2|6|3|6|3|5|4,FALSE,2,1,
648,9,5|7|6|7|4|2|3|5|7|4|1|6|1|5|2|2|4|1|6|3|5|3|7|2|6|4|1|3,FALSE,2,1,
649,9,3|7|1|4|6|3|7|5|4|2|6|6|2|1|3|4|3|2|5|6|1|7|4|5|2|1|7|5,FALSE,2,1,
650,11,9|2|3|7|9|5|6|6|2|5|1|6|5|3|6|7|1|2|8|5|8|4|2|9|4|7|3|4|1|4|9|8|8|3|7|1,FALSE,2,1,
651,11,4|9|6|3|7|6|8|1|5|3|9|7|4|8|9|3|6|2|7|1|4|7|5|4|9|1|2|6|2|8|1|2|5|3|8|5,FALSE,2,1,
652,9,1|6|7|3|3|5|7|3|2|7|5|2|4|1|6|4|5|2|4|5|7|3|1|6|2|4|6|1,FALSE,2,1,
653,11,7|5|8|8|4|1|2|2|9|3|5|5|7|4|6|7|5|7|3|2|3|6|8|9|1|9|4|2|1|8|3|6|6|4|9|1,FALSE,2,1,
654,9,3|4|6|4|4|1|5|3|7|6|1|5|5|3|1|5|4|6|2|2|2|3|7|1|2|6|7|7,FALSE,2,1,
655,11,6|1|3|6|9|4|7|7|8|3|2|8|6|4|5|3|1|5|4|1|4|8|9|7|5|6|2|9|2|9|3|7|5|2|8|1,FALSE,2,1,
656,9,4|3|5|7|6|3|5|2|2|1|4|6|5|6|2|3|1|4|3|1|5|1|7|2|4|7|6|7,FALSE,2,1,
657,11,9|1|8|4|4|8|9|6|1|4|6|1|8|5|2|7|6|2|5|3|3|9|2|6|2|3|1|5|8|4|7|7|3|5|7|9,FALSE,2,1,
658,11,7|5|8|8|2|3|9|2|7|5|9|6|9|5|7|4|6|1|2|8|6|3|1|3|3|9|5|2|4|1|6|4|7|8|4|1,FALSE,2,1,
659,9,6|3|4|5|5|3|4|1|4|3|1|7|2|6|5|7|4|6|2|2|3|2|7|1|6|1|7|5,FALSE,2,1,
660,11,6|9|4|5|1|5|7|1|5|4|6|8|4|7|3|3|3|1|9|5|2|3|4|8|9|1|2|7|2|8|9|8|6|2|7|6,FALSE,2,1,
661,11,4|6|8|1|5|8|7|5|1|7|4|6|6|1|3|4|9|6|8|9|7|5|2|9|2|5|3|4|8|3|2|9|1|2|7|3,FALSE,2,1,
662,9,4|3|1|5|6|5|2|6|5|2|7|3|7|1|3|7|7|4|2|4|2|6|1|5|1|4|3|6,FALSE,2,2,
663,9,5|7|1|2|1|4|6|1|4|3|5|5|3|1|6|2|3|2|6|6|3|7|2|7|5|7|4|4,FALSE,2,1,
664,11,4|5|7|3|9|7|3|2|2|4|1|7|7|3|6|2|8|6|9|8|9|5|8|1|9|1|2|6|1|4|3|5|6|8|5|4,FALSE,2,1,
665,9,4|5|2|1|7|3|5|4|2|5|7|2|4|3|6|1|7|2|5|1|3|6|4|3|7|1|6|6,FALSE,2,1,
666,9,6|7|3|4|1|6|7|3|4|2|6|3|2|1|5|1|1|5|2|4|2|4|7|5|5|6|3|7,FALSE,2,1,
667,11,2|7|9|2|2|8|1|9|5|7|4|3|7|3|8|6|3|5|2|3|1|9|6|6|6|5|7|4|4|5|1|1|9|8|4|8,FALSE,2,1,
668,11,4|6|1|7|4|2|1|2|9|3|7|5|1|4|9|5|7|9|8|4|6|1|2|7|2|3|5|8|5|3|8|9|3|8|6|6,FALSE,2,1,
669,11,1|4|6|8|9|3|8|7|7|5|6|3|3|2|5|4|2|6|1|5|1|2|5|1|3|4|9|7|6|7|8|8|2|4|9|9,FALSE,2,1,
670,9,5|3|7|7|1|2|4|4|1|4|3|3|2|1|5|6|4|3|1|6|5|6|2|7|5|2|6|7,FALSE,2,1,
671,11,3|5|6|3|8|4|2|8|1|2|5|9|5|1|9|1|7|1|6|8|6|4|8|2|6|7|3|9|7|9|3|7|2|5|4|4,FALSE,2,1,
672,9,5|4|7|6|2|3|4|2|6|5|3|1|1|6|5|7|5|6|1|1|2|3|4|7|3|2|4|7,FALSE,2,1,
673,11,5|3|4|2|1|6|3|4|6|1|9|5|8|3|7|7|6|8|4|8|6|9|8|2|9|5|2|7|5|7|1|1|3|9|2|4,FALSE,2,1,
674,11,7|9|5|2|8|3|1|9|6|5|7|6|2|6|1|4|7|8|9|9|1|3|8|1|3|7|4|4|8|5|6|2|5|3|2|4,FALSE,2,1,
675,11,7|2|1|9|1|4|8|4|2|6|1|8|3|1|2|7|5|6|3|6|3|2|8|9|7|5|4|7|4|8|9|3|9|6|5|5,FALSE,2,1,
676,9,4|7|5|2|7|3|6|6|3|2|7|2|6|2|4|1|1|3|5|5|4|1|3|6|5|4|7|1,FALSE,2,1,
677,9,7|2|6|7|3|7|4|2|4|3|1|5|2|5|6|5|1|7|3|3|1|4|2|5|6|1|4|6,FALSE,2,1,
678,9,7|2|1|4|1|2|7|3|2|5|3|1|1|6|7|5|5|6|4|3|5|6|4|2|7|3|4|6,FALSE,2,1,
679,11,6|4|2|2|1|7|6|3|5|3|4|5|1|7|9|4|3|2|5|8|7|8|6|6|5|1|8|9|4|1|3|9|9|2|8|7,FALSE,2,1,
680,11,4|5|1|7|3|5|2|2|3|7|1|4|9|8|3|9|1|5|8|7|6|9|2|8|8|6|1|4|6|9|3|7|2|6|5|4,FALSE,2,1,
681,9,7|6|4|3|3|2|5|4|1|6|7|2|4|5|1|3|3|1|6|6|1|7|4|5|2|7|5|2,FALSE,2,1,
682,11,5|4|1|8|4|3|6|7|2|1|7|9|4|2|9|9|4|3|7|1|5|8|2|5|6|3|2|9|5|6|8|6|8|1|7|3,FALSE,2,1,
683,11,4|1|2|2|7|8|9|1|8|6|1|5|3|4|7|8|3|9|5|7|7|2|6|4|2|3|9|8|5|6|3|4|9|1|6|5,FALSE,2,1,
684,9,2|6|4|2|1|2|5|6|5|7|3|6|3|1|7|4|4|3|1|5|5|7|4|3|1|7|2|6,FALSE,2,1,
685,11,4|6|7|8|7|2|5|1|9|5|4|1|9|3|8|2|1|9|3|7|4|5|1|9|5|3|8|4|6|2|7|6|8|3|2|6,FALSE,2,1,
686,9,7|2|5|3|7|5|1|6|1|2|6|2|7|2|4|7|1|5|3|3|6|1|5|4|6|3|4|4,FALSE,2,1,
687,9,2|4|3|4|4|5|7|5|1|4|6|6|1|2|6|3|2|3|5|5|3|1|7|7|6|1|7|2,FALSE,2,1,
688,11,7|5|1|9|1|3|6|7|9|7|4|4|3|2|8|6|5|1|4|2|1|7|2|2|9|6|8|5|5|3|8|6|9|8|3|4,FALSE,2,1,
689,9,1|4|2|2|1|7|4|5|3|1|2|3|3|4|7|5|7|5|6|6|4|1|7|6|5|2|6|3,FALSE,2,1,
690,11,5|4|8|1|9|4|6|1|1|2|3|6|8|5|1|4|7|8|2|7|7|3|6|5|2|5|3|3|4|9|7|6|9|8|2|9,FALSE,2,1,
691,11,9|2|3|5|4|1|8|7|5|3|4|9|4|9|7|8|1|8|3|2|3|9|6|6|2|8|4|6|2|1|7|1|7|6|5|5,FALSE,2,1,
692,11,9|7|1|3|1|3|9|9|7|8|6|8|7|5|3|2|6|4|8|6|5|9|4|4|4|1|5|8|2|7|5|2|3|1|6|2,FALSE,2,1,
693,9,4|1|3|1|4|5|7|5|6|7|2|4|2|5|6|3|1|3|4|6|5|6|2|7|7|2|1|3,FALSE,2,1,
694,11,4|6|3|8|6|7|3|3|5|8|7|2|1|2|9|3|2|8|1|7|4|9|5|5|4|5|9|6|8|9|4|1|7|6|1|2,FALSE,2,1,
695,9,6|2|7|3|1|3|4|2|5|4|1|5|4|6|7|4|7|3|6|1|2|1|5|7|3|5|2|6,FALSE,2,1,
696,11,1|4|3|6|5|8|9|8|6|2|5|9|9|5|6|1|4|7|1|4|2|3|9|2|5|8|1|3|7|6|8|7|2|3|7|4,FALSE,2,1,
697,11,3|2|8|4|6|5|1|4|8|6|1|7|7|9|5|6|7|8|6|3|9|3|2|2|8|2|9|4|1|3|5|9|1|5|4|7,FALSE,2,1,
698,11,6|9|2|9|6|8|7|4|5|9|1|5|8|2|7|5|7|4|1|1|5|3|6|8|3|9|8|3|4|6|2|4|2|3|7|1,FALSE,2,1,
699,9,7|3|2|2|7|4|6|5|3|5|7|3|5|4|6|5|6|4|1|1|3|4|7|1|6|1|2|2,FALSE,2,1,
700,9,5|6|4|4|4|2|5|1|4|6|3|3|7|3|1|6|5|7|2|5|1|7|6|2|3|2|7|1,FALSE,2,1,
701,9,5|6|7|1|6|2|3|5|3|5|4|2|5|6|2|7|3|4|2|1|3|4|6|1|1|7|4|7,FALSE,2,1,
702,9,6|3|5|4|2|5|6|6|1|4|3|4|2|1|7|7|1|7|2|1|5|6|2|3|3|4|7|5,FALSE,2,1,
703,11,9|8|5|9|5|9|8|8|7|1|5|2|4|2|1|7|2|3|9|6|2|1|8|3|3|7|4|6|1|7|3|4|5|4|6|6,FALSE,2,1,
704,11,5|8|1|5|7|8|5|9|6|2|3|1|8|4|7|1|7|9|4|9|5|7|3|2|4|6|2|4|1|8|3|6|6|2|3|9,FALSE,2,1,
705,9,7|2|1|4|4|6|7|4|5|3|1|6|1|5|6|2|1|7|2|7|3|2|5|5|4|6|3|3,FALSE,2,1,
706,11,7|9|2|7|8|5|6|9|5|8|4|4|7|3|6|9|8|5|2|1|7|8|4|5|1|3|6|3|9|1|2|4|6|1|2|3,FALSE,2,3,
707,11,9|4|2|2|6|3|7|7|2|8|1|6|9|7|5|5|7|1|5|2|5|8|9|8|8|3|1|4|3|1|4|9|4|6|3|6,FALSE,2,1,
708,9,7|3|2|4|3|4|7|5|4|5|1|6|1|3|2|2|3|7|5|5|2|1|7|6|6|4|1|6,FALSE,2,1,
709,11,5|7|1|6|7|4|9|5|1|6|9|7|8|1|9|6|4|2|5|3|8|2|3|3|6|3|2|2|7|9|4|4|8|1|5|8,FALSE,2,1,
710,9,3|6|5|6|6|4|1|7|4|7|3|2|6|1|7|5|5|3|1|2|5|2|4|4|7|3|1|2,FALSE,2,1,
711,9,5|2|4|1|4|3|5|5|3|7|5|1|7|6|4|4|1|2|6|3|6|7|2|7|3|6|1|2,FALSE,2,1,
712,11,4|3|5|7|3|7|1|9|2|7|8|4|5|2|4|4|9|6|8|8|1|6|3|6|1|5|3|2|1|7|9|2|9|8|5|6,FALSE,2,1,
713,11,5|4|6|4|6|1|3|3|9|4|8|9|6|2|5|9|4|1|7|5|7|8|5|2|6|1|8|2|8|7|9|7|1|3|2|3,FALSE,2,1,
714,9,4|7|5|7|5|2|1|3|7|5|1|6|3|6|1|6|3|4|2|6|7|1|4|3|4|5|2|2,FALSE,2,1,
715,11,4|1|3|4|7|3|8|9|9|8|5|5|1|6|2|4|4|9|6|1|3|8|7|7|2|1|5|6|7|2|8|6|9|3|5|2,FALSE,2,1,
716,11,5|9|3|2|4|7|1|4|3|7|5|8|8|2|6|3|5|6|3|1|1|5|2|4|7|9|1|6|7|9|8|2|8|4|6|9,FALSE,2,1,
717,11,1|5|4|4|5|1|7|3|9|2|6|3|5|6|7|5|6|4|8|8|4|6|1|2|1|9|3|9|2|7|8|8|2|7|9|3,FALSE,2,1,
718,11,1|9|6|1|1|8|6|5|7|4|6|4|9|5|1|2|3|4|2|8|7|3|2|5|2|3|5|7|8|7|9|9|4|3|8|6,FALSE,2,1,
719,9,7|2|4|1|1|4|7|3|2|1|3|3|7|2|6|6|7|5|4|6|2|5|1|4|6|5|3|5,FALSE,2,1,
720,9,5|6|4|5|6|4|3|1|2|3|7|7|3|7|6|5|4|3|2|1|6|2|1|4|5|1|2|7,FALSE,2,1,
721,9,7|5|6|6|5|1|4|1|7|1|3|3|5|7|3|3|4|6|2|4|4|2|5|2|6|7|2|1,FALSE,2,1,
722,9,1|7|2|3|4|3|7|1|1|5|3|4|2|4|5|7|4|2|6|6|5|7|1|6|3|2|5|6,FALSE,2,1,
723,11,7|4|1|7|1|8|6|4|5|2|9|3|2|9|7|5|9|8|4|1|9|7|3|5|8|3|2|6|2|1|4|6|3|6|8|5,FALSE,2,1,
724,11,7|4|5|4|7|9|6|3|6|3|9|2|5|1|2|5|9|1|6|3|9|2|1|8|5|8|4|7|1|3|7|8|4|6|2|8,FALSE,2,1,
725,11,3|2|4|5|2|6|5|5|1|6|3|3|5|2|9|9|8|7|6|8|7|9|3|4|1|8|7|9|6|8|1|4|4|1|7|2,FALSE,2,1,
726,9,1|3|4|6|3|5|2|4|4|7|3|2|1|7|4|7|7|2|6|6|2|5|1|5|5|6|3|1,FALSE,2,1,
727,9,2|1|4|4|3|5|7|6|7|6|4|5|4|1|7|1|2|6|1|2|2|7|3|3|6|3|5|5,FALSE,2,1,
728,11,8|6|2|3|7|5|8|9|1|7|2|1|8|9|7|4|6|3|9|4|5|2|8|3|6|1|2|5|1|6|5|7|4|3|9|4,FALSE,2,1,
729,11,4|7|9|5|6|9|2|4|8|2|3|6|9|5|2|9|5|8|3|7|4|6|8|3|6|1|4|1|5|8|7|7|2|1|3|1,FALSE,2,1,
730,9,5|1|4|2|1|3|7|4|3|1|7|6|3|6|7|4|2|5|6|2|6|1|5|5|4|7|2|3,FALSE,2,1,
731,9,2|3|7|5|6|3|7|2|2|7|1|6|3|1|5|5|4|3|1|6|5|2|4|4|7|6|1|4,FALSE,2,1,
732,11,2|1|7|9|5|6|2|6|3|9|8|2|4|8|9|7|5|4|3|7|3|8|2|5|6|1|4|4|7|5|3|6|8|9|1|1,FALSE,2,1,
733,9,6|3|5|5|2|6|7|1|4|2|1|5|7|6|2|7|3|2|6|4|3|1|4|4|3|5|7|1,FALSE,2,1,
734,11,6|4|1|4|2|4|5|2|9|5|8|7|8|3|9|5|8|1|4|8|7|3|2|2|3|6|1|9|7|9|6|5|1|3|7|6,FALSE,2,1,
735,11,3|9|4|3|5|4|2|7|2|5|9|7|9|8|6|2|8|5|4|8|2|6|7|1|6|8|1|4|3|1|9|7|3|1|5|6,FALSE,2,1,
736,11,9|8|2|2|7|4|1|2|2|7|9|5|8|5|3|6|3|8|4|9|1|6|4|3|1|9|7|6|3|4|7|5|8|1|6|5,FALSE,2,1,
737,11,3|4|8|2|5|8|6|5|6|7|4|3|2|8|4|1|2|5|9|6|1|5|7|3|8|1|4|7|7|9|1|2|3|6|9|9,FALSE,2,1,
738,13,6|2|11|7|7|3|5|1|8|9|2|8|9|5|4|8|6|5|2|3|2|9|1|3|4|10|7|4|6|9|8|11|11|3|4|10|7|11|10|6|10|1|5|1,FALSE,2,1,
739,9,3|2|6|4|2|5|3|7|1|7|5|1|7|1|2|6|4|6|1|4|3|7|6|3|4|2|5|5,FALSE,2,1,
740,9,2|7|4|5|4|5|6|6|1|2|6|7|7|2|3|4|7|1|3|2|6|5|3|4|5|1|3|1,FALSE,2,1,
741,9,1|6|2|4|1|3|7|5|1|3|6|7|6|2|4|4|7|2|5|6|5|3|7|5|4|1|2|3,FALSE,2,1,
742,11,7|5|6|5|6|3|9|1|7|5|8|2|4|6|9|4|3|4|5|9|6|8|2|2|2|8|1|4|1|7|9|8|7|1|3|3,FALSE,2,1,
743,11,4|8|9|3|8|2|1|1|7|1|5|4|6|5|1|2|9|7|2|3|3|6|7|9|6|8|4|5|6|3|8|7|2|4|9|5,FALSE,2,1,
744,13,4|2|11|2|1|9|6|6|1|9|4|8|3|6|8|11|9|2|5|1|9|2|5|8|11|4|7|10|3|7|10|6|3|10|4|5|7|11|1|5|7|10|3|8,FALSE,2,1,
745,9,3|6|5|6|3|4|6|1|5|7|4|3|1|2|7|3|6|7|4|2|7|4|2|5|2|5|1|1,FALSE,2,1,
746,11,6|5|7|1|1|9|7|6|4|5|6|9|2|5|8|9|7|2|3|5|2|6|8|3|3|1|4|3|4|8|1|9|7|2|4|8,FALSE,2,1,
747,13,8|3|11|6|10|5|9|10|4|8|6|6|3|5|10|7|5|9|1|1|1|11|4|8|7|11|8|3|9|7|2|2|4|5|9|4|2|11|1|6|2|7|3|10,FALSE,2,1,
748,11,9|6|7|5|8|5|9|6|4|3|1|7|8|2|4|9|7|6|3|3|3|2|7|9|6|8|1|2|5|4|2|1|5|8|1|4,FALSE,2,1,
749,11,4|8|5|5|7|9|2|2|3|6|1|6|3|7|8|4|6|7|4|1|1|2|3|6|8|5|9|4|2|9|3|8|7|9|1|5,FALSE,2,1,
750,9,7|1|2|6|4|6|5|2|1|3|4|5|6|7|4|5|3|7|1|1|3|7|6|3|5|2|4|2,FALSE,2,1,
751,9,6|3|5|5|2|4|5|1|6|1|2|1|7|6|3|4|2|4|7|7|1|2|6|3|5|7|3|4,FALSE,2,1,
752,11,2|3|8|9|3|5|2|3|6|5|3|2|7|5|4|1|8|4|9|5|2|4|6|6|1|7|9|8|6|7|1|8|1|7|9|4,FALSE,2,1,
753,13,8|11|5|6|9|5|10|8|2|10|6|2|3|7|11|3|9|4|2|5|11|8|9|10|11|1|2|7|1|3|8|1|1|7|4|4|4|6|5|7|9|3|6|10,FALSE,2,1,
754,11,7|1|9|2|2|3|6|2|1|4|7|5|9|5|4|9|7|8|3|6|8|4|1|5|8|3|4|9|6|2|1|7|6|8|3|5,FALSE,2,1,
755,11,6|1|7|3|8|5|4|2|5|9|7|7|3|6|5|8|9|1|6|4|4|1|9|7|5|8|2|3|3|4|1|2|2|6|9|8,FALSE,2,1,
756,9,1|4|3|3|7|3|5|5|4|1|6|7|5|3|4|5|4|6|2|2|7|6|1|1|7|2|6|2,FALSE,2,1,
757,11,6|2|9|8|6|4|1|6|5|2|8|2|4|7|2|3|3|9|7|1|8|5|3|8|7|3|5|7|9|5|1|4|6|9|1|4,FALSE,2,1,
758,13,9|2|5|5|5|4|10|5|4|9|11|2|8|7|2|1|3|9|7|11|6|7|9|7|4|2|8|10|8|6|11|3|4|11|1|3|8|1|6|10|1|6|3|10,FALSE,2,1,
759,9,7|1|5|3|4|2|3|3|4|7|1|4|5|4|6|3|2|5|6|1|7|5|2|7|1|2|6|6,FALSE,2,1,
760,9,7|6|5|5|1|7|3|5|2|4|3|6|2|1|3|4|5|3|7|1|1|4|7|6|4|6|2|2,FALSE,2,1,
761,11,1|7|2|2|3|2|5|9|7|5|1|3|5|2|9|8|1|6|8|7|6|7|4|6|8|9|3|1|9|6|8|4|5|3|4|4,FALSE,2,1,
762,13,8|1|4|5|8|7|3|6|4|8|11|11|2|3|11|10|8|7|4|3|7|9|10|5|1|2|9|7|4|1|10|2|9|2|5|11|10|6|5|6|3|1|9|6,FALSE,2,1,
763,9,7|3|4|5|6|4|2|5|3|5|2|2|3|6|1|6|4|3|1|7|6|1|7|7|4|1|5|2,FALSE,2,1,
764,11,1|5|4|9|3|5|7|6|6|3|8|8|9|7|1|7|4|8|2|2|5|9|6|3|5|9|1|4|1|2|7|6|8|4|3|2,FALSE,2,1,
765,11,3|4|9|2|3|2|4|6|1|7|3|6|8|4|1|5|8|9|5|7|1|8|5|2|5|1|7|2|7|3|9|8|9|4|6|6,FALSE,2,1,
766,9,1|4|2|3|4|1|2|4|2|7|5|6|3|2|4|6|1|7|5|5|5|7|6|3|1|3|6|7,FALSE,2,1,
767,11,6|4|5|8|6|8|1|8|3|8|7|4|7|9|2|2|1|9|7|7|1|4|5|3|9|3|4|6|2|1|6|5|2|5|9|3,FALSE,2,1,
768,9,6|5|3|4|2|1|5|6|5|2|3|4|6|2|1|5|1|7|3|2|4|7|6|7|7|1|3|4,FALSE,2,1,
769,13,2|1|5|5|5|9|10|1|2|10|9|3|4|8|2|8|10|4|1|9|6|10|11|11|11|6|3|2|6|1|3|7|8|7|6|9|4|11|7|5|4|8|3|7,FALSE,2,1,
770,9,3|4|6|7|7|1|6|3|2|7|4|5|1|6|5|1|7|3|2|1|3|5|2|4|5|2|4|6,FALSE,2,1,
771,11,6|9|8|4|5|2|8|3|3|7|9|5|8|1|7|7|5|1|3|1|5|6|4|7|1|2|9|9|2|6|4|8|2|3|4|6,FALSE,2,1,
772,11,8|9|5|7|6|8|1|5|7|4|6|7|2|4|9|5|6|8|3|2|9|3|8|4|3|1|2|6|3|9|2|7|4|5|1|1,FALSE,2,1,
773,11,1|9|6|6|9|4|3|8|8|1|3|2|7|8|5|6|7|1|3|4|7|5|9|2|6|4|7|2|5|2|3|5|8|9|4|1,FALSE,2,1,
774,9,4|5|7|1|6|4|3|6|5|1|7|3|3|1|7|3|4|2|5|6|7|1|2|2|5|2|4|6,FALSE,2,1,
775,11,2|8|5|6|1|3|9|8|3|2|8|7|5|4|6|6|1|2|7|5|6|9|5|1|3|8|4|1|2|9|3|7|4|9|7|4,FALSE,2,1,
776,13,7|10|11|8|11|6|9|3|6|11|5|6|1|4|9|7|10|5|8|9|2|3|10|11|2|5|4|4|1|2|5|1|7|3|1|9|8|2|7|10|4|3|8|6,FALSE,2,2,
777,13,11|3|9|4|6|5|11|5|7|6|11|10|5|8|4|7|2|11|9|3|1|8|2|1|1|7|6|10|2|3|5|4|8|9|6|3|8|4|10|7|9|2|1|10,FALSE,2,1,
778,9,5|6|7|2|2|3|4|4|5|6|4|3|3|6|7|4|5|7|1|1|1|2|5|6|7|2|1|3,FALSE,2,1,
779,11,8|9|3|3|9|8|4|2|7|4|3|4|9|4|5|5|5|1|7|6|8|6|9|2|8|5|1|2|3|7|1|6|1|6|2|7,FALSE,2,3,
780,9,6|2|3|3|6|4|3|7|3|2|4|5|5|1|2|2|1|7|6|5|7|4|1|6|7|4|1|5,FALSE,2,1,
781,11,6|1|7|7|2|5|8|6|5|9|4|2|9|1|2|8|3|7|4|4|9|3|6|8|1|6|3|1|4|2|5|8|5|3|7|9,FALSE,2,1,
782,9,1|2|6|7|1|7|3|1|2|5|7|4|3|7|2|6|2|6|5|4|5|4|3|5|6|1|4|3,FALSE,2,1,
783,9,6|4|5|2|3|4|7|6|5|6|2|7|7|5|1|2|1|6|3|1|7|2|4|4|1|5|3|3,FALSE,2,1,
784,11,4|6|3|9|1|2|7|8|7|6|8|2|6|8|1|2|8|3|7|9|5|1|9|4|7|3|5|5|4|9|3|1|5|4|6|2,FALSE,2,1,
785,9,2|5|4|7|3|5|1|3|6|7|5|6|5|1|2|6|3|4|7|1|7|2|4|6|4|3|2|1,FALSE,2,1,
786,11,6|2|9|7|1|2|3|6|4|5|7|8|8|7|1|1|8|5|9|9|3|9|4|5|4|6|2|5|7|1|3|3|8|4|6|2,FALSE,2,1,
787,13,6|3|7|2|9|10|5|8|5|7|1|4|6|8|7|1|1|4|3|11|10|8|2|5|5|2|10|11|2|8|4|10|3|11|9|9|6|9|1|7|4|3|6|11,FALSE,2,1,
788,11,8|1|6|3|7|6|1|8|5|1|7|2|1|8|2|7|3|5|4|9|6|4|5|2|9|6|8|3|9|7|3|5|9|2|4|4,FALSE,2,1,
789,13,9|4|6|10|3|4|9|2|5|9|7|6|4|1|3|8|3|6|1|1|2|11|5|2|8|5|3|10|7|8|10|6|11|10|2|11|7|5|9|4|8|11|7|1,FALSE,2,1,
790,11,4|7|1|3|4|6|5|5|7|3|6|8|1|7|9|9|2|8|4|6|1|4|8|9|7|2|9|5|6|2|5|3|3|8|1|2,FALSE,2,1,
791,11,2|6|3|3|2|1|6|7|7|4|9|7|4|1|7|9|9|6|5|1|2|5|4|5|3|8|4|9|8|3|2|8|5|8|1|6,FALSE,2,1,
792,9,6|1|2|1|4|5|1|4|2|3|6|6|1|7|3|3|7|6|4|5|5|3|7|4|7|5|2|2,FALSE,2,1,
793,11,2|7|5|4|1|4|3|3|3|2|5|6|4|8|5|1|5|8|6|1|2|9|7|7|8|3|9|4|6|9|8|7|6|1|9|2,FALSE,2,1,
794,13,9|6|4|11|3|10|7|5|8|11|4|6|7|10|11|11|7|5|9|10|10|1|2|6|9|2|7|5|5|9|1|3|1|3|4|2|4|8|6|8|2|3|8|1,FALSE,2,1,
795,11,9|8|2|1|8|1|5|9|4|3|9|6|7|2|5|6|5|2|7|1|2|9|8|5|1|4|3|4|7|3|6|6|8|7|4|3,FALSE,2,1,
796,9,7|6|3|7|4|1|2|7|4|5|6|6|7|6|5|3|1|3|2|3|2|1|4|4|5|2|1|5,FALSE,2,1,
797,11,4|6|5|4|7|9|4|1|8|7|9|6|7|3|2|8|3|1|2|6|8|1|2|2|5|4|6|7|5|8|3|5|1|3|9|9,FALSE,2,1,
798,9,2|6|7|2|5|2|7|6|5|3|1|4|5|4|1|3|3|6|2|3|1|4|7|5|6|1|7|4,FALSE,2,1,
799,11,4|8|7|4|2|5|3|6|8|4|1|5|1|7|6|3|3|9|8|2|6|5|2|9|1|2|3|6|4|7|9|9|5|8|1|7,FALSE,2,1,
800,9,1|5|4|6|7|5|1|6|5|2|3|2|2|3|4|5|3|4|2|6|1|6|7|7|4|1|3|7,FALSE,2,1,
801,11,5|9|3|1|2|7|8|6|4|7|5|1|7|5|4|1|6|8|3|2|2|4|6|9|3|4|8|3|9|2|7|6|5|9|1|8,FALSE,2,1,
802,13,9|5|4|4|1|8|7|9|3|2|8|1|11|10|6|1|10|5|9|11|10|2|3|5|5|7|8|7|9|6|2|2|1|4|3|11|7|3|10|8|11|6|4|6,FALSE,2,2,
803,9,1|5|6|2|1|4|3|1|2|7|4|1|7|6|5|4|6|2|7|7|5|6|3|3|3|5|2|4,FALSE,2,1,
804,9,1|4|3|7|3|4|2|2|7|5|3|1|2|4|7|5|5|4|6|6|7|1|3|6|5|1|2|6,FALSE,2,1,
805,13,5|10|2|5|9|7|10|10|5|1|11|2|4|10|7|4|3|11|9|7|6|1|4|1|4|3|9|6|11|5|3|11|2|9|6|8|8|1|2|3|8|6|7|8,FALSE,2,3,
806,11,2|1|8|7|4|6|2|9|8|7|6|5|2|1|4|2|4|1|3|3|6|8|9|3|8|9|5|5|1|3|5|4|9|6|7|7,FALSE,2,1,
807,11,7|2|9|5|6|7|1|3|1|4|2|5|3|7|6|8|9|6|4|4|5|8|4|2|9|7|8|3|2|1|3|8|9|1|5|6,FALSE,2,1,
808,9,3|5|2|2|1|7|3|6|1|3|6|6|7|2|1|6|1|5|4|4|2|5|7|4|7|3|4|5,FALSE,2,1,
809,13,4|1|5|1|8|6|5|2|4|11|5|10|5|7|10|7|6|8|10|9|3|2|1|4|10|11|9|11|11|7|3|3|2|4|8|8|1|3|9|7|9|6|2|6,FALSE,2,1,
810,11,8|3|4|6|5|4|2|2|8|4|1|9|3|5|7|7|6|9|8|5|1|3|9|5|6|8|2|7|7|4|1|2|1|3|6|9,FALSE,2,1,
811,9,3|6|4|1|5|1|4|2|4|2|3|3|5|1|2|7|6|3|7|7|2|6|4|5|5|1|6|7,FALSE,2,1,
812,11,6|9|1|8|1|7|3|6|2|6|3|9|7|4|5|3|9|4|8|1|2|9|8|2|3|6|5|5|7|8|4|4|7|1|2|5,FALSE,2,1,
813,11,8|5|9|6|7|4|2|7|4|3|2|6|8|9|3|1|2|3|6|8|8|4|1|4|7|9|1|5|6|3|7|5|9|5|2|1,FALSE,2,1,
814,9,4|2|5|7|7|6|2|3|6|2|3|4|3|1|5|5|2|6|4|7|6|7|1|1|1|5|3|4,FALSE,2,1,
815,9,2|7|6|1|6|3|5|2|3|5|4|7|4|6|1|2|1|4|7|3|3|4|5|6|5|2|7|1,FALSE,2,1,
816,11,4|3|1|7|5|1|7|4|3|6|5|5|1|6|7|8|3|6|9|2|1|6|9|4|2|9|8|3|8|2|5|2|8|4|9|7,FALSE,2,1,
817,13,11|3|5|11|7|8|2|11|10|3|1|8|3|10|9|9|2|10|4|10|1|8|3|6|6|5|4|6|8|2|7|4|1|11|7|5|4|1|9|2|9|5|7|6,FALSE,2,1,
818,11,7|1|5|1|5|3|7|1|7|4|9|6|4|3|2|4|9|5|6|3|1|9|4|6|5|3|8|9|8|2|7|8|6|2|8|2,FALSE,2,1,
819,9,3|1|4|5|6|4|2|3|1|6|2|7|2|4|3|5|5|3|6|6|4|7|5|1|7|2|1|7,FALSE,2,1,
820,11,6|9|3|5|1|8|9|5|7|1|6|4|8|2|7|4|3|7|2|2|2|3|9|4|3|6|5|9|1|8|7|4|6|1|8|5,FALSE,2,1,
821,9,7|4|6|3|1|3|6|5|3|1|7|4|5|1|2|4|3|5|6|7|4|1|2|2|5|7|6|2,FALSE,2,1,
822,9,3|4|1|2|5|7|1|3|3|5|6|1|4|6|3|4|1|4|7|6|5|7|2|2|7|2|6|5,FALSE,2,1,
823,13,6|10|5|7|3|9|1|4|10|3|11|9|7|3|1|10|11|4|8|5|9|6|3|11|2|8|1|1|5|6|2|2|6|5|4|11|4|8|9|8|2|10|7|7,FALSE,2,2,
824,11,9|5|3|7|6|8|1|2|3|6|9|4|8|9|4|1|6|5|3|4|1|6|7|2|1|7|8|2|7|5|3|2|5|8|4|9,FALSE,2,1,
825,9,3|4|1|7|2|5|1|5|5|6|4|4|4|2|3|6|1|2|7|2|7|1|3|3|7|5|6|6,FALSE,2,1,
826,13,2|5|6|8|11|3|9|7|1|6|4|11|5|9|8|4|3|11|6|6|1|10|5|8|10|1|2|9|4|2|7|1|9|10|2|10|3|7|11|5|7|4|3|8,FALSE,2,1,
827,11,7|9|1|5|4|5|6|9|7|2|5|5|7|1|2|4|3|8|9|7|4|1|9|3|2|3|6|8|4|6|8|8|3|6|1|2,FALSE,2,2,
828,11,8|4|5|7|5|9|4|8|3|1|4|7|7|3|9|2|2|1|8|7|1|6|3|5|3|6|1|9|6|2|9|8|2|6|4|5,FALSE,2,3,
829,11,9|8|2|2|7|5|6|6|1|7|4|3|3|8|2|2|5|3|9|8|9|4|5|5|1|6|4|7|4|7|6|8|3|1|9|1,FALSE,2,1,
830,9,4|7|5|5|3|5|1|1|7|2|6|3|7|1|3|7|6|3|2|4|6|2|4|5|4|6|1|2,FALSE,2,1,
831,11,3|7|1|4|3|8|9|6|1|9|4|8|3|2|5|7|6|2|9|5|8|1|3|7|8|9|6|1|6|5|4|2|5|4|7|2,FALSE,2,1,
832,9,1|3|2|3|4|7|6|6|1|6|4|2|6|3|1|5|2|4|5|7|5|7|3|2|7|4|5|1,FALSE,2,1,
833,9,1|7|6|2|3|2|5|5|1|6|7|4|6|1|4|4|1|3|6|5|2|7|3|5|3|7|2|4,FALSE,2,1,
834,11,2|8|5|9|7|2|5|2|5|2|9|6|1|6|4|3|9|4|1|6|8|4|3|7|3|9|1|7|4|3|7|5|1|6|8|8,FALSE,2,1,
835,13,5|10|11|2|5|6|1|1|3|7|11|3|6|7|4|4|10|4|8|2|7|3|6|8|4|6|2|5|8|11|9|9|9|10|8|10|9|7|5|1|11|2|3|1,FALSE,2,1,
836,11,2|1|9|1|5|6|2|8|6|3|7|9|6|5|8|6|9|7|4|1|2|4|3|8|3|5|7|3|2|1|5|4|8|4|9|7,FALSE,2,3,
837,11,9|3|5|1|1|4|3|2|7|9|8|3|4|6|2|5|7|8|4|3|9|6|8|4|2|9|1|6|6|1|7|8|2|7|5|5,FALSE,2,1,
838,9,4|6|7|5|6|2|1|5|6|2|7|5|7|1|2|3|1|3|4|1|4|6|7|4|5|3|2|3,FALSE,2,1,
839,11,4|9|7|9|3|5|8|3|4|6|9|1|9|3|8|4|3|5|7|6|1|6|8|4|6|2|1|7|8|2|5|1|7|2|5|2,FALSE,2,2,
840,9,4|6|1|1|7|4|5|2|6|2|5|7|3|5|2|2|1|3|7|4|1|6|4|3|5|6|7|3,FALSE,2,1,
841,9,7|2|1|1|7|2|4|3|3|4|1|5|3|5|6|7|1|6|5|5|6|3|4|7|4|6|2|2,FALSE,2,1,
842,11,1|4|3|9|9|2|6|6|5|1|4|7|7|2|5|8|8|3|9|6|5|4|8|1|2|1|6|8|7|2|5|3|4|7|3|9,FALSE,2,1,
843,13,3|1|6|2|2|5|6|2|9|2|8|8|10|6|8|10|9|7|5|9|3|10|7|11|7|9|11|11|3|11|1|4|7|6|10|3|1|5|4|4|5|8|1|4,FALSE,2,1,
844,13,10|1|4|5|3|2|6|3|3|2|9|9|4|8|10|7|11|4|2|7|6|11|4|9|10|8|1|5|8|9|6|8|6|3|5|10|2|1|11|7|11|1|5|7,FALSE,2,1,
845,9,2|4|1|3|5|4|6|4|3|6|5|7|5|7|2|2|7|6|5|1|7|6|1|3|4|3|1|2,FALSE,2,1,
846,11,6|8|5|9|3|1|7|8|4|2|6|7|5|1|2|1|1|7|8|3|2|3|4|5|9|8|3|9|2|6|4|5|4|9|7|6,FALSE,2,1,
847,9,1|6|5|4|4|1|7|7|3|6|4|3|2|6|5|2|2|3|7|5|2|3|1|1|4|5|6|7,FALSE,2,1,
848,11,5|3|7|4|5|8|2|1|3|6|8|6|8|9|3|5|2|9|3|5|4|2|1|9|6|2|8|4|1|6|7|7|4|7|9|1,FALSE,2,1,
849,13,8|9|7|8|3|4|6|6|7|5|10|10|4|1|9|1|10|1|9|8|3|11|5|6|2|9|1|11|8|3|2|11|2|4|7|11|2|5|4|7|5|3|6|10,FALSE,2,1,
850,9,4|6|3|7|7|2|6|1|1|3|5|4|2|7|5|5|7|2|3|4|6|2|1|6|4|3|5|1,FALSE,2,1,
851,11,3|9|4|6|9|3|1|8|2|5|1|4|2|6|9|3|5|1|3|4|5|2|7|7|5|6|9|8|6|7|4|8|8|2|1|7,FALSE,2,1,
852,11,3|1|5|9|1|6|7|6|9|3|4|3|6|8|5|5|3|2|9|1|8|9|4|2|1|5|4|2|6|8|7|7|8|2|4|7,FALSE,2,1,
853,11,3|7|4|7|2|1|8|9|5|6|7|5|3|4|6|6|5|9|7|2|4|9|2|5|8|1|2|1|8|9|3|3|6|1|4|8,FALSE,2,1,
854,11,7|1|9|9|7|6|3|7|4|9|7|3|6|9|2|4|5|2|1|4|4|8|1|5|3|6|2|5|1|5|8|3|6|8|2|8,FALSE,2,3,
855,9,1|3|7|7|6|5|1|1|6|2|3|7|1|4|2|4|5|2|6|5|4|7|3|4|3|6|5|2,FALSE,2,1,
856,9,6|4|2|2|3|6|5|5|3|7|1|1|5|6|2|4|4|6|1|2|3|7|4|7|7|5|1|3,FALSE,2,1,
857,11,3|2|7|4|5|8|6|6|8|7|5|5|4|6|9|9|2|5|6|2|1|8|2|4|4|9|1|7|1|3|8|3|7|3|9|1,FALSE,2,1,
858,11,6|9|8|3|1|7|9|8|9|5|3|6|7|2|4|4|2|1|5|2|3|5|8|6|9|7|6|4|8|7|1|4|5|3|2|1,FALSE,2,1,
859,13,10|11|6|10|2|7|9|6|9|4|3|3|2|1|4|1|3|7|10|4|1|9|8|11|1|3|6|7|6|5|10|5|5|11|8|5|4|2|8|2|9|7|8|11,FALSE,2,1,
860,9,1|5|4|2|2|3|1|1|7|6|5|5|4|3|2|7|3|1|7|6|4|6|5|2|4|3|6|7,FALSE,2,1,
861,11,7|4|8|1|9|7|5|2|7|8|2|3|5|1|3|6|6|3|5|9|5|6|2|8|8|6|1|1|2|9|4|4|9|3|4|7,FALSE,2,1,
862,13,6|3|8|2|9|7|3|11|11|6|2|10|8|2|11|1|7|8|6|10|1|7|5|4|2|5|9|9|9|1|4|3|1|10|4|11|4|5|10|5|6|3|8|7,FALSE,2,2,
863,11,5|3|8|7|7|2|3|9|9|2|4|6|5|4|7|7|4|5|8|6|3|2|1|1|2|9|1|6|8|6|5|1|3|9|8|4,FALSE,2,1,
864,9,6|7|4|5|2|6|3|1|7|1|2|7|3|2|5|7|5|1|4|4|5|6|1|3|2|6|4|3,FALSE,2,1,
865,11,1|4|2|5|6|7|9|9|8|4|7|6|7|4|2|4|3|5|7|2|3|6|8|3|2|1|8|3|5|1|9|1|9|5|6|8,FALSE,2,1,
866,11,5|9|7|8|8|4|6|6|8|4|3|4|7|2|9|6|2|4|7|5|1|5|2|3|3|7|6|2|8|5|1|9|9|1|3|1,FALSE,2,1,
867,9,3|4|1|1|4|5|2|3|2|3|4|2|5|6|7|7|6|5|7|3|1|5|6|1|2|6|4|7,FALSE,2,1,
868,9,2|1|5|7|3|1|4|4|1|3|7|6|5|1|6|4|4|2|3|6|7|2|5|7|2|3|5|6,FALSE,2,1,
869,9,5|7|2|1|6|1|2|2|6|3|7|1|1|3|6|7|5|3|6|4|2|7|5|4|4|5|3|4,FALSE,2,1,
870,11,6|3|7|2|8|4|2|9|1|6|8|7|2|9|4|1|6|5|1|4|7|5|9|2|4|9|8|6|3|8|7|3|3|5|1|5,FALSE,2,1,
871,9,2|4|1|5|4|2|5|5|6|5|7|1|6|3|7|4|7|6|4|1|3|6|2|1|7|2|3|3,FALSE,2,1,
872,13,8|10|5|3|9|1|4|11|4|10|7|6|8|2|11|10|5|1|2|11|4|9|8|7|6|1|10|3|8|1|3|6|5|6|2|9|4|2|7|5|3|9|7|11,FALSE,2,3,
873,13,3|5|8|8|6|4|1|1|8|2|4|11|1|11|10|4|9|1|5|5|8|3|11|7|2|4|6|3|7|9|10|6|5|11|2|7|2|9|10|6|9|3|7|10,FALSE,2,1,
874,9,3|2|1|5|1|4|7|7|5|1|4|2|7|2|6|6|7|4|2|1|4|6|3|5|6|3|5|3,FALSE,2,1,
875,11,9|1|2|9|8|2|4|1|8|6|3|8|9|1|7|5|3|4|1|4|8|3|6|6|9|5|7|7|5|4|2|7|5|6|3|2,FALSE,2,1,
876,11,6|1|5|4|2|5|8|3|8|7|2|2|6|4|3|1|8|9|5|5|9|8|1|6|7|6|3|4|1|2|7|9|3|9|7|4,FALSE,2,1,
877,9,7|6|3|1|2|3|4|5|1|5|7|5|5|2|6|3|6|4|2|1|7|2|4|7|3|1|6|4,FALSE,2,1,
878,11,9|1|2|2|3|1|7|7|7|4|1|6|2|6|5|2|3|8|9|8|8|7|6|3|4|8|3|9|6|5|4|9|5|4|1|5,FALSE,2,1,
879,11,1|8|5|3|5|6|2|9|7|5|8|9|6|3|7|7|8|5|4|6|1|4|9|6|9|7|3|2|1|8|2|4|4|2|3|1,FALSE,2,1,
880,13,7|10|5|2|2|4|6|1|7|5|1|3|8|4|6|10|1|3|11|7|5|11|8|9|9|2|11|1|9|11|10|10|6|8|3|3|8|4|7|5|9|2|6|4,FALSE,2,2,
881,11,2|5|7|4|8|6|2|9|7|8|5|5|1|4|6|8|5|1|3|9|3|4|1|3|3|9|2|6|8|6|7|1|4|7|9|2,FALSE,2,1,
882,11,6|9|7|8|7|6|4|3|1|8|2|5|1|3|5|6|8|2|9|4|3|8|5|4|3|9|6|2|1|9|4|1|5|2|7|7,FALSE,2,1,
883,9,6|7|5|6|7|4|3|1|1|7|5|4|3|6|5|1|5|1|4|2|6|2|3|2|3|2|7|4,FALSE,2,1,
884,9,6|7|2|3|3|4|1|1|5|6|7|5|4|5|2|2|7|6|5|7|3|6|1|3|4|2|1|4,FALSE,2,1,
885,11,9|1|4|6|5|8|9|1|7|9|6|3|2|3|4|8|1|5|3|2|6|7|4|4|9|2|7|6|8|2|1|3|5|8|7|5,FALSE,2,1,
886,13,8|11|3|11|4|10|1|2|6|2|9|6|4|7|2|6|5|9|10|3|9|5|4|8|3|1|10|7|8|11|7|9|11|10|1|1|3|2|4|5|6|7|8|5,FALSE,2,3,
887,9,2|7|1|2|4|3|7|3|6|7|5|5|1|6|4|3|5|2|4|1|7|3|6|6|1|5|4|2,FALSE,2,1,
888,11,5|1|4|8|4|2|3|4|9|5|6|8|2|9|5|7|3|7|1|4|7|6|2|2|3|6|8|3|9|6|8|5|9|1|7|1,FALSE,2,1,
889,9,2|7|4|4|7|6|1|6|3|5|2|3|6|5|4|2|1|6|5|7|2|3|7|4|5|1|3|1,FALSE,2,1,
890,13,1|3|10|11|6|7|2|4|2|4|5|3|11|6|8|4|4|5|11|9|5|2|10|8|1|7|8|3|9|11|1|1|2|10|9|8|9|5|7|6|7|10|3|6,FALSE,2,2,
891,9,4|3|6|6|3|6|4|7|6|1|2|7|7|3|2|5|1|5|3|4|1|4|5|2|1|7|5|2,FALSE,2,1,
892,11,1|2|3|6|2|1|9|3|6|9|5|5|9|8|4|7|3|2|6|5|6|8|1|5|1|4|2|3|7|8|4|8|9|4|7|7,FALSE,2,1,
893,13,5|7|3|11|9|10|1|1|1|2|4|6|2|3|11|6|3|10|2|5|5|8|9|6|3|9|11|1|7|10|8|4|11|10|7|2|4|8|6|5|7|8|9|4,FALSE,2,3,
894,11,7|3|9|8|1|6|9|3|4|9|5|2|8|2|7|8|2|3|6|6|8|3|1|5|7|1|4|5|9|4|5|2|4|7|1|6,FALSE,2,1,
895,9,1|4|5|7|1|6|3|1|6|3|4|3|7|5|2|2|2|4|5|6|3|2|7|5|7|1|4|6,FALSE,2,1,
896,11,8|4|3|4|6|1|9|1|6|1|7|3|3|5|9|8|9|4|5|2|2|5|7|2|1|6|2|3|8|6|7|9|7|5|8|4,FALSE,2,1,
897,9,4|2|1|3|1|6|7|5|1|5|7|5|3|6|5|2|7|2|6|3|2|1|4|4|7|4|3|6,FALSE,2,1,
898,11,1|4|7|5|9|6|8|8|5|1|3|9|6|5|8|3|2|3|9|8|4|1|7|4|5|3|2|7|2|9|6|6|7|4|2|1,FALSE,2,2,
899,9,5|2|3|6|2|4|6|7|7|6|2|3|2|5|4|1|4|7|5|3|5|1|3|7|4|6|1|1,FALSE,2,1,
900,11,9|8|1|6|1|6|9|3|8|4|5|7|8|9|7|2|4|5|3|2|7|1|3|5|6|2|9|6|5|4|1|3|2|4|8|7,FALSE,2,1,
901,11,8|3|4|3|6|7|3|9|1|7|5|5|7|4|6|9|5|1|2|5|9|6|1|9|2|6|7|8|1|8|2|2|3|8|4|4,FALSE,2,1,
902,11,7|6|1|3|9|2|4|7|8|5|9|6|5|4|2|7|1|5|9|3|1|9|4|8|7|5|3|2|4|2|3|6|8|6|1|8,FALSE,2,3,
903,13,5|2|1|4|8|3|2|1|8|6|9|11|2|3|9|10|2|3|7|4|1|4|7|5|1|8|4|5|9|11|7|3|10|11|6|6|6|10|9|5|7|10|8|11,FALSE,2,1,
904,9,6|5|2|2|3|7|4|4|2|3|6|5|5|1|7|3|6|7|4|3|4|7|1|2|5|6|1|1,FALSE,2,1,
905,11,7|6|3|5|4|5|1|1|2|9|8|8|7|3|9|2|1|2|6|8|4|7|5|3|1|9|4|6|9|8|6|5|3|7|2|4,FALSE,2,1,
906,9,4|3|7|6|4|2|3|6|2|1|4|5|2|6|7|2|5|1|4|7|3|5|1|3|1|5|7|6,FALSE,2,1,
907,13,1|9|5|4|2|5|8|4|11|2|6|9|9|8|1|2|7|6|4|10|1|10|3|11|10|7|6|2|4|3|1|7|7|9|11|5|6|11|3|8|3|10|8|5,FALSE,2,1,
908,11,1|2|8|6|8|3|7|7|5|4|3|3|3|4|5|2|9|7|1|1|2|9|1|4|8|5|9|6|4|9|7|2|8|5|6|6,FALSE,2,1,
909,9,3|5|2|7|6|1|3|5|6|3|4|7|2|1|4|6|1|5|7|4|5|1|6|2|7|3|4|2,FALSE,2,1,
910,9,2|5|7|7|6|4|3|6|6|2|1|4|7|5|3|2|1|3|5|5|3|1|4|6|2|7|1|4,FALSE,2,1,
911,11,1|3|7|9|5|4|8|6|2|9|5|9|9|2|3|4|7|5|3|7|7|1|8|8|2|5|6|1|8|2|6|4|6|1|3|4,FALSE,2,2,
912,13,7|3|5|2|11|6|5|7|2|11|3|7|5|4|7|1|1|8|6|3|8|1|11|5|1|8|9|9|2|9|4|3|6|11|10|10|2|8|6|10|4|9|10|4,FALSE,2,1,
913,11,2|8|4|7|1|9|2|1|9|6|8|5|5|4|6|6|2|3|6|7|8|9|5|9|7|8|1|1|2|7|3|4|5|4|3|3,FALSE,2,3,
914,11,4|5|6|2|5|4|7|6|3|2|8|6|8|4|9|3|4|7|6|2|5|1|9|1|2|1|9|9|8|1|5|3|3|8|7|7,FALSE,2,1,
915,11,6|7|3|1|5|8|4|4|3|6|5|3|5|9|8|2|2|9|8|4|9|1|3|2|1|2|7|8|7|1|6|9|7|5|4|6,FALSE,2,1,
916,9,7|1|5|5|4|1|3|5|2|1|4|4|3|5|7|1|6|2|7|2|2|3|6|6|7|4|3|6,FALSE,2,1,
917,13,5|10|9|2|1|10|9|3|6|9|1|8|7|1|3|7|8|1|6|7|9|6|10|4|3|5|8|10|5|11|2|2|6|11|4|4|11|3|2|11|4|7|8|5,FALSE,2,1,
918,9,7|3|2|2|4|1|2|7|6|7|3|4|4|1|5|5|1|6|5|3|5|3|6|4|2|7|6|1,FALSE,2,1,
919,9,7|5|3|7|4|5|2|7|3|6|4|4|2|3|5|5|6|4|1|6|1|2|6|3|7|2|1|1,FALSE,2,1,
920,11,5|9|6|5|2|1|4|2|8|9|6|9|6|7|3|4|1|2|7|3|4|7|6|8|8|9|4|3|8|1|2|5|3|1|7|5,FALSE,2,1,
921,13,3|10|8|1|8|6|10|5|3|5|4|7|7|9|3|4|11|2|1|6|9|11|2|5|1|7|2|9|2|8|5|4|8|11|10|6|10|3|6|1|11|9|7|4,FALSE,2,2,
922,11,2|3|8|1|1|9|4|6|8|5|6|4|2|8|1|2|3|9|4|7|5|9|8|3|1|9|7|7|7|5|2|4|3|6|5|6,FALSE,2,1,
923,9,6|1|5|4|5|2|4|1|3|1|7|5|3|7|1|3|4|7|6|2|7|3|5|6|6|4|2|2,FALSE,2,1,
924,11,6|8|3|4|5|7|2|3|2|1|5|8|3|2|6|3|1|4|7|9|1|6|8|7|7|9|5|2|8|1|4|9|6|5|4|9,FALSE,2,1,
925,13,10|7|11|3|3|11|8|2|9|1|7|10|2|7|5|4|2|6|4|6|3|1|9|9|6|2|8|5|11|5|10|7|8|4|3|10|4|8|1|1|11|9|5|6,FALSE,2,1,
926,9,7|3|6|7|1|2|6|2|6|4|5|4|6|5|3|2|5|1|2|7|7|3|4|1|3|5|4|1,FALSE,2,1,
927,11,4|3|6|9|4|2|5|1|3|5|9|7|3|1|7|2|2|8|3|6|7|9|8|5|1|8|2|6|5|4|6|7|8|4|1|9,FALSE,2,1,
928,11,1|4|3|9|4|7|3|2|2|7|6|1|5|3|1|6|9|5|1|8|8|4|9|6|5|7|4|2|2|9|8|8|3|5|6|7,FALSE,2,3,
929,11,7|4|9|1|8|9|3|9|4|3|5|2|4|5|1|8|3|6|7|5|5|1|8|8|4|6|9|7|6|3|2|2|2|6|1|7,FALSE,2,1,
930,9,5|7|1|7|5|3|1|6|4|6|3|1|4|6|5|1|6|2|3|2|7|2|4|4|3|2|7|5,FALSE,2,1,
931,9,3|7|4|6|2|6|1|5|3|7|1|5|6|7|5|5|3|7|2|4|2|1|6|3|2|4|1|4,FALSE,2,1,
932,11,7|4|5|4|6|3|2|6|2|9|5|8|6|8|4|3|6|8|5|7|9|1|2|3|7|9|1|5|8|1|4|2|1|7|3|9,FALSE,2,1,
933,9,2|7|1|3|5|1|4|5|1|2|6|6|5|3|7|1|4|5|7|7|2|3|6|6|2|3|4|4,FALSE,2,1,
934,13,11|6|10|4|1|2|5|5|3|8|7|10|10|4|3|2|9|4|5|5|1|11|3|8|7|11|6|6|8|9|7|1|2|6|4|9|7|10|2|8|9|3|1|11,FALSE,2,1,
935,11,8|2|7|4|7|6|2|3|4|2|3|1|2|8|4|9|9|1|8|8|7|6|3|5|6|5|1|9|6|4|7|5|5|1|3|9,FALSE,2,1,
936,11,9|8|6|4|4|2|1|7|9|3|7|7|3|5|1|5|8|2|3|1|5|2|9|8|2|1|6|6|5|8|9|7|4|3|6|4,FALSE,2,1,
937,13,8|9|5|7|7|11|2|7|4|5|3|2|3|8|5|6|7|2|6|1|9|4|10|11|3|6|9|4|10|9|1|10|6|11|8|3|5|1|8|2|1|10|4|11,FALSE,2,1,
938,9,7|4|5|7|1|5|2|2|5|4|3|1|4|3|7|6|2|1|3|6|4|6|5|2|7|3|1|6,FALSE,2,1,
939,9,1|6|7|3|7|6|5|2|5|7|2|3|6|2|1|7|5|4|3|6|5|1|4|2|3|4|1|4,FALSE,2,1,
940,11,5|9|1|8|6|7|1|8|2|6|5|8|5|8|3|7|7|2|3|3|1|4|2|2|4|7|5|9|6|1|4|9|9|4|6|3,FALSE,2,1,
941,13,9|4|8|7|1|11|2|4|2|7|11|4|6|11|5|10|5|9|7|9|4|6|3|10|6|1|10|8|10|9|2|1|6|3|5|8|11|3|1|3|8|7|5|2,FALSE,2,3,
942,9,5|3|2|5|2|6|7|7|4|1|2|5|3|4|6|4|3|7|6|4|5|6|1|1|7|3|2|1,FALSE,2,2,
943,11,4|8|5|3|1|6|4|7|2|3|9|2|5|8|7|7|3|1|9|4|7|8|6|3|8|2|6|1|2|6|4|5|5|9|1|9,FALSE,2,1,
944,11,1|9|5|4|7|6|2|4|2|5|6|6|5|7|3|7|6|4|9|8|2|3|1|7|3|1|5|8|3|9|4|8|2|9|1|8,FALSE,2,1,
945,11,2|6|7|7|8|1|5|3|1|9|3|4|3|9|5|8|5|7|2|3|2|7|6|1|4|9|5|8|6|1|4|2|8|6|4|9,FALSE,2,2,
946,11,2|1|7|4|7|6|3|4|1|7|9|9|7|8|4|4|6|5|2|9|2|3|6|6|3|1|5|5|2|8|3|8|8|5|1|9,FALSE,2,1,
947,9,4|5|2|3|2|1|6|4|7|2|4|1|7|3|4|3|6|7|5|5|2|1|6|7|5|1|6|3,FALSE,2,1,
948,9,2|7|1|4|4|5|3|3|1|7|2|4|1|4|7|6|6|3|5|1|3|5|6|2|6|7|2|5,FALSE,2,1,
949,13,11|1|7|2|10|7|9|10|1|11|5|9|4|10|2|6|11|5|2|3|3|6|9|5|9|8|1|3|5|6|8|7|8|4|1|2|7|4|11|10|8|4|6|3,FALSE,2,1,
950,11,8|2|4|9|1|7|9|3|3|5|1|6|6|1|8|3|6|7|1|4|4|5|8|2|5|8|7|2|6|9|5|9|4|3|2|7,FALSE,2,1,
951,9,1|5|7|4|6|3|1|6|2|5|4|7|2|1|3|1|4|7|3|2|3|5|2|6|5|4|6|7,FALSE,2,1,
952,11,3|4|6|1|7|2|5|1|1|6|2|9|5|8|1|2|9|8|7|2|8|6|4|3|6|3|7|9|7|8|9|4|3|5|4|5,FALSE,2,1,
953,11,1|6|8|2|5|1|3|8|7|6|4|5|2|3|6|9|4|2|5|5|6|9|8|7|7|4|9|4|1|3|2|9|8|1|7|3,FALSE,2,1,
954,9,7|3|2|4|1|3|4|2|7|6|1|4|4|3|1|6|2|1|5|7|6|3|5|7|6|2|5|5,FALSE,2,1,
955,9,6|1|3|4|2|7|5|5|3|5|1|6|2|6|1|4|5|7|4|4|2|3|6|3|1|2|7|7,FALSE,2,1,
956,11,8|5|3|6|7|1|8|7|6|8|1|1|1|2|7|2|9|4|5|4|9|3|2|5|9|4|6|5|9|7|3|8|3|6|4|2,FALSE,2,1,
957,13,1|8|11|3|10|1|6|7|2|5|4|4|10|9|6|7|2|6|8|3|8|9|4|7|6|5|11|10|10|7|1|11|8|4|2|3|9|3|11|1|5|2|9|5,FALSE,2,1,
958,11,2|4|8|5|4|6|5|6|7|8|9|6|3|9|4|4|7|5|8|2|1|6|9|3|2|7|3|3|2|1|8|1|5|9|7|1,FALSE,2,1,
959,13,10|8|6|1|6|10|4|3|9|2|1|11|7|4|6|8|1|9|10|10|5|9|3|6|7|8|5|5|11|3|1|4|7|11|9|2|2|11|7|4|2|3|5|8,FALSE,2,1,
960,9,2|1|6|5|1|7|4|2|3|2|6|3|2|6|5|1|7|4|5|4|6|3|7|7|4|1|3|5,FALSE,2,1,
961,11,1|5|8|5|8|2|7|6|2|9|6|7|5|3|9|4|6|4|3|1|4|1|8|4|5|7|3|6|1|7|2|3|9|8|2|9,FALSE,2,1,
962,9,1|6|4|4|3|1|7|5|6|4|3|2|5|3|6|7|3|2|1|1|4|5|7|5|7|2|6|2,FALSE,2,1,
963,11,4|9|7|7|5|1|8|8|8|5|6|3|6|2|5|3|2|8|3|1|9|2|7|5|4|1|9|6|7|6|9|4|4|3|1|2,FALSE,2,1,
964,9,2|4|3|1|3|1|6|6|4|7|6|4|5|2|3|1|5|2|7|5|6|5|7|4|3|7|2|1,FALSE,2,1,
965,13,3|8|11|1|6|9|8|10|5|7|1|11|3|10|4|6|4|5|10|6|2|9|1|8|7|5|11|4|7|2|9|9|3|4|5|2|3|11|2|7|8|6|10|1,FALSE,2,1,
966,11,5|3|4|2|2|3|1|9|5|1|7|5|3|2|6|8|8|4|6|4|1|7|4|8|9|8|7|6|3|5|2|6|7|9|1|9,FALSE,2,1,
967,11,8|6|7|9|4|3|5|6|4|7|9|3|5|1|6|3|2|4|5|1|1|2|8|4|7|6|9|8|3|5|2|8|7|2|1|9,FALSE,2,1,
968,9,6|4|5|7|3|4|5|2|1|7|2|4|5|6|3|2|7|3|6|1|6|1|7|4|3|5|1|2,FALSE,2,1,
969,9,3|4|2|1|4|1|7|5|3|6|2|5|6|7|5|6|6|7|3|2|5|1|3|4|2|4|1|7,FALSE,2,1,
970,11,5|1|7|6|2|1|3|6|6|2|7|9|4|5|2|4|5|7|8|2|9|4|6|5|1|8|4|3|8|9|3|1|9|8|7|3,FALSE,2,1,
971,11,8|4|5|7|1|2|8|8|1|2|7|7|3|6|5|7|1|3|9|1|4|3|9|9|5|4|6|4|2|8|3|2|9|5|6|6,FALSE,2,1,
972,9,4|2|3|3|4|7|1|1|2|6|4|6|2|1|5|5|2|5|3|3|6|1|7|4|5|7|6|7,FALSE,2,1,
973,11,9|7|1|5|8|5|9|4|8|6|2|6|5|1|8|3|5|6|7|3|6|4|2|9|7|2|1|3|1|8|3|4|4|9|7|2,FALSE,2,1,
974,9,1|5|7|2|1|4|5|4|6|3|1|7|3|5|2|6|1|2|3|7|7|4|6|3|4|6|5|2,FALSE,2,1,
975,13,1|9|10|7|3|5|6|11|8|4|5|10|6|11|1|1|7|3|4|9|4|9|5|5|3|10|7|2|8|2|6|11|1|7|3|8|6|9|2|2|4|8|10|11,FALSE,2,1,
976,11,1|2|3|1|4|7|8|5|2|9|8|4|5|2|6|1|6|7|3|9|3|6|7|5|7|2|1|9|6|5|8|9|8|3|4|4,FALSE,2,1,
977,9,7|1|3|5|2|5|6|3|1|4|3|1|7|1|3|5|7|4|2|2|6|2|7|6|6|5|4|4,FALSE,2,1,
978,13,10|7|3|7|5|3|4|2|9|6|8|6|3|2|4|10|6|9|8|5|1|9|11|5|1|4|11|10|4|2|7|2|11|3|8|9|8|6|5|1|7|1|11|10,FALSE,2,3,
979,9,5|2|3|7|6|3|4|1|5|3|2|4|3|6|2|1|7|6|1|7|1|4|5|5|7|2|4|6,FALSE,2,1,
980,11,9|1|2|5|7|3|1|3|9|5|2|1|8|2|5|6|7|3|9|8|4|6|8|1|2|4|5|7|3|6|4|7|6|9|4|8,FALSE,2,1,
981,9,6|3|2|7|5|6|3|2|4|7|6|2|6|3|7|4|3|5|1|5|5|4|1|4|7|2|1|1,FALSE,2,1,
982,13,6|3|4|10|7|11|8|2|8|5|10|1|10|2|11|11|3|7|6|2|4|8|9|4|5|2|1|5|11|9|5|9|1|6|7|3|7|8|6|10|1|3|4|9,FALSE,2,1,
983,11,9|4|7|6|7|1|8|3|7|1|4|3|9|8|2|5|1|4|2|5|2|9|4|8|8|3|7|5|9|6|5|6|2|1|3|6,FALSE,2,1,
984,11,4|2|8|4|4|3|6|3|2|5|7|1|7|6|3|2|6|8|9|8|2|3|8|6|9|5|1|1|9|5|4|7|7|1|9|5,FALSE,2,1,
985,9,1|4|6|3|3|1|6|2|4|7|2|1|6|1|2|6|2|4|7|5|3|7|5|5|7|4|3|5,FALSE,2,1,
986,11,7|3|6|1|5|9|3|3|2|9|6|7|7|1|6|6|1|5|2|4|8|5|1|2|3|9|8|5|4|8|7|4|8|2|4|9,FALSE,2,1,
987,11,9|5|4|7|1|2|4|5|5|6|7|4|8|9|1|8|7|3|5|2|3|7|6|3|3|9|6|1|2|1|9|4|2|8|6|8,FALSE,2,1,
988,9,2|5|6|3|6|1|5|4|1|2|7|1|5|2|4|4|6|1|7|3|5|3|2|7|3|4|7|6,FALSE,2,1,
989,9,2|7|5|6|1|5|2|3|3|4|7|7|2|4|1|2|3|6|4|1|1|5|6|3|7|4|5|6,FALSE,2,1,
990,13,11|9|5|10|6|2|5|5|4|7|1|10|11|6|3|1|3|10|11|6|6|10|4|7|4|8|1|4|3|5|8|2|7|9|3|9|1|9|8|11|8|7|2|2,FALSE,2,2,
991,11,6|5|1|4|4|3|2|4|8|7|2|5|3|6|8|5|1|7|6|3|2|8|4|7|3|9|8|9|9|5|1|9|7|2|1|6,FALSE,2,1,
992,11,7|2|8|6|4|2|6|9|4|3|8|1|8|6|3|9|7|5|4|6|3|9|5|5|5|4|1|8|7|1|2|3|1|2|9|7,FALSE,2,1,
993,11,1|7|6|1|5|1|7|9|8|3|4|4|3|6|7|6|5|4|9|9|3|1|2|2|7|3|8|8|2|5|6|2|5|9|4|8,FALSE,2,1,
994,13,11|2|6|11|9|4|6|1|10|2|3|9|10|1|8|3|10|7|8|6|7|9|11|4|2|9|3|2|3|6|8|1|4|5|10|5|4|5|8|11|5|1|7|7,FALSE,2,1,
995,11,9|7|4|3|7|8|2|5|2|9|1|4|4|6|7|5|8|1|2|2|6|1|8|3|7|6|9|5|1|5|3|4|8|9|6|3,FALSE,2,1,
996,9,3|6|4|6|6|5|1|1|7|2|5|4|5|2|4|5|2|6|3|7|3|1|7|2|1|3|7|4,FALSE,2,1,
997,11,4|2|3|8|4|7|1|3|7|4|6|5|4|2|9|9|6|5|1|9|2|8|6|5|1|3|8|7|5|2|6|8|9|1|7|3,FALSE,2,1,
998,11,2|5|8|2|5|4|9|1|3|8|2|7|9|3|7|5|8|4|6|9|7|4|1|1|2|6|4|8|7|6|5|3|6|1|3|9,FALSE,2,1,
999,9,7|5|6|7|6|2|3|4|5|6|7|7|2|6|3|3|3|2|4|5|4|1|5|1|2|1|4|1,FALSE,2,1,
1000,9,3|4|2|5|1|6|5|3|6|7|1|7|1|7|3|2|4|6|1|3|6|5|2|4|7|4|2|5,FALSE,2,1,
1001,11,2|9|4|1|1|5|3|7|8|5|1|3|5|2|4|6|7|8|6|8|1|6|9|2|8|7|3|9|2|6|5|9|3|7|4|4,FALSE,2,1,
1002,9,1|3|5|6|3|2|1|1|6|1|2|7|5|7|6|5|5|2|7|4|2|3|4|4|7|6|4|3,FALSE,2,1,
1003,9,7|6|4|5|2|1|6|6|6|3|7|2|7|3|4|1|4|2|5|5|1|2|3|5|3|1|7|4,FALSE,2,1,
1004,13,9|11|8|4|7|6|5|11|4|8|1|2|8|3|7|5|8|11|3|6|11|3|2|1|6|2|9|10|10|7|9|5|7|10|4|1|2|9|1|4|3|10|5|6,FALSE,2,1,
1005,11,2|6|8|2|7|5|6|9|4|5|1|5|5|4|1|9|7|8|3|4|1|7|2|3|2|7|9|6|3|8|4|1|9|3|6|8,FALSE,2,1,
1006,9,7|6|5|1|6|4|1|1|7|5|3|7|3|2|6|5|1|2|3|4|6|4|5|2|4|7|2|3,FALSE,2,1,
1007,13,1|9|10|9|5|7|2|10|3|8|2|1|5|3|8|5|7|6|9|3|1|11|10|7|2|6|8|10|9|11|6|4|6|1|4|11|3|4|5|8|7|4|2|11,FALSE,2,1,
1008,11,4|7|3|5|6|3|9|4|9|6|2|2|8|5|3|1|2|6|9|4|7|2|5|8|5|7|8|4|9|1|6|3|1|8|7|1,FALSE,2,1,
1009,13,9|5|10|8|10|11|1|1|7|2|5|6|2|4|8|4|6|1|3|9|4|7|3|8|5|8|10|6|9|10|1|5|2|11|3|11|3|6|7|9|11|2|7|4,FALSE,2,3,
1010,11,4|6|1|2|8|6|4|9|8|6|7|2|1|2|7|9|5|6|3|8|1|4|5|8|1|5|4|9|5|3|2|7|9|3|7|3,FALSE,2,1,
1011,9,5|6|3|1|2|7|5|2|6|4|2|3|3|1|7|4|5|7|1|5|7|2|3|4|1|6|4|6,FALSE,2,1,
1012,11,5|7|6|8|1|3|2|8|7|6|2|2|9|5|8|4|8|9|3|5|9|1|4|2|3|9|4|7|7|1|3|6|6|1|5|4,FALSE,2,1,
1013,11,8|6|5|6|3|2|8|1|2|5|4|2|5|1|9|2|8|6|1|1|4|8|7|4|7|5|9|9|4|9|7|3|7|3|6|3,FALSE,2,1,
1014,11,3|7|8|6|5|7|4|3|1|3|9|4|2|5|7|8|7|8|1|6|4|9|6|2|8|6|9|2|5|1|4|5|2|3|9|1,FALSE,2,2,
1015,9,5|6|3|4|5|1|7|5|4|5|1|7|7|4|2|6|7|3|1|2|3|2|4|3|2|6|1|6,FALSE,2,1,
1016,9,3|4|5|7|7|1|3|4|6|1|5|3|1|6|2|2|5|1|4|2|3|7|6|2|6|7|5|4,FALSE,2,1,
1017,11,7|1|5|6|5|3|1|5|4|7|2|2|8|6|9|4|3|9|8|8|3|4|6|5|9|2|7|2|7|8|1|3|4|6|1|9,FALSE,2,1,
1018,9,4|3|7|5|6|3|4|1|3|2|6|1|2|5|4|2|7|4|3|1|7|5|1|5|7|2|6|6,FALSE,2,1,
1019,11,6|7|3|2|9|7|3|3|2|8|1|3|4|7|9|6|9|5|8|1|5|8|2|5|2|1|4|7|8|9|6|4|1|6|4|5,FALSE,2,2,
1020,13,3|2|8|10|2|7|5|8|3|5|4|9|1|6|8|11|3|11|6|5|4|7|1|4|1|3|2|4|1|5|7|2|8|7|10|10|6|10|9|11|11|9|6|9,FALSE,2,3,
1021,9,3|2|5|2|1|2|3|6|2|5|7|1|4|7|5|4|6|1|3|6|5|6|4|7|7|1|4|3,FALSE,2,1,
1022,13,11|4|3|1|5|3|2|10|9|2|11|5|9|10|3|7|5|4|6|8|8|7|4|7|2|1|5|8|1|9|10|2|10|11|4|6|3|6|1|9|8|7|6|11,FALSE,2,1,
1023,11,1|6|8|6|9|2|5|6|7|8|1|3|7|6|3|3|8|1|7|5|2|7|8|2|4|2|9|4|1|5|3|9|9|5|4|4,FALSE,2,1,
1024,9,2|5|4|2|6|4|3|5|3|7|5|6|2|1|4|6|7|2|1|1|7|6|3|5|4|3|7|1,FALSE,2,1,
1025,9,7|3|2|4|2|5|1|7|7|1|5|5|4|2|6|6|5|1|3|4|6|3|4|6|1|3|2|7,FALSE,2,1,
1026,13,8|1|4|11|9|3|11|5|5|3|9|1|7|3|11|10|9|7|5|10|6|1|8|2|11|6|9|6|7|5|3|2|7|10|8|2|10|4|2|8|1|4|6|4,FALSE,2,1,
1027,11,3|4|2|6|4|1|5|5|3|2|9|4|8|7|2|3|9|1|6|5|7|4|2|6|9|6|7|8|7|3|1|9|1|5|8|8,FALSE,2,1,
1028,11,9|5|4|3|8|4|9|3|6|5|2|9|5|9|8|6|8|4|1|1|7|3|6|3|2|8|7|2|6|1|4|5|1|2|7|7,FALSE,2,1,
1029,11,7|2|5|1|8|4|6|8|4|9|5|7|4|9|6|1|2|5|8|6|9|1|3|4|3|2|9|3|7|3|2|8|1|7|6|5,FALSE,2,1,
1030,9,7|4|1|6|1|7|5|2|3|2|6|3|2|3|4|5|5|1|6|7|2|7|1|3|5|4|6|4,FALSE,2,1,
1031,9,7|4|1|7|3|1|6|7|2|5|3|3|6|2|7|1|3|2|5|6|4|6|5|4|5|4|2|1,FALSE,2,1,
1032,11,5|6|2|9|8|4|5|4|1|7|8|8|9|6|2|2|7|3|6|3|7|1|9|1|9|3|1|5|7|5|4|8|3|4|2|6,FALSE,2,1,
1033,11,5|6|1|7|3|2|7|7|7|1|2|5|9|2|5|4|8|6|9|4|8|6|4|9|9|6|3|4|8|5|3|2|3|8|1|1,FALSE,2,1,
1034,11,4|2|9|7|7|4|1|8|1|5|3|2|9|4|8|5|3|1|9|7|8|6|3|1|5|7|9|6|2|3|5|4|8|2|6|6,FALSE,2,1,
1035,13,2|3|11|1|2|1|5|8|9|6|1|4|6|2|9|5|5|8|9|7|6|10|7|5|11|4|2|3|9|4|10|6|3|10|8|11|1|7|11|4|10|8|7|3,FALSE,2,3,
1036,9,2|6|3|4|3|7|4|5|1|4|7|5|6|1|2|1|5|7|3|4|5|2|1|6|6|3|2|7,FALSE,2,1,
1037,11,8|4|3|3|7|1|5|3|3|1|7|2|6|4|2|9|8|9|7|2|6|1|4|6|5|4|8|1|6|9|5|7|8|5|2|9,FALSE,2,1,
1038,13,10|11|8|5|2|8|1|10|8|7|5|1|10|8|3|9|11|4|7|11|7|2|9|6|5|10|6|11|5|6|4|4|2|4|3|3|2|9|3|7|6|9|1|1,FALSE,2,1,
1039,11,5|2|3|7|8|7|5|4|1|7|9|9|1|8|9|2|7|8|2|3|6|3|4|2|8|6|5|6|3|5|4|1|4|9|1|6,FALSE,2,1,
1040,9,1|7|5|3|5|4|1|3|3|7|2|4|4|2|5|1|2|6|4|6|6|1|7|2|5|6|3|7,FALSE,2,1,
1041,9,1|4|3|7|2|4|1|6|4|7|5|1|3|2|6|3|6|5|2|4|1|5|2|3|5|6|7|7,FALSE,2,1,
1042,11,7|6|3|9|8|6|5|9|3|1|2|1|6|5|4|2|8|3|4|7|1|7|8|5|9|4|1|3|2|7|9|6|5|2|8|4,FALSE,2,1,
1043,9,4|2|7|6|2|7|1|5|3|4|6|1|6|1|2|2|7|4|3|3|7|5|1|5|4|3|6|5,FALSE,2,1,
1044,13,1|6|10|4|11|8|6|9|4|3|7|5|11|10|1|9|1|2|4|6|3|2|8|7|8|5|11|7|2|11|4|6|9|5|3|10|1|9|3|8|7|5|10|2,FALSE,2,2,
1045,11,9|5|1|9|5|6|8|9|2|4|3|3|4|8|6|7|7|4|8|5|6|9|5|3|1|2|7|3|8|6|2|1|4|2|7|1,FALSE,2,1,
1046,11,7|9|6|1|2|7|6|9|1|9|5|8|9|6|3|3|3|8|2|2|8|4|1|4|3|2|4|8|1|5|7|5|6|5|4|7,FALSE,2,1,
1047,11,8|7|6|3|6|5|4|7|5|9|6|3|7|9|8|1|8|1|2|3|6|4|1|9|1|5|2|5|4|3|7|8|2|4|9|2,FALSE,2,1,
1048,9,2|7|5|7|3|4|5|5|5|4|7|6|2|3|1|3|6|3|1|4|1|6|4|1|7|2|6|2,FALSE,2,1,
1049,13,3|1|4|1|8|6|4|8|10|6|11|10|11|8|5|4|5|9|6|5|11|3|10|7|7|6|11|9|2|10|4|9|5|7|2|9|8|1|2|1|7|2|3|3,FALSE,2,1,
1050,9,1|3|6|6|4|1|5|4|5|2|7|5|7|1|3|2|7|3|2|5|3|4|1|7|4|2|6|6,FALSE,2,1,
1051,11,1|8|2|7|3|2|4|9|6|2|7|5|9|8|1|6|2|3|7|1|4|1|5|3|4|5|9|4|9|6|8|8|7|3|5|6,FALSE,2,1,
1052,9,7|3|2|4|4|7|2|1|5|4|7|5|3|5|1|1|3|7|6|5|4|2|3|6|1|6|2|6,FALSE,2,1,
1053,11,3|8|5|8|4|9|1|8|3|9|1|2|8|6|3|2|6|1|2|5|6|9|7|7|5|4|7|6|4|1|2|4|3|9|7|5,FALSE,2,3,
1054,13,9|4|3|10|7|9|10|7|5|8|1|8|2|1|6|6|2|6|8|3|11|4|3|2|2|5|10|11|6|7|8|11|11|4|5|1|4|7|3|9|1|9|5|10,FALSE,2,1,
1055,11,5|6|3|9|8|3|5|5|6|9|7|7|9|2|1|2|1|8|7|4|9|4|6|6|1|3|2|7|4|2|8|4|1|3|5|8,FALSE,2,1,
1056,9,6|3|4|2|1|3|5|5|5|7|4|6|6|7|3|3|7|2|6|1|2|1|7|4|2|4|1|5,FALSE,2,1,
1057,13,9|6|7|3|7|9|5|4|1|9|2|5|11|1|5|10|4|6|5|2|10|1|3|6|11|2|7|10|9|8|4|4|10|3|2|11|8|11|6|3|7|1|8|8,FALSE,2,2,
1058,11,3|6|2|5|5|1|3|7|4|8|5|9|2|7|6|8|9|2|4|9|8|3|7|7|3|9|1|6|1|5|8|4|6|1|4|2,FALSE,2,1,
1059,11,7|9|8|7|1|7|9|3|4|1|6|6|6|8|4|5|6|3|2|4|2|1|8|5|7|1|8|9|4|2|9|5|5|3|2|3,FALSE,2,1,
1060,9,5|7|6|3|2|7|4|1|6|2|1|6|5|4|2|2|4|3|6|3|1|4|5|7|1|7|3|5,FALSE,2,1,
1061,11,4|9|1|3|3|2|4|9|9|4|6|7|8|1|7|2|5|7|4|7|8|1|5|5|3|5|8|2|1|2|6|3|6|9|8|6,FALSE,2,3,
1062,11,2|1|9|9|1|7|8|8|7|4|8|5|3|2|4|4|6|5|2|9|3|5|6|3|7|6|1|1|9|4|6|3|7|8|2|5,FALSE,2,1,
1063,9,2|7|3|4|6|1|7|2|6|3|2|5|3|7|6|2|7|5|4|1|5|1|4|5|4|3|1|6,FALSE,2,1,
1064,9,3|6|1|2|4|2|6|3|4|3|7|5|2|5|7|2|1|3|7|5|6|1|4|4|1|6|7|5,FALSE,2,1,
1065,13,4|2|8|10|8|1|6|6|11|5|7|3|10|5|3|1|3|11|7|2|5|8|9|11|6|2|5|4|4|1|10|2|6|7|1|9|4|10|9|9|7|3|8|11,FALSE,2,1,
1066,9,4|5|7|3|3|6|7|3|2|6|7|3|4|5|1|1|4|1|6|5|7|6|2|2|2|4|5|1,FALSE,2,1,
1067,11,7|9|4|5|2|4|3|8|1|6|9|7|3|1|6|5|2|7|3|1|9|5|2|6|3|4|5|9|8|4|1|2|7|8|6|8,FALSE,2,1,
1068,11,7|8|6|7|8|9|5|2|3|5|6|4|5|7|8|5|9|3|6|2|7|2|3|9|4|1|8|4|1|9|2|3|1|4|6|1,FALSE,2,1,
1069,11,4|6|3|1|8|7|5|7|2|3|6|8|7|9|8|2|1|2|4|4|5|8|7|5|9|1|5|2|6|3|9|4|9|6|3|1,FALSE,2,1,
1070,13,3|2|9|6|2|11|8|4|11|3|7|10|7|2|5|1|10|9|1|1|4|5|10|3|1|7|4|7|4|8|6|11|8|2|11|5|8|10|9|5|3|9|6|6,FALSE,2,2,
1071,9,1|5|4|2|6|4|7|5|3|1|7|6|7|2|1|3|6|4|2|2|5|7|6|3|4|3|1|5,FALSE,2,1,
1072,9,6|1|7|3|5|6|4|4|3|7|2|7|5|4|2|2|4|1|5|5|1|3|6|6|2|7|3|1,FALSE,2,1,
1073,11,2|5|4|6|7|6|8|8|1|9|3|7|2|6|9|1|2|7|4|3|3|1|4|1|6|4|5|8|2|8|7|9|3|5|9|5,FALSE,2,1,
1074,11,9|7|6|3|3|8|7|1|7|3|2|2|7|8|1|6|2|1|4|9|6|3|5|4|9|8|5|8|9|2|1|4|6|4|5|5,FALSE,2,3,
1075,9,3|5|6|7|4|5|1|4|1|2|7|6|1|2|5|7|4|2|3|3|2|6|4|1|7|6|5|3,FALSE,2,1,
1076,13,4|8|3|1|1|6|8|3|6|10|7|2|2|8|5|5|2|7|9|6|9|4|10|3|5|2|3|1|6|7|4|8|10|4|11|11|5|7|11|9|10|1|11|9,FALSE,2,2,
1077,11,9|3|8|1|2|3|5|1|7|2|4|8|4|5|9|7|7|9|1|1|5|3|8|4|8|6|2|7|3|4|2|6|6|5|9|6,FALSE,2,1,
1078,9,1|7|6|6|4|5|2|1|1|3|5|7|2|7|3|5|6|2|3|2|5|4|6|3|7|1|4|4,FALSE,2,1,
1079,9,7|4|6|3|2|1|6|5|3|5|2|1|1|3|5|1|4|7|6|2|6|2|7|4|3|4|5|7,FALSE,2,1,
1080,11,5|1|7|9|3|2|5|1|8|2|1|4|4|2|3|8|4|9|3|7|5|7|8|6|3|2|9|5|8|9|6|7|4|1|6|6,FALSE,2,1,
1081,11,1|5|3|3|7|2|8|6|8|7|4|2|1|5|3|6|4|7|9|3|5|7|1|2|5|9|1|4|8|4|6|2|6|9|8|9,FALSE,2,1,
1082,9,3|6|1|1|2|4|3|1|4|3|2|4|7|2|4|5|3|7|6|5|6|2|7|6|7|5|1|5,FALSE,2,1,
1083,11,1|8|7|1|4|9|6|4|9|4|3|2|6|5|2|5|5|7|1|9|8|2|5|7|6|1|8|6|7|8|4|3|3|9|2|3,FALSE,2,1,
1084,13,10|3|2|5|5|7|8|4|9|5|6|11|1|6|5|6|8|4|10|7|2|11|1|9|6|2|9|8|10|8|7|3|11|3|1|4|4|7|1|10|11|9|2|3,FALSE,2,1,
1085,11,2|8|4|6|7|5|8|1|9|3|2|4|6|5|2|6|7|3|8|4|1|2|5|7|3|9|1|3|5|9|7|9|6|8|1|4,FALSE,2,1,
1086,11,4|7|9|2|7|8|4|6|1|5|4|3|9|7|1|1|2|8|9|3|6|2|5|3|9|2|8|6|4|1|6|5|5|3|7|8,FALSE,2,1,
1087,9,5|6|1|7|3|2|7|2|6|1|4|5|2|1|4|6|5|6|3|5|1|3|7|4|7|2|4|3,FALSE,2,1,
1088,9,4|2|5|1|7|3|5|3|5|1|2|4|2|7|1|6|5|2|6|6|1|6|3|7|7|3|4|4,FALSE,2,1,
1089,13,9|4|10|2|3|4|9|1|5|8|3|10|9|8|5|5|1|8|6|3|5|11|10|7|8|7|1|7|3|6|7|6|2|10|9|4|4|11|2|2|6|1|11|11,FALSE,2,1,
1090,9,2|1|4|3|2|1|6|4|6|1|5|7|6|1|3|3|4|7|2|7|7|4|5|6|3|2|5|5,FALSE,2,1,
1091,13,4|11|5|1|11|7|5|8|2|6|7|8|3|1|5|10|1|11|9|10|11|5|2|10|2|1|8|8|9|3|4|9|4|6|3|4|2|9|7|6|3|6|7|10,FALSE,2,1,
1092,11,6|8|2|6|9|2|8|3|7|1|3|7|5|3|7|5|8|4|9|1|5|1|9|8|5|6|4|3|9|7|2|4|2|1|4|6,FALSE,2,1,
1093,9,7|5|2|4|7|6|1|6|5|4|3|5|6|4|2|1|3|2|6|7|1|5|3|3|2|4|1|7,FALSE,2,1,
1094,11,8|3|6|7|4|6|9|7|2|5|4|5|5|4|1|7|1|3|9|8|3|5|2|9|6|2|4|8|1|3|6|7|9|2|8|1,FALSE,2,1,
1095,11,9|5|6|8|4|9|1|8|5|9|4|6|8|7|1|1|2|4|3|8|5|3|2|3|3|1|4|6|6|2|7|7|7|9|5|2,FALSE,2,1,
1096,9,5|7|6|1|5|3|1|2|4|6|2|3|1|6|2|3|6|7|1|4|2|7|4|5|5|3|7|4,FALSE,2,3,
1097,11,8|1|4|4|4|5|2|1|1|6|7|3|9|5|3|8|5|7|8|6|8|9|6|6|1|2|3|9|2|5|7|7|9|4|2|3,FALSE,2,1,
1098,9,5|6|4|1|1|7|2|3|4|6|2|4|3|6|4|7|1|3|5|5|7|2|1|7|5|2|3|6,FALSE,2,1,
1099,13,1|11|6|8|11|6|4|1|2|1|5|3|7|9|10|2|3|7|4|9|3|5|8|7|10|3|11|9|5|6|2|2|4|7|1|10|8|6|10|4|5|8|9|11,FALSE,2,3,
1100,11,8|4|1|9|6|9|8|2|5|4|3|7|3|6|2|7|7|5|3|1|1|5|9|9|8|4|1|8|7|6|2|4|5|6|2|3,FALSE,2,2,
1101,9,7|2|4|5|3|5|1|2|7|3|5|1|6|2|4|3|5|6|3|7|7|6|1|1|2|6|4|4,FALSE,2,1,
1102,11,7|8|5|9|1|6|3|4|2|1|7|6|9|1|4|5|2|3|5|9|8|1|4|5|3|6|2|6|7|2|9|7|4|3|8|8,FALSE,2,1,
1103,9,4|7|1|2|1|2|5|7|1|3|2|5|3|4|7|1|2|5|3|6|5|6|3|4|6|4|7|6,FALSE,2,1,
1104,11,6|5|7|4|3|1|9|6|2|9|5|8|1|2|7|3|4|8|1|7|8|4|6|1|4|3|5|3|2|6|9|9|5|7|8|2,FALSE,2,1,
1105,11,4|3|6|9|6|4|9|2|1|2|9|8|1|8|3|3|3|5|2|7|7|9|2|6|5|6|1|4|7|4|8|8|5|1|7|5,FALSE,2,1,
1106,13,8|3|2|7|1|9|10|2|6|5|2|2|6|9|10|4|3|1|6|11|11|9|7|5|7|9|8|4|5|11|3|7|6|1|11|4|1|8|10|8|3|10|5|4,FALSE,2,1,
1107,11,9|4|5|6|1|5|8|2|6|7|1|6|8|4|6|2|4|9|2|3|1|9|5|7|2|3|7|1|5|9|4|3|8|7|3|8,FALSE,2,1,
1108,9,3|2|6|5|1|7|3|4|4|6|1|5|7|5|2|2|6|3|5|7|2|4|6|1|1|4|3|7,FALSE,2,1,
1109,9,3|7|5|6|1|6|2|7|2|1|4|4|7|1|2|5|4|3|2|5|5|4|6|3|1|7|6|3,FALSE,2,1,
1110,11,2|7|5|4|6|4|2|1|8|9|7|1|3|1|9|9|9|6|8|4|7|8|2|1|7|6|3|5|6|3|5|5|4|2|3|8,FALSE,2,1,
1111,13,1|4|10|9|6|5|8|5|11|6|7|3|5|6|11|10|8|7|1|3|9|5|2|10|2|3|4|11|8|2|9|3|10|4|7|7|2|11|8|1|6|4|1|9,FALSE,2,1,
1112,9,3|5|1|4|7|2|4|1|5|6|7|3|7|6|3|5|1|6|7|2|5|3|2|4|2|1|6|4,FALSE,2,1,
1113,13,8|1|11|5|1|4|6|10|2|3|10|4|11|5|8|1|2|11|6|8|9|3|10|4|3|4|7|9|1|2|7|5|6|8|9|11|10|2|7|6|9|5|3|7,FALSE,2,1,
1114,9,6|2|4|5|4|6|3|6|2|5|1|1|2|1|7|3|5|4|7|3|3|6|4|2|1|7|5|7,FALSE,2,1,
1115,11,1|5|8|3|3|8|1|7|4|9|6|4|7|5|2|2|9|6|8|8|7|1|4|7|2|4|5|9|3|6|5|9|3|2|6|1,FALSE,2,1,
1116,11,1|8|7|4|9|4|8|7|6|5|1|5|1|4|6|8|2|3|6|8|5|3|9|7|2|1|3|9|4|2|5|2|9|7|3|6,FALSE,2,1,
1117,9,1|5|3|5|3|7|6|5|6|3|4|4|4|2|7|4|7|1|2|2|1|3|6|7|2|5|6|1,FALSE,2,1,
1118,9,2|4|5|3|1|7|2|6|4|6|7|5|5|3|1|4|6|4|7|2|5|6|1|2|7|1|3|3,FALSE,2,1,
1119,11,6|3|7|3|3|4|6|8|9|7|8|2|6|7|2|1|9|3|4|9|2|5|8|1|4|5|9|7|1|5|4|8|1|6|2|5,FALSE,2,1,
1120,11,9|7|4|1|5|7|3|8|7|3|8|5|9|5|8|1|3|2|6|6|2|7|1|9|6|3|2|6|8|9|1|4|4|5|2|4,FALSE,2,1,
1121,13,11|3|10|1|2|5|8|10|2|9|10|4|4|7|6|3|7|4|3|5|9|7|11|2|2|1|9|11|6|5|8|4|10|3|6|7|1|11|8|8|6|9|1|5,FALSE,2,3,
1122,11,7|2|9|4|5|1|4|8|3|4|6|9|8|3|4|6|2|6|9|5|2|8|1|5|6|9|7|7|3|2|5|8|3|7|1|1,FALSE,2,2,
1123,11,1|7|3|9|5|4|7|9|2|1|9|8|5|1|2|7|4|8|3|8|2|6|3|4|3|8|4|6|6|2|5|5|9|7|1|6,FALSE,2,2,
1124,9,2|4|3|1|7|5|1|1|1|2|6|4|7|5|3|4|6|5|7|3|6|2|4|2|3|5|7|6,FALSE,2,1,
1125,14,2|6|6|6|5|9|7|3|8|1|2|5|10|7|1|12|9|1|11|11|6|8|4|5|10|11|10|3|2|12|1|9|10|8|9|3|12|4|4|2|8|12|4|5|7|11|3|7,FALSE,2,1,
1126,13,6|5|3|9|9|3|4|4|1|6|5|3|7|9|6|2|8|1|10|10|5|11|7|2|8|5|2|11|3|7|11|1|8|4|1|11|2|10|9|4|7|6|8|10,FALSE,2,1,
1127,11,3|3|6|8|7|1|6|7|2|5|6|5|2|5|8|4|1|9|8|7|6|2|7|4|1|9|9|1|4|5|8|9|3|2|3|4,FALSE,2,1,
1128,11,6|9|1|1|3|5|2|6|2|8|7|5|8|7|2|6|7|1|9|7|2|4|3|3|5|1|8|8|3|6|4|9|4|9|5|4,FALSE,2,1,
1129,14,1|1|5|9|2|6|2|4|10|6|12|3|10|11|4|6|7|12|10|3|2|2|7|12|8|12|8|4|8|8|1|5|9|11|3|5|11|7|11|7|9|6|3|5|9|4|1|10,FALSE,2,1,
1130,11,8|6|7|9|2|5|6|2|4|4|4|1|3|9|7|5|3|6|5|4|6|8|9|5|7|8|7|3|9|2|8|2|3|1|1|1,FALSE,2,1,
1131,11,3|6|1|9|5|6|2|7|9|3|9|7|5|9|4|7|8|5|7|4|4|8|8|1|8|1|2|4|6|2|1|2|3|3|6|5,FALSE,2,1,
1132,14,10|2|6|12|12|1|8|1|10|7|11|9|10|5|5|2|6|8|7|9|3|11|6|8|9|9|6|1|12|5|7|5|1|2|4|4|3|7|12|3|4|10|4|3|11|8|11|2,FALSE,2,3,
1133,11,4|7|7|5|9|5|7|2|8|6|1|6|3|9|4|4|2|1|1|2|5|6|5|3|9|8|9|2|3|4|8|3|6|7|1|8,FALSE,2,1,
1134,14,5|6|2|5|10|11|10|12|7|10|11|8|1|4|11|8|3|7|11|4|7|7|8|9|2|1|2|6|2|6|3|9|9|5|4|12|12|12|5|9|3|1|4|3|10|1|8|6,FALSE,2,2,
1135,14,5|10|11|8|9|4|3|1|5|12|7|3|2|7|11|3|10|1|6|6|2|8|9|10|8|1|1|2|6|4|4|6|4|7|9|5|12|12|8|12|9|2|7|10|11|5|11|3,FALSE,2,1,
1136,14,9|2|5|7|7|5|5|11|1|4|6|10|9|1|10|7|6|10|8|1|6|2|6|4|3|1|3|4|12|11|4|5|12|12|11|2|2|3|3|9|8|8|9|12|8|11|10|7,FALSE,2,3,
1137,11,6|6|6|2|3|5|8|9|6|4|7|1|2|4|2|9|3|7|5|9|7|3|1|8|8|7|3|1|9|4|4|1|2|5|8|5,FALSE,2,1,
1138,14,3|7|12|12|7|7|11|2|2|5|12|4|9|11|4|3|9|9|2|12|11|10|4|3|4|8|5|1|8|8|1|1|11|2|6|10|10|6|6|5|1|8|6|3|10|7|9|5,FALSE,2,2,
1139,11,1|7|7|5|8|1|3|4|1|5|7|3|7|1|8|9|6|3|2|9|8|5|5|9|2|6|4|2|6|3|9|8|2|4|6|4,FALSE,2,1,
1140,11,8|9|4|8|2|5|3|7|9|4|4|3|3|2|5|6|1|1|1|7|6|1|4|2|9|5|9|7|6|7|8|5|2|3|6|8,FALSE,2,1,
1141,14,5|2|4|9|1|7|5|5|3|1|1|7|6|10|9|11|4|4|10|12|2|10|1|12|9|10|5|3|6|4|6|7|12|8|2|8|11|2|12|3|3|8|11|11|8|9|6|7,FALSE,2,2,
1142,14,3|1|12|8|5|10|7|10|12|4|4|8|2|10|1|11|5|7|3|9|5|2|7|8|4|11|1|3|12|3|7|9|9|6|4|9|6|12|11|2|2|11|6|6|1|10|5|8,FALSE,2,1,
1143,11,1|3|1|4|4|7|2|6|6|5|3|7|9|9|5|5|3|7|1|4|8|8|5|2|4|2|2|7|9|6|9|8|3|6|8|1,FALSE,2,1,
1144,14,11|8|9|4|11|1|4|12|2|10|3|7|12|4|6|10|11|6|1|7|8|5|9|3|10|2|1|12|5|12|2|8|6|6|1|11|7|8|10|4|3|2|3|9|5|9|7|5,FALSE,2,3,
1145,11,6|5|9|1|2|8|5|9|7|5|2|9|4|3|8|2|4|1|6|3|6|3|4|1|7|1|8|3|7|6|5|2|8|4|9|7,FALSE,2,1,
1146,14,10|8|5|12|9|6|1|10|7|4|11|12|7|11|4|9|2|11|10|1|11|1|6|8|12|2|5|9|5|7|7|6|8|1|12|3|2|4|10|3|6|4|3|8|3|9|2|5,FALSE,2,2,
1147,11,1|4|8|6|8|2|1|6|6|3|2|4|2|8|6|5|3|4|3|3|9|5|7|9|7|2|5|1|1|9|7|8|4|7|5|9,FALSE,2,1,
1148,14,12|4|9|8|6|1|7|3|3|6|4|2|2|10|9|6|1|5|12|12|9|11|7|10|8|10|8|6|7|3|9|7|11|3|1|11|2|4|5|10|1|2|5|5|4|11|8|12,FALSE,2,3,
1149,14,1|12|2|9|11|9|12|5|11|1|8|5|4|1|5|2|3|10|8|11|9|12|7|3|4|2|6|11|7|12|10|8|1|2|9|3|4|7|8|5|10|3|4|6|10|7|6|6,FALSE,2,1,
1150,11,3|1|8|7|5|4|1|6|8|6|2|8|7|3|2|6|4|9|6|1|5|5|1|5|2|8|7|4|4|3|3|2|7|9|9|9,FALSE,2,1,
1151,11,6|5|9|5|7|9|6|7|5|3|4|8|7|3|7|8|2|8|1|2|9|1|1|3|4|4|2|5|9|8|4|2|3|6|1|6,FALSE,2,1,
1152,14,2|6|11|11|1|11|12|2|9|8|1|10|4|5|9|7|9|5|3|6|10|8|7|5|4|11|12|1|4|6|3|3|8|12|12|2|1|4|10|10|6|7|2|7|9|8|3|5,FALSE,2,1,
1153,14,10|9|6|5|10|7|11|4|9|12|2|8|1|7|12|10|8|3|6|12|3|3|8|2|9|1|6|2|4|5|7|6|5|3|7|11|2|11|9|5|4|1|1|4|8|11|12|10,FALSE,2,3,
1154,11,2|8|7|1|5|4|1|6|1|8|1|9|9|2|9|5|3|3|2|6|8|3|9|7|3|2|6|5|4|6|7|4|7|4|8|5,FALSE,2,1,
1155,14,10|7|8|7|6|8|10|9|7|3|3|4|4|8|12|12|4|1|9|6|1|11|6|10|11|9|2|5|8|11|5|2|10|11|4|1|3|12|3|5|9|12|6|7|5|1|2|2,FALSE,2,1,
1156,11,3|3|5|3|2|9|7|2|8|5|6|4|7|5|7|9|5|1|4|4|4|6|1|9|6|1|2|8|2|6|8|9|8|3|7|1,FALSE,2,1,
1157,11,3|8|8|4|9|7|2|2|5|1|8|6|7|3|6|6|7|5|5|9|1|4|6|4|3|2|8|9|5|1|4|1|9|2|3|7,FALSE,2,1,
1158,11,7|6|8|4|9|4|2|7|2|6|5|6|2|7|9|3|2|5|8|6|3|4|8|9|5|4|1|1|8|1|5|9|3|7|1|3,FALSE,2,2,
1159,14,6|10|2|9|11|5|2|9|4|10|11|6|10|8|12|12|8|1|11|5|1|2|5|12|11|6|12|8|2|1|10|7|4|3|3|6|1|3|9|8|7|4|7|7|5|3|4|9,FALSE,2,1,
1160,14,2|7|4|12|2|12|1|11|6|6|10|1|11|10|2|11|10|7|3|1|8|8|9|3|2|9|5|12|5|7|1|6|12|9|11|5|10|9|5|4|8|4|3|4|8|3|7|6,FALSE,2,1,
1161,14,3|8|11|10|12|7|3|10|6|6|5|2|12|4|8|9|3|4|6|11|9|4|5|5|8|4|1|10|7|11|1|9|8|9|5|2|10|1|1|11|2|12|2|12|3|7|7|6,FALSE,2,1,
1162,11,8|4|8|9|4|7|1|1|1|6|9|5|6|7|6|8|3|6|5|4|3|1|5|2|7|2|5|3|8|9|4|2|7|3|9|2,FALSE,2,1,
1163,11,4|5|5|3|5|8|8|1|9|7|5|2|3|1|7|4|4|9|3|6|1|8|1|7|4|6|7|6|9|2|3|2|2|6|8|9,FALSE,2,1,
1164,14,6|3|2|6|4|7|11|12|1|10|1|9|8|5|8|9|12|8|4|7|5|3|7|10|2|3|1|12|5|11|4|9|10|9|8|2|1|11|2|6|10|12|4|6|5|11|3|7,FALSE,2,1,
1165,11,8|2|2|9|7|8|7|8|9|1|1|6|4|4|4|5|9|5|9|6|3|3|6|7|5|6|1|7|1|2|3|4|2|5|3|8,FALSE,2,1,
1166,11,2|9|2|6|7|9|4|6|2|8|3|3|1|8|7|1|4|9|7|8|6|3|4|4|7|1|5|5|9|1|2|3|5|5|8|6,FALSE,2,1,
1167,14,1|12|10|9|2|8|5|2|2|2|4|10|9|12|7|11|6|12|5|9|8|3|11|12|11|6|5|11|1|6|3|5|8|3|1|7|7|10|1|7|10|4|3|4|6|9|8|4,FALSE,2,1,
1168,14,8|11|4|9|5|6|8|2|4|3|1|3|12|5|1|12|10|7|2|1|11|10|4|5|11|9|12|2|6|7|12|7|4|9|2|6|10|3|10|11|8|5|6|1|8|9|3|7,FALSE,2,1,
1169,14,4|1|10|5|4|11|6|4|9|7|10|8|8|1|10|1|12|2|5|3|7|12|11|3|7|3|11|9|2|5|2|4|6|3|6|5|8|2|11|6|7|12|10|12|9|9|1|8,FALSE,2,3,
1170,11,2|4|5|9|3|3|7|7|1|8|7|5|1|8|3|4|7|1|2|6|4|5|8|1|6|8|9|9|5|6|2|3|2|9|6|4,FALSE,2,1,
1171,11,2|6|9|8|7|7|4|2|1|8|2|9|5|5|9|3|2|3|8|3|1|6|8|7|3|7|6|4|9|5|4|6|5|1|4|1,FALSE,2,1,
1172,14,6|1|4|4|6|2|6|5|12|11|7|1|6|3|5|11|9|1|9|9|4|7|3|3|12|3|2|10|7|11|8|4|8|1|5|9|10|2|7|11|2|12|8|10|12|5|8|10,FALSE,2,1,
1173,14,4|4|4|1|1|2|3|2|12|1|12|8|9|9|7|12|7|5|4|5|8|3|6|12|11|6|10|10|3|11|10|5|5|7|2|10|7|2|11|6|1|8|11|8|6|3|9|9,FALSE,2,1,
1174,11,9|8|6|5|3|8|1|1|5|2|4|3|7|4|1|2|7|9|4|4|9|8|3|6|6|7|1|2|7|2|5|5|6|8|3|9,FALSE,2,1,
1175,14,8|10|3|7|10|5|3|1|7|6|1|2|12|11|10|6|8|11|4|5|3|6|10|4|7|12|9|11|1|9|9|4|11|1|2|5|7|8|12|3|8|2|4|6|2|12|5|9,FALSE,2,2,
1176,11,4|9|1|7|6|7|5|5|8|4|3|2|2|7|9|8|6|5|9|4|4|8|6|1|9|2|5|6|2|1|1|3|7|8|3|3,FALSE,2,1,
1177,11,1|4|6|5|8|7|3|3|3|1|9|2|4|9|8|8|2|8|9|1|7|7|5|2|7|1|6|5|5|9|6|6|2|4|3|4,FALSE,2,1,
1178,11,4|4|2|6|9|4|9|6|1|3|2|8|8|9|1|2|5|7|5|1|3|5|6|4|7|6|8|7|7|3|3|8|2|5|1|9,FALSE,2,1,
1179,14,2|3|6|10|6|1|12|11|7|6|8|8|1|8|3|11|9|10|4|1|11|5|5|7|12|11|3|10|10|12|2|7|5|2|9|2|7|12|1|8|5|4|4|9|4|6|3|9,FALSE,2,1,
1180,14,6|12|9|11|9|1|12|11|2|6|2|8|3|2|11|7|7|12|12|6|4|4|1|4|7|2|9|10|10|5|9|8|5|10|3|8|7|3|1|3|4|8|5|11|1|5|6|10,FALSE,2,3,
1181,14,5|5|8|1|7|10|2|10|1|7|3|2|11|7|8|4|12|10|11|10|4|3|1|2|5|8|5|6|9|3|12|9|3|2|1|6|12|7|9|4|6|8|6|4|11|9|12|11,FALSE,2,1,
1182,11,6|8|3|9|6|1|2|2|3|3|4|7|8|8|4|1|2|7|8|2|5|1|5|9|6|4|6|5|4|5|3|9|9|7|7|1,FALSE,2,1,
1183,11,3|3|8|1|8|5|1|2|2|4|6|5|9|1|2|9|7|4|7|8|8|7|6|2|4|1|3|5|7|9|5|4|6|6|9|3,FALSE,2,1,
1184,14,6|8|12|4|2|5|9|8|4|2|2|10|11|11|6|7|12|9|4|12|7|9|1|3|8|1|2|11|3|4|7|11|6|7|5|5|8|1|3|10|1|10|5|10|6|9|3|12,FALSE,2,1,
1185,14,12|4|5|6|8|7|8|1|4|2|9|7|6|12|9|9|11|2|10|10|3|7|6|1|3|7|5|6|4|8|4|12|5|9|10|3|8|11|2|3|12|5|1|10|1|11|11|2,FALSE,2,1,
1186,14,3|2|10|3|7|10|4|5|11|11|6|6|9|3|5|7|8|2|1|11|9|9|1|7|12|4|6|12|8|2|12|4|10|10|5|1|11|12|3|9|8|4|7|1|6|8|5|2,FALSE,2,1,
1187,11,1|9|6|8|4|4|6|7|7|1|5|7|5|5|6|2|8|4|2|3|9|3|9|3|1|6|9|3|5|2|4|8|8|7|1|2,FALSE,2,2,
1188,11,3|2|8|2|4|7|7|5|4|3|6|7|8|4|3|1|8|5|1|2|3|9|9|8|5|9|1|2|1|5|6|6|4|9|6|7,FALSE,2,1,
1189,11,7|3|8|3|7|5|1|8|5|9|6|5|2|9|8|3|1|6|5|9|4|9|1|3|1|2|7|8|4|2|6|7|2|4|4|6,FALSE,2,1,
1190,11,2|4|9|2|3|7|1|5|1|3|6|5|6|9|8|7|4|5|4|3|8|6|1|6|5|2|7|9|8|3|8|4|2|7|1|9,FALSE,2,1,
1191,14,2|10|7|5|12|2|10|5|7|6|12|10|5|8|2|4|8|3|8|9|11|6|3|4|1|5|7|4|11|11|1|12|3|1|1|6|9|2|12|11|6|4|9|8|9|10|7|3,FALSE,2,1,
1192,14,12|1|12|9|10|3|5|1|2|3|2|10|6|11|9|7|7|1|4|10|4|9|3|6|2|12|4|5|8|9|11|6|11|7|12|7|8|5|10|8|11|6|5|4|8|2|1|3,FALSE,2,1,
1193,14,6|1|10|9|11|8|4|1|7|7|5|7|11|3|7|6|11|3|5|12|12|9|6|9|4|4|8|2|5|8|2|10|8|1|5|11|2|6|3|12|12|9|1|2|4|3|10|10,FALSE,2,1,
1194,11,9|5|5|4|6|9|6|5|2|1|5|4|7|8|3|8|2|3|3|6|8|9|8|7|1|4|1|9|7|6|1|2|7|4|3|2,FALSE,2,1,
1195,14,7|6|12|5|3|4|1|12|6|5|5|1|11|2|11|8|1|11|6|3|9|7|11|10|10|8|2|2|4|7|7|12|2|5|6|8|1|10|9|10|4|9|3|12|3|9|4|8,FALSE,2,1,
1196,11,8|2|9|3|9|4|1|4|7|6|6|2|4|9|9|7|5|3|3|6|2|5|8|8|1|6|5|7|7|1|5|4|1|2|3|8,FALSE,2,1,
1197,11,6|1|2|5|3|3|5|4|2|7|8|5|7|4|9|2|5|8|2|6|3|9|1|1|9|4|1|4|6|3|6|7|8|7|8|9,FALSE,2,1,
1198,14,1|10|12|4|12|2|9|7|7|8|5|2|12|10|3|2|4|8|4|3|11|1|6|4|8|12|8|9|1|9|5|5|11|6|10|3|1|9|7|5|6|2|3|7|6|11|11|10,FALSE,2,1,
1199,14,11|5|3|2|12|8|2|6|5|3|10|9|9|4|6|1|3|9|7|4|2|12|7|5|3|7|12|11|6|11|1|8|5|4|9|1|4|8|1|10|7|12|2|10|8|10|11|6,FALSE,2,1,
1200,11,7|8|4|6|9|9|4|9|7|2|2|3|1|5|7|2|6|3|3|5|4|6|8|7|3|8|4|1|1|2|1|6|9|5|8|5,FALSE,2,1,
1201,11,5|8|2|4|1|9|3|6|4|7|9|8|3|7|9|3|4|8|8|7|2|5|9|7|6|5|5|1|2|4|1|3|6|2|1|6,FALSE,2,3,
1202,14,11|7|12|1|1|6|5|8|2|11|9|6|8|4|8|1|2|6|7|8|3|4|12|6|3|11|3|12|3|11|7|10|9|10|5|2|5|9|5|4|10|4|9|12|10|2|7|1,FALSE,2,1,
1203,14,4|7|11|7|2|8|10|10|9|12|6|4|5|1|10|2|4|5|6|9|8|1|8|4|5|10|3|12|2|6|8|11|3|2|5|12|9|3|12|7|1|1|7|6|11|3|9|11,FALSE,2,2,
1204,11,9|9|2|4|4|2|9|3|2|5|3|8|1|4|3|3|8|1|6|7|7|8|5|7|2|8|6|1|5|9|5|7|4|1|6|6,FALSE,2,1,
1205,11,2|5|9|8|3|6|5|9|2|1|3|1|3|6|8|2|7|6|1|4|4|4|2|8|7|4|7|6|9|7|1|3|9|8|5|5,FALSE,2,1,
1206,14,1|6|8|7|2|6|8|4|3|7|12|5|5|1|10|6|4|9|7|2|11|11|5|3|10|12|10|7|12|1|8|5|9|8|11|10|3|6|1|9|4|12|3|4|2|11|9|2,FALSE,2,3,
1207,11,3|4|8|9|9|5|7|2|9|4|4|7|8|6|1|1|3|7|6|8|8|5|1|2|1|3|2|9|4|7|5|6|6|2|3|5,FALSE,2,1,
1208,14,11|11|11|7|11|1|5|7|4|12|3|3|9|7|1|10|5|5|8|10|1|4|3|5|2|7|2|4|8|3|6|9|9|6|9|1|12|8|2|6|6|12|10|12|10|8|4|2,FALSE,2,1,
1209,11,7|7|8|6|6|3|8|2|2|8|4|1|7|7|5|1|3|2|9|1|9|2|1|6|5|4|4|9|4|6|3|9|5|5|8|3,FALSE,2,1,
1210,11,4|9|2|6|6|5|6|5|4|7|6|5|8|1|8|4|7|2|3|1|2|9|2|7|1|8|8|9|4|5|9|3|3|7|1|3,FALSE,2,1,
1211,14,3|7|2|8|4|10|1|8|11|6|12|7|11|3|6|6|10|3|4|1|9|11|4|7|9|8|6|1|11|2|1|4|7|12|10|5|5|3|5|5|9|9|12|12|8|2|10|2,FALSE,2,1,
1212,14,10|10|3|5|8|12|6|1|4|1|4|5|3|2|8|2|6|9|1|7|8|7|3|5|8|6|9|7|5|12|7|9|3|11|10|12|4|4|2|6|9|11|12|11|10|11|1|2,FALSE,2,1,
1213,11,1|6|4|9|3|3|8|6|5|4|2|9|5|4|8|7|8|7|2|3|2|9|6|2|1|6|4|5|5|8|1|3|1|7|9|7,FALSE,2,1,
1214,11,5|6|1|2|7|9|2|9|9|1|9|3|3|1|3|7|1|4|4|4|7|8|6|5|4|2|5|3|5|8|7|8|2|8|6|6,FALSE,2,1,
1215,14,7|12|9|10|6|6|10|12|3|4|11|12|3|1|2|9|9|7|4|5|5|11|9|5|10|4|8|2|3|1|8|6|2|3|11|5|10|4|1|8|1|7|2|12|8|11|6|7,FALSE,2,2,
1216,14,10|7|9|10|2|9|2|11|1|4|5|9|11|4|3|10|12|8|11|6|6|12|8|8|5|7|6|1|12|12|2|9|3|10|6|3|8|1|3|4|2|7|5|5|11|7|1|4,FALSE,2,3,
1217,11,1|3|4|1|7|8|6|6|1|9|5|2|8|4|5|2|9|7|6|5|4|9|5|8|2|7|3|8|4|6|9|1|3|2|7|3,FALSE,2,1,
1218,14,12|11|3|2|1|11|10|6|8|12|4|5|5|1|1|10|3|10|5|2|3|6|9|9|3|5|11|7|4|8|2|7|7|1|7|6|12|9|10|2|11|4|4|8|8|6|12|9,FALSE,2,1,
1219,11,7|3|1|3|6|7|8|4|8|5|9|9|2|6|4|6|1|1|3|2|2|5|1|7|5|4|5|6|8|9|3|4|8|2|9|7,FALSE,2,1,
1220,14,10|6|5|10|11|1|2|9|6|9|2|5|6|11|8|12|11|12|8|4|9|2|8|1|1|2|7|12|4|8|11|7|3|3|10|9|6|3|5|1|7|10|7|4|3|12|4|5,FALSE,2,2,
1221,11,5|4|1|3|2|7|2|8|3|9|3|1|4|9|3|7|6|8|6|1|2|5|6|7|4|7|8|8|1|4|5|2|9|6|5|9,FALSE,2,1,
1222,14,9|9|7|12|11|2|1|3|4|10|5|3|10|7|9|4|9|1|5|1|12|4|2|10|2|6|3|5|8|12|8|6|10|6|12|7|8|1|7|11|11|4|5|6|8|11|2|3,FALSE,2,1,
1223,14,2|5|12|4|4|2|1|7|11|10|6|4|11|3|6|9|8|5|5|9|6|8|7|10|11|12|11|5|4|1|8|10|3|7|7|6|9|2|9|3|1|12|2|12|10|8|3|1,FALSE,2,1,
1224,11,1|8|7|3|7|4|9|1|1|3|2|6|8|6|5|4|3|4|2|9|2|8|7|3|7|2|1|9|6|6|5|5|8|9|5|4,FALSE,2,1,
1225,14,8|3|7|5|7|5|1|6|4|11|3|10|8|12|6|4|2|8|3|8|4|2|9|10|10|4|6|12|9|11|9|1|9|3|12|12|5|1|10|11|5|6|7|2|7|1|2|11,FALSE,2,1,
1226,11,9|8|1|4|2|3|3|1|2|4|3|9|8|2|6|4|5|5|7|2|3|5|1|8|6|7|6|8|7|6|1|7|5|9|4|9,FALSE,2,1,
1227,14,9|7|4|3|6|5|3|12|9|12|1|11|4|10|8|8|6|8|9|4|3|2|1|7|5|2|10|1|12|5|10|8|10|3|9|11|2|7|1|4|12|6|11|2|7|5|6|11,FALSE,2,1,
1228,11,1|3|9|7|1|5|5|7|9|4|5|5|6|2|6|3|8|7|2|4|8|7|8|8|6|2|1|6|1|9|3|4|9|4|2|3,FALSE,2,1,
1229,14,1|9|5|10|3|7|6|2|6|4|11|3|5|2|7|6|5|6|3|3|11|9|8|4|12|12|11|9|5|11|4|10|8|1|1|12|10|4|7|10|7|12|8|8|2|1|9|2,FALSE,2,1,
1230,14,3|10|9|11|7|4|8|9|4|1|11|4|9|7|5|10|3|11|7|8|10|5|5|8|6|6|12|12|12|8|4|12|10|11|5|9|2|3|6|1|7|2|1|6|1|2|2|3,FALSE,2,1,
1231,11,2|2|1|9|5|6|5|7|1|3|5|9|2|4|8|5|2|4|6|6|4|8|7|9|4|1|9|6|7|3|8|7|3|1|3|8,FALSE,2,1,
1232,11,5|1|3|2|1|8|6|7|4|7|3|4|6|2|7|9|4|9|2|9|1|1|7|5|5|8|8|3|5|3|6|6|4|9|2|8,FALSE,2,1,
1233,11,7|4|3|2|7|5|4|6|2|1|4|8|9|1|6|5|8|9|9|5|5|6|3|6|1|8|7|2|4|8|1|2|3|9|7|3,FALSE,2,1,
1234,14,2|7|6|6|11|8|1|1|3|2|4|2|12|11|12|5|5|3|6|12|4|5|7|3|9|12|6|1|11|1|11|8|10|5|9|3|2|7|9|8|4|10|7|4|10|9|10|8,FALSE,2,1,
1235,11,7|2|8|4|4|4|8|2|1|5|6|9|6|8|9|5|7|9|7|7|4|1|3|5|3|6|5|2|1|9|3|2|1|6|8|3,FALSE,2,1,
1236,14,1|10|9|12|3|2|1|7|6|1|11|4|9|11|7|10|4|11|7|8|5|11|1|4|3|12|2|2|5|6|12|9|2|12|6|9|6|5|5|10|8|7|8|10|3|4|8|3,FALSE,2,1,
1237,11,4|9|9|7|6|1|6|1|8|5|8|3|2|2|3|5|7|8|8|1|9|9|7|4|2|6|5|6|4|3|2|3|4|1|5|7,FALSE,2,1,
1238,14,10|7|3|11|11|7|5|9|5|8|10|10|4|9|2|4|12|11|3|12|8|10|1|3|6|1|5|8|4|6|3|12|2|2|2|1|9|12|1|6|6|7|8|11|7|4|9|5,FALSE,2,1,
1239,11,9|5|7|4|1|4|9|5|7|8|2|7|6|8|1|2|9|7|6|2|8|4|6|3|6|2|1|1|4|3|8|5|3|3|9|5,FALSE,2,1,
1240,14,12|6|9|4|5|7|6|4|11|2|3|7|10|9|1|5|8|11|8|12|10|12|5|1|10|2|3|6|7|11|4|2|12|2|8|11|7|6|4|9|3|3|9|10|1|8|1|5,FALSE,2,1,
1241,11,6|3|4|5|7|9|4|7|6|8|2|8|5|3|9|8|6|1|7|1|8|1|2|9|3|2|5|7|5|6|3|2|4|9|1|4,FALSE,2,1,
1242,11,1|6|2|3|8|5|8|5|2|6|8|4|1|1|1|3|7|5|9|5|2|4|9|4|3|7|2|4|7|9|9|6|7|3|8|6,FALSE,2,1,
1243,14,10|8|5|2|4|3|8|3|4|9|5|2|7|1|6|3|3|7|7|10|5|11|9|10|9|9|8|2|1|12|4|12|11|12|5|6|1|11|4|1|12|7|6|6|11|8|10|2,FALSE,2,1,
1244,14,3|9|6|4|11|1|1|3|3|10|4|10|8|5|9|5|9|6|12|12|7|7|9|8|6|5|12|7|8|12|11|8|11|10|1|2|3|2|7|10|5|4|2|4|6|11|1|2,FALSE,2,3,
1245,14,6|8|3|3|6|9|10|2|6|11|11|12|1|9|1|5|1|5|5|2|12|11|2|9|8|3|4|7|10|10|9|4|10|1|7|11|3|7|8|2|4|12|4|5|7|8|12|6,FALSE,2,1,
1246,14,10|12|3|5|8|3|9|10|12|8|10|11|7|5|5|10|7|4|12|1|2|6|2|2|11|4|2|6|9|3|3|9|12|7|1|1|8|7|11|1|5|9|11|8|6|4|4|6,FALSE,2,1,
1247,11,6|1|6|3|3|8|2|2|8|4|7|7|8|5|7|3|2|5|4|8|3|9|5|9|1|2|9|6|4|4|1|6|7|5|1|9,FALSE,2,1,
1248,11,2|3|5|1|2|9|2|2|1|9|5|6|7|4|6|3|8|8|7|8|3|8|4|6|4|1|3|4|9|7|1|7|9|5|6|5,FALSE,2,1,
1249,14,6|8|2|12|12|11|7|4|11|10|7|12|2|5|1|3|8|4|4|1|3|1|6|10|11|9|1|9|9|4|11|9|6|12|3|10|5|8|7|8|10|6|2|2|7|5|3|5,FALSE,2,3,
1250,14,8|4|10|11|6|4|8|1|7|7|2|10|5|10|7|5|9|12|6|3|5|3|5|11|1|4|12|11|9|1|3|6|9|10|12|8|2|2|1|3|2|12|8|4|9|11|7|6,FALSE,2,1,
1251,11,6|2|5|6|3|6|2|4|4|3|5|1|9|6|1|7|5|1|8|7|2|4|3|1|5|8|8|9|2|9|8|9|7|7|3|4,FALSE,2,2,
1252,11,6|3|1|9|7|3|2|3|2|7|3|5|4|1|7|5|8|8|9|5|4|4|9|2|6|6|4|1|2|9|8|6|8|5|7|1,FALSE,2,1,
1253,14,8|4|3|9|4|7|7|2|8|11|2|9|3|9|6|1|12|5|2|6|1|11|5|12|10|12|8|10|12|9|6|5|4|2|10|7|4|1|3|1|6|8|3|11|11|10|5|7,FALSE,2,1,
1254,11,6|5|4|2|4|5|4|6|2|6|7|1|3|7|2|6|3|8|8|9|9|3|3|1|2|1|5|1|7|9|5|7|8|9|8|4,FALSE,2,1,
1255,11,9|1|7|1|3|8|8|5|1|5|2|3|7|6|7|6|6|1|5|4|4|3|8|9|4|2|5|2|7|8|2|3|4|9|6|9,FALSE,2,1,
1256,14,6|9|8|7|5|1|10|2|12|8|10|9|5|5|9|5|7|11|3|3|2|7|6|4|9|3|3|1|12|1|11|6|10|2|7|4|12|1|8|6|8|4|2|11|10|4|11|12,FALSE,2,1,
1257,11,2|5|1|5|4|3|9|5|2|9|6|8|6|4|9|8|6|6|3|4|8|1|1|5|2|7|7|1|3|7|9|3|8|2|7|4,FALSE,2,1,
1258,14,4|10|6|8|6|5|11|4|2|5|7|2|7|1|3|1|10|4|10|2|12|9|2|8|11|4|1|7|9|11|6|11|12|1|6|12|3|8|5|7|3|3|8|10|5|12|9|9,FALSE,2,1,
1259,11,4|1|1|8|7|6|2|1|4|5|4|7|2|5|4|3|8|3|7|7|6|8|9|1|9|2|3|6|5|3|6|9|8|9|5|2,FALSE,2,1,
1260,14,5|9|8|12|9|10|4|2|3|10|11|1|10|7|8|12|8|3|7|3|6|5|9|1|11|4|2|4|1|6|9|5|12|7|8|2|6|1|7|4|6|5|10|11|12|3|2|11,FALSE,2,2,
1261,11,7|6|4|8|1|3|8|5|2|9|7|4|5|2|4|6|1|8|2|4|8|9|9|3|3|7|1|1|7|9|6|6|3|5|5|2,FALSE,2,1,
1262,11,1|1|2|5|8|6|2|8|9|5|8|4|4|6|5|9|7|6|2|1|1|2|7|7|3|3|7|8|4|3|4|9|6|5|9|3,FALSE,2,1,
1263,14,11|11|10|3|2|9|6|5|3|8|8|11|12|10|7|2|1|3|9|8|9|7|10|5|9|8|4|12|10|12|7|7|4|3|4|1|1|4|6|1|5|2|6|5|2|11|12|6,FALSE,2,3,
1264,14,8|3|11|10|3|11|9|1|2|1|4|7|6|9|4|10|12|6|2|12|7|8|4|1|5|7|2|3|11|6|8|5|7|10|10|12|6|9|12|2|9|3|8|5|1|5|11|4,FALSE,2,1,
1265,14,6|11|7|2|10|1|3|11|10|10|8|7|11|3|7|5|8|10|12|4|2|12|9|4|5|6|1|2|3|1|9|5|6|9|8|5|3|4|12|1|6|4|9|12|2|11|7|8,FALSE,2,2,
1266,11,2|7|2|3|8|3|9|8|6|1|9|1|1|5|2|8|6|5|4|7|4|6|7|9|1|5|5|3|7|2|8|4|4|3|9|6,FALSE,2,1,
1267,14,3|6|7|6|6|7|10|12|5|5|3|1|10|8|8|1|7|3|1|9|8|10|11|11|2|8|12|11|3|4|4|2|9|1|6|9|5|12|4|10|7|2|12|5|4|9|11|2,FALSE,2,1,
1268,11,8|4|2|3|4|6|9|6|2|9|7|7|4|8|5|7|2|9|6|8|7|9|3|1|1|1|3|6|8|1|5|5|4|3|2|5,FALSE,2,1,
1269,14,4|10|3|4|3|6|4|6|11|9|8|7|12|5|8|1|1|5|12|6|9|1|2|10|6|3|7|9|7|7|3|5|12|2|2|11|5|10|11|1|9|2|8|4|10|12|8|11,FALSE,2,3,
1270,14,2|10|11|6|3|6|2|3|4|8|7|11|9|12|2|10|5|3|1|8|7|9|5|1|6|3|4|4|8|8|11|6|5|11|10|9|7|1|2|12|12|1|10|4|9|12|5|7,FALSE,2,1,
1271,11,1|9|5|8|4|8|3|6|6|2|8|7|2|1|7|2|3|9|7|3|8|4|4|5|7|5|5|1|9|6|3|4|1|6|9|2,FALSE,2,1,
1272,11,5|7|2|9|1|7|2|3|1|4|5|9|8|2|3|1|4|2|9|6|7|6|3|1|6|5|8|3|8|6|9|4|7|8|5|4,FALSE,2,1,
1273,14,7|3|6|12|1|9|10|3|7|1|8|4|3|2|5|11|4|11|12|9|8|6|2|3|2|7|10|9|12|2|4|1|11|5|12|9|10|8|6|5|10|11|4|8|1|6|5|7,FALSE,2,1,
1274,14,1|3|8|10|11|12|4|11|2|12|8|5|4|5|6|9|3|7|3|9|10|9|1|1|2|9|10|4|7|8|1|11|10|12|8|11|2|6|5|4|6|5|3|7|12|2|7|6,FALSE,2,1,
1275,11,2|3|8|1|7|4|6|2|4|1|9|3|3|5|8|8|4|9|6|4|8|7|5|6|5|9|5|1|7|7|2|6|3|9|1|2,FALSE,2,1,
1276,14,3|11|8|5|12|5|11|5|1|8|4|11|6|10|2|5|8|7|3|9|12|1|12|9|6|4|8|12|9|9|4|6|7|2|6|4|2|11|1|10|7|1|2|3|7|3|10|10,FALSE,2,1,
1277,14,11|12|9|3|2|12|5|9|2|6|12|4|7|10|2|1|7|5|3|1|1|10|10|6|8|7|4|9|6|4|5|4|8|5|9|3|10|2|8|1|12|11|11|3|11|8|7|6,FALSE,2,1,
1278,14,1|7|12|8|9|7|2|10|5|8|7|6|11|4|1|3|9|11|3|6|11|10|3|2|8|9|12|10|10|5|1|9|1|2|12|5|5|4|4|7|3|8|4|6|2|11|6|12,FALSE,2,1,
1279,11,8|4|9|2|7|9|4|6|4|3|1|8|2|6|1|2|9|5|5|7|7|8|8|3|6|9|1|4|2|1|3|7|6|5|5|3,FALSE,2,2,
1280,11,9|6|5|8|4|1|8|1|2|7|2|9|2|8|5|7|6|4|9|4|4|6|2|3|5|5|1|3|9|3|1|6|3|7|8|7,FALSE,2,1,
1281,14,1|7|3|8|3|6|12|7|6|5|1|1|12|10|12|8|4|11|5|5|3|2|7|11|8|1|6|9|9|12|2|5|2|10|8|11|3|10|2|4|11|10|4|6|9|4|9|7,FALSE,2,1,
1282,14,5|1|8|8|10|3|3|7|9|11|12|6|6|1|8|11|11|4|12|6|2|7|1|2|9|10|4|2|10|12|1|5|3|4|7|7|9|3|2|10|9|12|6|8|5|11|5|4,FALSE,2,1,
1283,11,9|3|1|9|7|8|5|4|1|7|8|2|8|9|5|6|2|6|6|5|1|4|3|5|3|4|7|9|7|6|2|8|4|3|2|1,FALSE,2,1,
1284,11,9|9|3|4|8|7|8|9|4|7|6|1|2|9|7|1|3|4|3|5|3|7|8|2|1|6|6|5|1|6|2|5|4|2|8|5,FALSE,2,1,
1285,11,6|5|9|8|7|7|1|2|5|2|4|6|3|1|8|8|9|8|3|6|4|9|7|1|9|3|4|5|6|2|4|2|7|3|5|1,FALSE,2,1,
1286,11,5|5|6|2|7|4|4|7|5|8|8|6|2|6|9|9|7|8|8|3|1|6|7|2|4|3|4|2|9|1|5|1|3|9|3|1,FALSE,2,1,
1287,14,5|4|12|2|6|3|12|1|10|7|5|7|12|1|5|3|2|10|8|1|4|4|8|4|3|2|7|11|6|8|10|6|11|6|9|7|12|8|9|3|5|11|1|2|9|9|11|10,FALSE,2,1,
1288,14,10|1|4|11|9|8|7|9|3|5|9|11|10|12|1|2|4|6|12|6|1|3|7|1|8|8|4|10|3|4|8|6|2|2|2|11|12|6|5|10|7|7|12|3|11|9|5|5,FALSE,2,1,
1289,11,3|8|5|9|8|1|6|2|9|7|7|8|5|3|2|4|7|2|2|5|9|4|3|4|3|1|1|6|8|6|1|5|4|6|7|9,FALSE,2,3,
1290,14,12|3|8|3|8|11|12|7|4|10|4|9|1|2|4|7|5|9|6|12|5|8|10|3|2|5|11|5|8|7|3|6|1|11|2|10|9|6|7|10|12|2|1|1|6|4|11|9,FALSE,2,1,
1291,14,8|9|2|12|9|10|8|3|2|4|9|12|7|6|11|1|8|7|7|5|6|10|3|12|1|11|2|3|4|5|10|7|4|5|9|10|6|3|12|11|5|2|1|11|1|8|4|6,FALSE,2,1,
1292,11,2|4|9|9|6|4|3|1|7|2|3|1|2|9|8|1|8|4|7|9|7|6|2|8|3|4|8|3|5|5|6|1|5|6|7|5,FALSE,2,1,
1293,11,4|5|9|5|6|1|2|4|7|9|3|9|7|4|8|5|2|8|1|2|8|9|8|5|6|3|6|2|1|3|7|4|6|3|7|1,FALSE,2,1,
1294,14,9|3|3|11|3|12|7|6|10|7|9|10|5|7|5|7|12|10|4|2|11|4|9|4|12|11|2|11|5|4|8|2|2|1|10|8|1|12|5|3|6|1|6|1|8|8|9|6,FALSE,2,1,
1295,14,5|1|7|3|1|4|2|11|2|9|12|9|8|3|10|8|11|10|10|9|2|11|1|4|12|5|7|9|6|4|10|3|2|11|12|1|6|6|6|7|12|4|8|7|8|5|5|3,FALSE,2,1,
1296,11,2|4|7|3|2|4|8|6|7|3|5|6|6|1|9|8|3|7|1|8|8|5|9|1|9|3|1|4|9|5|5|7|4|6|2|2,FALSE,2,1,
1297,14,11|3|8|4|3|7|12|9|10|8|6|5|2|6|10|8|11|1|2|12|7|9|3|2|12|9|6|11|10|3|7|2|1|7|1|1|8|10|4|5|6|5|12|11|4|4|5|9,FALSE,2,1,
1298,11,1|3|9|9|8|6|2|8|4|7|3|5|2|2|6|1|1|6|4|2|7|7|9|9|7|4|8|4|6|1|3|5|3|5|8|5,FALSE,2,1,
1299,11,1|5|6|9|4|4|2|6|8|2|5|8|7|3|1|5|2|4|3|7|3|9|6|5|7|9|6|9|4|3|7|8|1|1|8|2,FALSE,2,1,
1300,14,12|1|7|4|10|4|4|5|11|8|3|11|5|3|8|6|8|6|10|6|12|9|9|2|2|12|3|1|1|10|12|5|7|11|4|6|7|3|2|9|5|10|1|8|11|2|9|7,FALSE,2,1,
1301,14,3|12|7|5|1|11|10|2|10|3|1|3|4|7|12|6|10|11|6|5|4|11|11|9|9|4|8|10|5|5|2|6|8|9|7|8|2|1|4|9|3|7|12|1|12|2|6|8,FALSE,2,1,
1302,14,5|12|9|5|10|1|3|8|5|7|6|10|1|6|11|3|11|7|10|2|7|6|11|7|4|3|4|4|11|8|2|10|1|12|2|12|12|3|6|9|4|9|2|5|8|8|9|1,FALSE,2,2,
1303,11,6|6|1|4|2|2|5|7|9|8|3|4|4|2|5|5|3|9|7|1|9|6|9|8|6|1|2|7|5|4|1|8|8|3|3|7,FALSE,2,1,
1304,14,10|12|1|8|3|8|12|4|2|4|2|3|4|10|2|11|9|4|12|5|6|8|11|9|9|1|3|1|6|7|8|6|7|7|10|5|3|11|11|9|5|2|5|12|7|1|10|6,FALSE,2,1,
1305,14,7|8|8|9|4|1|5|9|7|6|5|11|4|4|3|2|2|3|8|1|3|12|8|10|9|12|2|1|10|1|9|11|5|6|3|4|2|10|11|7|11|7|6|12|12|5|6|10,FALSE,2,2,
1306,14,1|3|2|6|8|12|7|9|5|9|6|11|5|6|4|5|8|1|11|7|12|11|3|9|3|2|1|10|4|8|7|6|2|9|12|10|12|4|1|2|5|11|10|4|3|8|10|7,FALSE,2,1,
1307,11,6|8|3|1|2|9|5|3|2|6|6|8|4|3|7|2|1|1|5|8|2|5|4|9|5|7|7|4|9|6|1|8|7|4|9|3,FALSE,2,1,
1308,11,9|4|7|6|2|1|6|5|3|4|6|9|4|1|6|3|1|7|7|7|5|1|2|8|3|2|2|5|5|9|8|9|8|8|3|4,FALSE,2,3,
1309,14,12|4|1|5|5|8|8|7|10|10|1|5|1|11|3|6|6|12|2|2|9|4|7|3|1|10|11|2|8|11|2|4|11|8|12|5|3|9|6|9|10|3|9|7|7|12|4|6,FALSE,2,1,
1310,11,9|2|4|1|6|2|7|7|6|3|1|7|5|6|1|9|4|1|4|5|7|9|5|5|3|8|6|8|8|3|3|2|9|4|8|2,FALSE,2,1,
1311,11,7|3|4|1|4|7|9|6|3|9|6|5|3|3|2|5|8|6|6|4|2|1|8|2|7|8|8|2|5|5|9|1|9|1|4|7,FALSE,2,1,
1312,14,2|4|8|7|6|6|9|2|7|3|1|5|6|7|7|4|12|11|10|9|5|11|9|3|1|12|12|4|2|4|10|9|8|3|11|6|5|1|1|11|12|8|3|10|5|8|2|10,FALSE,2,1,
1313,14,6|8|2|4|12|5|11|12|12|11|1|9|6|5|11|9|8|8|11|2|5|7|5|4|10|1|7|7|10|1|10|3|4|9|4|2|6|3|9|2|10|8|7|3|12|1|6|3,FALSE,2,1,
1314,14,12|8|9|8|3|3|1|11|11|6|7|7|6|4|12|12|8|3|11|1|7|7|9|1|10|10|11|6|5|9|9|5|5|4|3|2|2|8|5|12|4|10|2|4|6|2|10|1,FALSE,2,1,
1315,11,6|6|5|9|4|2|1|3|7|3|5|2|9|4|8|1|6|8|2|9|7|5|8|2|8|7|1|1|7|4|9|3|6|3|4|5,FALSE,2,1,
1316,11,7|4|3|4|5|6|3|8|1|1|6|7|4|9|5|5|2|7|1|8|6|4|2|1|7|9|9|8|9|2|8|3|5|6|3|2,FALSE,2,1,
1317,14,2|4|8|6|12|10|7|4|6|5|9|9|10|10|1|3|9|11|5|3|1|2|5|3|2|4|9|11|11|2|6|11|1|3|7|7|7|5|4|8|12|10|6|12|1|8|12|8,FALSE,2,1,
1318,14,9|12|12|8|11|7|2|6|8|2|10|6|8|4|5|1|5|8|3|3|6|1|9|3|2|7|5|7|1|12|10|10|7|5|4|2|1|4|11|10|11|3|9|9|11|6|4|12,FALSE,2,1,
1319,11,7|6|3|5|7|9|2|4|9|4|1|8|3|6|4|7|2|8|1|4|9|2|5|3|3|8|1|9|6|8|5|2|6|5|7|1,FALSE,2,1,
1320,11,7|8|2|3|4|6|2|8|3|6|4|5|9|7|3|5|7|8|1|2|7|1|9|9|3|6|4|4|5|9|1|2|1|5|8|6,FALSE,2,1,
1321,11,7|5|1|3|1|7|2|4|5|7|1|8|9|8|8|2|2|6|9|4|5|4|8|6|7|3|4|5|1|2|6|9|3|9|6|3,FALSE,2,1,
1322,14,10|6|5|2|4|1|3|8|9|5|11|12|3|8|1|2|7|10|6|7|12|4|2|9|1|4|11|7|7|6|1|10|12|3|5|11|4|3|5|6|9|9|12|2|10|8|11|8,FALSE,2,1,
1323,11,5|7|9|4|7|9|9|2|2|2|5|1|3|4|6|8|1|1|6|5|6|1|3|3|5|2|9|4|6|3|7|4|8|8|7|8,FALSE,2,1,
1324,14,4|12|3|4|8|1|12|6|6|1|4|12|9|10|6|2|11|10|9|9|3|8|11|4|8|5|1|1|3|5|11|3|10|7|12|7|7|7|5|5|8|10|6|9|2|11|2|2,FALSE,2,3,
1325,11,4|2|6|2|1|8|7|1|5|7|4|9|6|3|9|6|9|6|5|1|4|7|8|3|5|3|2|8|1|9|5|7|2|4|3|8,FALSE,2,1,
1326,14,7|3|10|3|11|10|6|1|6|3|5|2|10|11|4|9|7|8|10|1|12|7|9|3|6|9|9|12|5|12|11|8|1|2|5|11|7|6|2|4|1|12|8|4|2|5|4|8,FALSE,2,2,
1327,14,8|3|6|3|5|7|5|4|4|2|10|1|12|2|11|11|9|12|8|1|10|7|9|6|6|4|12|12|6|10|9|3|9|11|8|2|4|7|5|7|11|10|8|1|2|3|5|1,FALSE,2,1,
1328,11,3|7|5|9|9|8|3|4|2|4|3|7|2|4|6|8|3|5|6|1|9|5|9|8|7|1|7|2|4|5|1|6|2|8|1|6,FALSE,2,1,
1329,14,8|10|2|5|12|8|2|6|7|8|7|6|1|4|10|10|11|5|3|9|2|9|12|9|3|7|8|3|11|5|12|6|2|10|4|11|9|3|12|1|6|5|4|7|4|11|1|1,FALSE,2,1,
1330,14,4|11|3|6|9|7|5|1|12|1|12|10|8|10|7|10|6|2|9|8|12|2|4|9|4|11|10|5|11|1|5|3|12|8|3|3|7|1|9|2|4|8|2|7|5|6|6|11,FALSE,2,1,
1331,11,8|8|5|4|6|7|8|3|8|5|9|4|7|1|4|5|2|7|9|6|9|1|6|7|6|2|1|1|9|3|5|3|2|2|3|4,FALSE,2,1,
1332,11,5|2|7|1|4|2|7|8|4|3|3|9|3|7|8|9|2|4|4|2|8|5|1|8|1|3|6|6|7|5|6|6|1|9|9|5,FALSE,2,1,
1333,11,5|8|6|4|1|8|6|6|7|6|4|4|8|2|3|2|3|9|1|2|5|3|9|7|5|9|1|2|3|9|7|7|5|1|4|8,FALSE,2,2,
1334,11,9|8|8|7|8|6|7|4|5|7|9|6|3|3|6|1|5|1|4|9|6|9|2|5|1|7|8|3|2|2|4|1|5|3|2|4,FALSE,2,1,
1335,14,1|11|2|4|3|9|12|8|5|3|11|4|8|3|5|5|9|1|11|6|2|4|7|5|8|7|8|12|12|9|2|11|7|2|6|10|12|10|9|6|10|1|6|4|10|1|3|7,FALSE,2,1,
1336,14,6|6|8|12|2|3|3|11|1|8|8|7|7|11|2|7|7|5|10|4|2|12|5|4|10|9|2|5|11|9|6|9|3|12|9|10|11|1|1|8|4|5|10|3|12|6|1|4,FALSE,2,3,
1337,14,4|4|1|6|9|5|6|9|7|12|10|8|10|2|9|4|4|10|12|7|3|12|2|1|1|2|3|6|11|7|9|3|6|5|8|2|8|8|11|7|11|1|3|5|12|5|10|11,FALSE,2,1,
1338,14,4|5|6|5|6|4|11|5|2|5|3|12|4|11|1|10|1|8|12|9|2|7|1|2|12|10|3|7|9|11|10|9|3|8|8|7|1|8|9|4|6|7|3|12|6|2|11|10,FALSE,2,3,
1339,11,9|2|7|1|7|3|9|3|5|6|7|5|9|2|3|8|4|8|5|8|3|5|6|1|6|2|6|4|2|4|8|1|7|9|1|4,FALSE,2,1,
1340,11,2|4|7|5|8|9|4|9|6|8|5|3|6|7|7|2|2|4|5|4|1|9|3|3|6|9|1|5|8|3|1|7|1|6|2|8,FALSE,2,1,
1341,11,3|8|9|8|3|4|2|3|9|1|5|9|5|3|7|4|2|5|5|7|8|8|2|4|2|6|6|4|1|6|7|7|1|9|1|6,FALSE,2,1,
1342,14,10|1|5|12|5|9|11|10|2|9|4|2|6|5|2|4|3|1|6|11|10|3|2|10|11|7|11|4|12|8|4|6|12|1|12|7|8|3|3|5|7|6|9|8|7|8|9|1,FALSE,2,1,
1343,14,2|6|1|3|4|8|10|12|8|9|5|4|3|8|1|11|9|9|1|11|7|7|2|8|6|12|7|11|3|2|10|6|12|4|11|5|6|5|3|2|12|10|9|1|7|5|10|4,FALSE,2,1,
1344,14,6|5|10|1|9|11|12|4|8|5|5|9|2|4|4|3|8|7|12|3|11|6|2|3|7|8|11|4|9|7|12|2|6|11|10|3|6|12|1|1|8|7|10|10|1|9|2|5,FALSE,2,2,
1345,11,7|2|8|7|4|8|5|3|9|1|3|2|1|2|6|9|5|3|8|7|9|3|5|5|7|4|2|1|9|6|4|6|1|8|6|4,FALSE,2,1,
1346,14,1|3|2|8|2|2|3|4|7|4|4|11|6|5|3|10|9|1|7|2|10|9|10|7|8|6|5|6|6|12|9|10|12|1|8|5|7|4|8|11|5|12|12|3|11|1|11|9,FALSE,2,3,
1347,11,4|7|9|2|3|6|3|2|1|8|5|1|5|6|7|5|4|4|3|9|8|1|8|3|4|2|7|6|5|9|9|8|2|1|6|7,FALSE,2,1,
1348,14,7|10|8|9|5|1|12|8|5|3|7|4|5|2|7|4|4|1|12|8|10|3|8|12|11|11|10|2|11|6|9|6|9|2|5|6|1|10|6|7|9|4|12|1|11|3|2|3,FALSE,2,1,
1349,14,8|7|1|9|8|8|2|10|5|2|5|9|11|1|11|7|8|12|10|3|4|11|6|3|3|1|1|12|12|12|11|6|7|4|6|4|3|5|2|9|10|10|5|4|7|6|2|9,FALSE,2,1,
1350,14,11|2|1|10|7|11|9|1|8|7|6|7|6|1|3|10|9|2|2|9|9|12|8|5|5|4|7|12|11|3|6|11|10|4|1|10|5|12|3|4|6|8|8|3|2|5|4|12,FALSE,2,1,
1351,11,4|8|9|1|5|9|2|1|7|1|3|4|1|4|2|6|9|7|5|3|5|4|8|7|3|7|3|6|6|2|5|8|9|2|6|8,FALSE,2,1,
1352,11,2|3|6|7|1|6|2|1|3|4|8|9|8|5|8|5|7|1|5|6|9|7|4|6|7|2|5|4|3|9|4|8|1|2|3|9,FALSE,2,1,
1353,14,4|7|5|2|11|2|8|7|6|8|12|10|11|7|9|5|4|2|1|3|9|6|7|6|8|5|11|9|12|1|3|1|10|11|12|12|8|2|4|6|5|3|3|9|4|10|1|10,FALSE,2,1,
1354,14,8|3|5|12|3|11|11|8|1|8|10|10|11|2|8|1|6|10|7|2|9|5|12|5|9|3|4|9|6|5|7|12|7|2|4|4|6|1|7|2|10|12|9|11|6|1|3|4,FALSE,2,1,
1355,11,5|5|1|1|7|6|4|6|4|9|2|7|2|9|8|6|8|8|6|7|4|3|8|5|2|9|7|3|9|1|2|3|3|1|4|5,FALSE,2,1,
1356,11,9|2|5|3|9|7|8|9|1|1|5|1|8|9|2|3|8|7|2|6|2|3|1|6|6|8|7|4|5|4|7|4|4|3|5|6,FALSE,2,1,
1357,14,5|4|5|2|10|11|2|5|11|4|11|8|8|2|1|9|12|9|8|8|3|10|11|1|5|7|9|12|1|6|2|6|10|9|3|7|4|6|1|6|7|12|7|4|10|12|3|3,FALSE,2,1,
1358,11,2|8|4|1|6|9|2|7|5|3|8|3|5|2|5|5|3|9|1|4|7|6|6|3|6|9|8|1|9|4|8|7|7|2|1|4,FALSE,2,1,
1359,11,8|7|8|3|5|9|3|7|6|9|4|8|4|8|4|9|1|3|6|7|6|7|5|2|1|1|5|2|9|2|4|3|6|5|2|1,FALSE,2,1,
1360,14,12|5|2|1|10|10|6|4|9|9|11|10|6|1|7|8|6|7|7|3|7|11|3|10|5|2|4|2|1|5|3|12|3|2|6|12|9|9|8|4|12|11|11|5|8|1|8|4,FALSE,2,2,
1361,11,1|7|9|6|2|5|9|5|2|3|5|8|3|6|7|9|7|1|1|4|3|4|2|6|5|3|4|4|6|8|2|9|8|8|7|1,FALSE,2,1,
1362,14,8|10|7|3|12|2|5|12|2|8|12|1|9|9|11|11|4|5|7|12|3|4|10|6|1|7|7|11|9|4|8|1|9|10|3|4|5|2|3|5|6|6|11|1|2|8|6|10,FALSE,2,3,
1363,14,11|11|10|11|6|9|1|10|12|12|6|4|8|4|4|1|1|4|9|6|3|3|7|9|7|12|8|12|2|2|7|7|5|2|9|6|11|8|10|5|1|3|5|5|8|2|10|3,FALSE,2,3,
1364,11,4|6|3|5|3|8|9|1|9|1|8|7|7|1|9|8|5|5|2|7|4|2|8|6|1|2|9|4|2|4|7|6|3|3|6|5,FALSE,2,2,
1365,14,2|2|5|11|6|12|9|1|12|7|11|12|8|1|5|9|12|10|8|3|7|3|5|4|11|8|10|9|6|4|4|8|3|4|10|6|5|1|9|6|3|2|7|11|10|7|1|2,FALSE,2,1,
1366,14,12|4|12|6|5|11|9|12|10|5|7|2|2|9|7|1|2|1|4|3|9|11|4|5|9|7|8|11|3|1|11|3|8|10|6|12|7|5|6|3|8|6|2|1|10|4|10|8,FALSE,2,1,
1367,11,9|6|8|2|4|4|1|7|1|6|2|9|3|3|9|6|5|8|1|4|7|1|7|8|7|9|2|5|6|5|2|5|8|3|3|4,FALSE,2,1,
1368,11,6|7|9|6|1|4|4|5|1|8|5|9|6|2|9|2|1|8|7|5|7|1|2|4|3|5|2|9|3|6|3|8|4|3|7|8,FALSE,2,1,
1369,14,6|11|9|1|4|7|2|6|6|5|11|12|3|11|11|1|4|2|1|5|10|2|4|1|7|7|5|12|8|8|9|5|10|8|9|9|4|7|3|3|8|2|3|6|10|10|12|12,FALSE,2,2,
1370,14,11|9|4|7|3|11|1|8|8|5|10|1|1|10|4|4|8|2|12|8|6|1|3|12|11|6|7|9|10|2|4|5|11|5|5|12|2|9|12|3|7|3|10|7|2|6|9|6,FALSE,2,1,
1371,11,3|8|9|2|2|5|8|5|1|6|3|4|6|2|6|6|1|7|5|3|8|9|3|7|1|7|9|4|4|9|4|8|2|7|1|5,FALSE,2,1,
1372,14,3|5|11|10|12|2|2|3|2|9|4|6|6|3|2|10|1|1|8|10|12|9|6|11|6|11|10|11|4|12|4|3|7|1|4|1|7|8|7|5|5|9|12|8|5|7|8|9,FALSE,2,1,
1373,11,7|8|9|1|3|9|8|7|6|4|4|7|3|2|8|7|8|6|2|5|2|9|6|1|3|4|5|5|1|5|9|6|2|4|1|3,FALSE,2,3,
1374,14,5|6|6|4|7|9|11|9|1|3|10|7|11|1|6|2|9|2|8|12|4|2|1|5|8|2|10|12|5|4|3|6|9|10|5|1|8|7|11|3|10|4|7|3|11|12|8|12,FALSE,2,1,
1375,11,5|5|1|7|8|8|8|7|1|3|6|2|4|6|6|1|7|2|9|5|6|1|3|3|2|9|5|3|2|8|9|4|9|7|4|4,FALSE,2,1,
1376,14,8|7|9|2|9|12|8|6|12|5|1|12|10|11|11|4|1|6|7|11|10|6|12|2|9|11|3|1|8|7|7|4|8|3|9|6|5|5|2|2|4|10|10|1|5|3|3|4,FALSE,2,1,
1377,11,2|8|2|9|2|9|5|6|1|6|7|3|6|4|4|3|5|6|5|1|5|9|8|8|4|3|9|2|7|1|1|7|8|3|7|4,FALSE,2,1,
1378,14,9|4|9|2|6|11|4|10|8|3|3|8|11|5|10|12|6|11|11|5|1|4|2|5|2|6|7|7|1|4|7|12|10|8|10|7|1|3|9|6|8|5|3|12|9|2|12|1,FALSE,2,1,
1379,11,5|8|3|2|2|8|3|7|1|6|9|8|7|7|2|6|5|5|4|9|3|6|3|9|1|2|4|5|8|7|6|1|9|1|4|4,FALSE,2,1,
1380,14,1|3|10|9|11|3|8|5|7|5|7|7|2|10|12|4|9|3|12|2|4|4|6|6|2|8|11|11|2|1|6|8|6|1|5|5|1|10|12|3|12|10|4|9|11|8|9|7,FALSE,2,2,
1381,14,3|10|10|4|3|3|1|7|5|11|2|1|4|4|11|5|12|6|2|8|8|7|8|8|12|2|12|6|9|9|2|4|1|5|7|12|5|3|10|7|11|9|1|6|6|11|10|9,FALSE,2,1,
1382,14,4|1|3|1|10|5|2|8|3|5|2|9|11|11|8|4|9|10|10|12|2|3|7|12|6|4|7|9|8|8|12|9|12|11|4|7|5|7|6|2|1|5|10|6|1|11|3|6,FALSE,2,3,
1383,11,5|2|3|4|4|2|9|8|5|1|9|3|5|8|2|4|7|2|5|6|3|6|7|3|8|9|6|7|1|6|7|1|9|4|1|8,FALSE,2,1,
1384,11,8|8|9|4|7|4|6|4|9|8|6|1|3|9|5|3|1|8|2|5|3|7|7|1|3|6|5|2|5|4|2|7|2|6|1|9,FALSE,2,1,
1385,14,7|3|12|4|3|11|2|1|8|9|6|4|12|8|1|3|8|5|8|6|4|12|11|1|5|9|9|7|11|2|2|1|10|11|5|7|6|10|6|12|3|4|5|10|7|2|9|10,FALSE,2,3,
1386,11,4|5|4|1|5|6|6|3|2|4|9|5|7|8|1|7|8|2|3|6|9|8|3|1|6|4|1|8|7|7|9|2|2|3|9|5,FALSE,2,1,
1387,11,9|3|1|5|9|9|3|4|2|7|6|3|3|2|8|6|4|5|7|4|8|7|6|9|8|1|5|8|2|1|2|1|7|6|5|4,FALSE,2,1,
1388,14,12|7|4|1|11|6|3|11|12|4|7|2|11|5|2|10|10|2|3|4|3|9|6|12|9|2|9|8|8|7|6|5|1|8|5|11|3|10|4|6|1|9|10|1|7|5|8|12,FALSE,2,2,
1389,11,3|8|3|5|7|4|2|4|9|8|1|5|6|2|3|9|7|1|4|5|2|1|7|9|3|2|6|8|6|6|7|8|5|9|1|4,FALSE,2,3,
1390,14,2|5|6|3|1|9|5|11|9|7|10|11|10|12|1|12|2|8|4|3|7|12|11|9|8|1|10|2|6|6|2|4|4|12|9|1|5|11|4|7|5|6|10|3|7|8|8|3,FALSE,2,1,
1391,11,6|5|4|7|9|2|4|3|7|6|3|9|1|8|8|3|5|2|8|6|6|5|4|3|7|2|1|9|8|4|1|2|7|9|1|5,FALSE,2,2,
1392,14,7|4|1|12|9|9|9|10|11|5|3|3|12|4|5|2|9|6|7|12|8|7|12|6|5|8|8|1|11|11|3|6|10|1|10|3|4|2|8|2|1|4|6|11|7|5|2|10,FALSE,2,1,
1393,14,7|3|6|3|9|6|12|4|11|1|11|2|11|12|12|11|5|8|2|8|9|2|6|9|2|7|8|4|1|10|5|12|10|4|5|7|5|10|8|3|10|4|1|9|3|1|7|6,FALSE,2,1,
1394,11,6|4|2|5|3|7|8|8|5|3|8|6|7|9|2|3|4|1|6|6|8|3|1|1|9|5|1|9|7|4|9|7|5|2|2|4,FALSE,2,1,
1395,14,9|6|7|2|8|3|8|5|7|11|1|1|1|3|11|9|8|10|3|9|11|12|6|10|5|7|7|4|5|5|9|2|10|11|1|12|4|10|3|2|4|12|12|6|6|2|8|4,FALSE,2,2,
1396,11,5|2|8|4|4|6|8|1|3|9|7|3|7|3|1|6|6|1|1|8|6|4|2|5|5|3|4|9|5|2|9|7|9|2|8|7,FALSE,2,3,
1397,14,8|3|4|5|4|2|1|12|10|6|10|1|8|4|2|7|3|7|4|1|2|6|11|8|6|12|5|11|3|9|10|3|2|12|5|9|1|12|7|11|9|8|6|11|5|9|7|10,FALSE,2,2,
1398,11,7|6|4|7|2|8|1|5|8|2|9|7|6|4|3|9|2|9|1|1|5|8|8|4|6|6|3|5|5|7|1|9|2|3|3|4,FALSE,2,3,
1399,14,12|11|5|3|10|3|9|7|6|1|11|3|9|8|6|1|8|10|7|12|12|6|9|2|11|2|4|4|7|6|9|7|10|8|8|1|10|4|5|1|2|5|4|11|3|12|5|2,FALSE,2,1,
1400,11,9|9|7|6|8|9|8|3|1|1|8|2|6|6|4|7|5|4|2|3|7|5|6|9|8|5|3|1|5|7|4|3|2|4|2|1,FALSE,2,1,
1401,11,7|3|6|5|8|8|2|7|7|4|9|6|9|3|6|5|5|3|9|3|4|5|9|8|2|4|2|2|1|8|6|4|1|1|1|7,FALSE,2,1,
1402,14,9|9|7|10|3|1|7|12|5|10|1|11|2|10|8|6|11|3|5|12|7|1|11|3|4|12|6|2|4|9|6|11|8|5|7|2|2|12|8|1|3|6|9|4|8|5|4|10,FALSE,2,2,
1403,14,5|3|12|4|10|4|7|4|8|7|6|12|1|1|7|9|1|8|11|8|4|2|10|2|12|6|9|5|3|11|10|10|11|2|9|1|6|3|5|5|7|2|8|11|12|3|9|6,FALSE,2,1,
1404,11,3|7|5|2|5|3|7|9|6|8|5|8|2|3|8|5|2|4|4|6|3|6|2|6|9|9|4|1|1|1|8|4|7|1|7|9,FALSE,2,3,
1405,14,12|6|11|1|3|9|5|2|11|9|1|2|5|4|2|12|5|10|7|8|7|1|10|9|8|8|10|7|10|12|4|3|12|11|7|6|3|8|11|1|5|2|6|9|4|4|6|3,FALSE,2,2,
1406,14,11|6|4|7|4|11|1|8|10|7|5|7|4|11|11|5|2|3|3|3|9|6|10|8|12|12|1|2|12|2|8|1|5|12|9|10|7|10|1|5|6|9|8|4|6|9|3|2,FALSE,2,1,
1407,11,1|6|3|3|7|4|9|9|7|1|2|2|7|6|8|5|3|5|1|4|9|2|6|8|5|9|3|4|1|2|8|5|8|6|7|4,FALSE,2,1,
1408,11,3|1|4|6|5|2|8|9|9|8|4|5|9|7|2|5|2|3|4|6|9|1|8|5|6|6|2|3|7|4|3|1|7|1|7|8,FALSE,2,1,
1409,14,1|7|11|6|7|8|5|12|3|1|1|8|9|9|7|10|4|5|12|11|10|2|9|8|12|2|6|4|2|10|6|5|8|3|11|6|4|2|4|3|10|5|9|11|3|7|12|1,FALSE,2,1,
1410,14,10|6|12|4|4|3|3|3|11|6|9|9|1|11|9|12|10|7|4|11|1|9|5|6|11|1|12|7|5|10|5|2|4|8|8|12|10|2|7|5|2|6|7|8|3|2|1|8,FALSE,2,1,
1411,14,9|5|7|12|3|6|6|3|3|9|1|8|4|2|10|8|3|10|2|4|10|8|7|5|8|1|11|12|9|7|6|11|5|12|11|10|12|4|1|5|11|2|7|9|4|1|2|6,FALSE,2,3,
1412,11,1|5|3|7|5|3|1|6|2|6|4|4|2|8|7|4|3|5|9|8|8|9|7|8|7|1|1|6|3|6|4|2|5|2|9|9,FALSE,2,1,
1413,11,1|7|1|4|8|3|5|2|6|8|8|4|9|5|6|6|7|9|7|3|5|8|1|3|2|9|5|1|4|9|3|7|2|2|6|4,FALSE,2,2,
1414,14,10|6|2|11|10|8|2|3|11|3|9|12|1|8|4|9|1|11|7|2|6|11|12|9|9|1|12|4|10|10|3|8|4|3|7|5|5|7|6|12|5|1|6|4|7|8|2|5,FALSE,2,2,
1415,11,8|7|5|8|1|7|4|3|8|6|5|3|1|5|7|7|1|9|9|4|6|6|1|4|8|2|4|2|3|9|9|6|2|5|3|2,FALSE,2,1,
1416,14,8|4|9|2|1|12|1|5|4|11|11|2|8|5|6|11|6|10|9|4|9|1|3|11|12|3|2|12|12|1|7|7|2|7|10|10|3|3|10|6|4|5|6|5|9|8|8|7,FALSE,2,3,
1417,11,1|7|2|9|9|6|4|1|8|1|8|3|8|6|3|6|2|4|6|7|9|7|5|5|8|5|4|2|7|3|5|9|4|1|3|2,FALSE,2,2,
1418,14,5|8|12|7|9|9|3|6|10|7|12|3|2|11|2|8|1|7|6|1|10|11|7|5|12|11|2|4|5|1|3|12|10|4|9|11|4|5|10|1|3|4|8|6|9|6|8|2,FALSE,2,3,
1419,14,9|10|12|7|4|12|7|6|4|8|9|5|12|1|4|3|9|3|6|1|9|8|7|4|2|8|11|11|5|5|2|2|1|7|6|11|11|3|10|6|12|5|10|2|10|1|3|8,FALSE,2,1,
1420,11,4|5|8|7|8|1|4|1|3|6|3|8|2|3|9|2|4|5|6|8|7|1|3|1|7|2|5|5|7|4|9|6|9|6|9|2,FALSE,2,3,
1421,14,5|8|3|10|9|11|4|11|8|1|5|7|5|1|5|12|2|9|8|1|12|7|4|2|6|12|10|2|7|6|12|9|11|3|3|7|10|6|3|4|6|4|11|1|9|2|10|8,FALSE,2,1,
1422,11,3|4|6|7|2|5|8|7|8|3|2|9|4|5|3|7|9|6|1|7|1|4|2|6|6|5|8|4|9|9|8|3|2|1|5|1,FALSE,2,1,
1423,11,6|3|2|9|1|1|3|4|9|6|9|7|8|5|5|3|2|7|3|2|4|8|8|4|6|9|1|7|8|7|2|6|4|5|5|1,FALSE,2,2,
1424,14,8|12|1|6|4|1|1|3|11|9|2|2|5|10|6|10|8|7|3|6|9|10|11|3|4|11|2|9|7|1|6|12|8|4|5|10|11|9|5|5|3|7|12|8|7|2|12|4,FALSE,2,1,
1425,14,11|6|10|8|11|10|2|3|3|8|12|4|6|7|6|6|4|7|7|12|4|5|4|9|2|9|8|10|5|12|3|9|1|2|1|8|10|3|1|5|12|2|9|11|1|11|5|7,FALSE,2,1,
1426,11,2|6|4|5|7|9|4|4|8|1|5|5|9|1|6|3|9|7|2|8|4|3|3|7|6|6|5|1|2|3|2|7|1|9|8|8,FALSE,2,3,
1427,14,7|9|7|2|8|6|4|7|8|5|9|2|11|12|4|4|10|11|8|9|6|11|6|5|2|3|12|6|11|7|1|10|1|10|12|9|3|1|3|5|3|12|8|5|2|1|10|4,FALSE,2,1,
1428,11,2|3|9|5|5|9|7|2|4|8|1|3|2|7|6|2|9|4|4|8|8|3|6|1|1|5|5|4|7|1|9|6|3|6|8|7,FALSE,2,1,
1429,11,9|5|5|7|3|5|9|7|8|8|4|2|1|8|1|3|4|2|3|7|4|3|6|9|6|8|4|1|6|9|1|5|6|7|2|2,FALSE,2,1,
1430,14,4|5|9|1|12|7|4|12|10|3|9|11|10|2|8|2|1|12|5|11|4|9|7|8|2|10|12|8|5|10|11|2|5|1|3|3|11|6|1|4|9|7|6|6|3|7|8|6,FALSE,2,2,
1431,11,2|5|9|2|3|9|6|1|5|7|7|8|2|4|7|6|4|6|5|3|9|8|4|5|3|2|8|1|8|4|7|6|1|9|3|1,FALSE,2,1,
1432,14,1|7|11|7|3|6|3|8|9|11|11|5|11|1|6|8|1|8|5|2|5|6|10|4|3|12|2|12|6|4|2|9|4|12|4|7|1|8|2|3|7|9|10|5|12|9|10|10,FALSE,2,1,
1433,14,3|3|12|9|9|8|11|11|7|7|2|1|3|5|6|12|6|9|7|11|4|7|2|12|10|5|1|6|4|8|5|10|1|4|11|9|10|4|1|8|6|2|3|2|8|12|5|10,FALSE,2,3,
1434,11,2|5|6|4|6|9|8|3|1|1|7|4|8|7|2|4|9|5|9|2|2|4|8|3|3|7|5|9|3|7|6|8|1|1|6|5,FALSE,2,1,
1435,11,8|3|7|3|9|5|4|6|7|4|2|4|3|1|1|5|6|2|8|1|9|9|2|5|1|4|9|7|8|6|5|6|7|8|3|2,FALSE,2,1,
1436,14,11|2|1|4|7|3|8|9|8|7|2|6|6|1|3|3|12|10|10|1|2|8|5|3|4|11|5|11|9|10|7|5|12|2|5|8|9|12|4|6|1|10|4|9|7|11|12|6,FALSE,2,2,
1437,14,12|7|5|11|11|9|6|5|10|5|6|2|6|8|1|1|9|11|3|8|10|4|10|1|10|3|4|1|4|12|2|7|4|7|3|12|2|3|2|9|8|6|9|8|12|5|11|7,FALSE,2,1,
1438,11,7|1|8|2|9|2|9|3|3|1|2|4|3|6|9|6|1|3|2|4|4|8|7|5|5|7|8|6|5|4|7|9|8|5|6|1,FALSE,2,3,
1439,14,9|2|5|12|8|9|6|3|1|8|10|4|1|1|5|6|5|9|4|12|9|4|4|3|7|7|1|10|11|6|2|11|11|8|3|6|10|11|7|2|3|8|12|12|5|7|2|10,FALSE,2,2,
1440,14,5|12|5|8|4|6|8|3|2|4|3|7|9|10|6|12|10|10|11|8|4|6|2|6|11|9|9|7|5|9|3|12|7|8|5|11|11|3|2|1|10|2|12|7|1|1|4|1,FALSE,2,1,
1441,14,6|5|1|10|9|4|8|2|5|3|9|12|3|7|6|8|3|11|4|2|12|8|1|4|11|11|9|6|7|1|2|11|8|12|7|4|2|12|6|5|5|9|10|10|1|3|10|7,FALSE,2,1,
1442,14,4|12|4|6|10|7|2|3|2|11|10|9|7|10|9|8|8|11|5|8|2|9|10|7|12|1|5|4|6|7|3|9|11|6|12|1|3|1|4|5|5|6|12|8|11|3|1|2,FALSE,2,3,
1443,11,6|8|4|7|2|7|3|2|5|1|9|7|8|3|5|9|7|6|1|1|4|9|3|5|5|4|1|6|2|3|8|6|8|2|9|4,FALSE,2,1,
1444,11,7|6|1|9|9|4|7|8|5|6|4|1|6|9|3|4|8|9|3|6|4|5|5|2|8|8|3|3|7|5|2|2|2|7|1|1,FALSE,2,1,
1445,11,8|1|4|8|5|3|6|6|2|6|3|4|1|2|3|9|2|8|4|5|3|9|4|7|2|9|8|1|5|7|9|1|5|7|7|6,FALSE,2,2,
1446,14,12|8|5|2|12|3|1|1|1|12|8|11|10|5|3|2|3|6|5|11|11|5|6|4|9|6|4|9|7|8|2|4|12|9|11|9|10|4|7|7|7|1|10|2|6|8|10|3,FALSE,2,1,
1447,11,7|8|9|8|8|5|6|4|7|4|7|2|6|1|2|1|1|3|9|2|6|4|1|5|9|3|5|9|3|5|8|2|4|3|7|6,FALSE,2,1,
1448,14,5|12|10|1|3|8|6|9|8|5|7|2|6|2|7|6|11|11|5|10|3|9|12|10|4|7|8|1|11|1|4|2|7|5|4|3|8|12|10|2|3|1|9|12|6|9|4|11,FALSE,2,1,
1449,14,6|5|9|10|9|12|8|7|5|11|3|5|4|11|2|10|2|7|4|10|12|12|3|8|1|1|11|6|1|4|3|5|8|3|9|1|12|7|6|2|11|8|2|7|9|6|4|10,FALSE,2,1,
1450,11,1|6|5|6|7|9|4|1|4|8|5|1|2|1|3|4|7|9|2|8|7|3|8|8|9|4|3|6|5|2|5|6|7|3|9|2,FALSE,2,1,
1451,11,1|7|2|3|5|5|4|8|9|5|3|6|8|4|8|6|1|2|7|1|5|9|7|1|2|6|2|9|3|8|6|3|9|4|7|4,FALSE,2,1,
1452,14,11|11|5|5|4|6|2|3|8|7|4|8|9|1|4|10|7|2|10|10|8|2|2|9|12|9|7|5|11|3|6|12|1|6|5|1|12|9|10|1|4|11|8|6|12|7|3|3,FALSE,2,3,
1453,14,4|10|1|12|4|8|12|6|8|2|8|10|9|11|7|2|9|3|9|5|11|6|7|1|11|10|1|4|6|3|3|5|2|5|7|8|12|2|12|6|11|9|1|4|5|3|7|10,FALSE,2,2,
1454,14,5|7|6|3|3|5|10|11|1|12|8|4|8|5|3|7|4|11|2|3|7|8|2|10|10|2|11|12|4|5|9|1|4|7|9|9|12|1|8|6|12|9|11|1|6|6|10|2,FALSE,2,3,
1455,11,2|4|2|3|4|3|7|9|8|3|6|1|1|2|9|9|6|6|5|1|5|8|4|1|7|4|5|5|2|3|7|9|8|8|6|7,FALSE,2,1,
1456,11,9|8|1|5|9|1|5|8|7|3|5|2|2|7|4|9|8|1|9|6|3|6|3|6|3|2|4|8|2|7|7|6|4|4|5|1,FALSE,2,1,
1457,11,4|2|8|3|1|9|5|4|4|2|4|7|9|1|6|1|5|9|3|8|7|7|2|7|6|5|3|5|3|8|6|2|8|9|1|6,FALSE,2,1,
1458,11,4|3|7|8|2|6|1|4|5|4|6|2|8|8|5|2|1|5|9|9|5|1|6|9|9|3|8|3|3|4|1|7|7|7|2|6,FALSE,2,1,
1459,14,3|12|11|4|11|1|10|7|3|11|4|2|12|1|9|1|4|7|9|4|6|2|5|11|10|3|12|8|8|6|10|9|7|5|6|10|8|6|7|5|2|3|2|8|1|5|9|12,FALSE,2,1,
1460,14,5|5|9|9|9|11|2|4|7|10|3|8|1|2|6|1|7|8|10|10|7|1|4|2|4|9|2|12|12|11|6|8|5|3|10|12|11|6|3|3|7|4|5|8|12|11|6|1,FALSE,2,2,
1461,14,6|10|1|3|12|1|7|3|5|4|11|6|5|10|4|6|11|8|12|9|3|2|7|12|10|4|5|1|9|7|12|11|11|5|4|9|7|9|8|1|2|2|8|6|8|2|3|10,FALSE,2,1,
1462,11,6|9|4|4|3|7|1|9|1|2|3|7|9|7|2|5|1|5|3|4|6|7|4|3|8|6|8|1|2|8|8|5|9|6|2|5,FALSE,2,1,
1463,11,1|9|4|9|1|5|2|5|5|9|3|3|6|8|1|7|8|8|3|4|8|1|2|2|9|6|7|4|7|6|5|2|4|6|3|7,FALSE,2,1,
1464,14,5|7|5|10|6|8|2|7|2|8|4|4|5|3|1|12|11|2|12|12|9|11|2|12|6|9|7|8|1|10|11|3|6|6|1|10|7|3|3|9|8|11|1|9|10|4|5|4,FALSE,2,3,
1465,11,2|3|6|2|5|8|4|7|5|1|4|6|2|5|9|1|9|5|7|7|6|4|8|9|8|8|3|3|9|4|2|1|6|7|1|3,FALSE,2,1,
1466,14,8|8|4|10|11|12|1|4|10|11|3|7|9|5|5|12|10|6|9|9|5|6|2|12|6|4|2|1|7|11|3|7|1|11|9|3|8|2|7|2|5|4|12|10|8|3|1|6,FALSE,2,2,
1467,14,1|9|5|8|2|7|9|6|11|6|10|7|9|5|6|4|12|2|1|10|7|12|5|1|5|8|12|3|6|3|3|4|2|7|3|12|4|11|8|11|2|4|11|8|10|10|1|9,FALSE,2,1,
1468,11,1|3|8|8|9|4|5|4|2|8|6|7|3|5|3|7|9|6|1|8|1|7|9|4|3|6|5|2|2|1|9|5|6|7|2|4,FALSE,2,1,
1469,14,8|9|7|5|6|2|3|5|12|10|5|9|10|7|2|2|1|5|12|11|7|7|3|1|12|11|11|6|8|1|10|2|8|9|1|9|6|4|10|8|3|4|12|4|6|11|4|3,FALSE,2,2,
1470,11,5|4|9|5|6|6|9|5|2|2|8|4|3|7|1|2|8|4|2|8|8|3|4|9|6|1|6|7|7|5|1|1|9|3|7|3,FALSE,2,3,
1471,11,6|5|5|2|4|3|9|6|8|7|4|9|6|3|7|9|4|7|5|2|5|2|3|1|6|4|1|1|1|8|3|8|9|2|7|8,FALSE,2,1,
1472,14,8|4|3|9|9|10|2|10|1|10|3|2|2|12|11|1|3|11|9|8|3|10|6|1|6|9|7|12|4|8|11|7|5|11|6|2|5|8|4|7|5|7|1|5|12|12|6|4,FALSE,2,1,
1473,14,1|7|6|1|6|9|12|4|11|10|9|4|6|2|3|12|7|3|8|1|8|2|4|5|7|9|4|10|7|1|6|11|12|5|2|11|8|5|10|5|12|2|3|10|9|3|8|11,FALSE,2,2,
1474,11,1|9|6|3|2|4|7|6|2|3|5|8|5|4|4|6|7|1|4|5|1|8|7|2|7|5|1|9|8|9|2|3|8|3|9|6,FALSE,2,1,
1475,14,4|4|12|2|6|12|8|9|9|10|6|11|4|10|7|12|12|6|5|1|8|3|1|3|3|1|4|9|2|5|3|2|11|8|5|7|7|10|8|11|6|9|5|10|11|2|7|1,FALSE,2,3,
1476,11,1|8|3|6|6|4|7|7|2|2|8|5|3|9|5|8|9|6|1|1|4|4|2|1|3|7|5|8|9|2|5|7|3|6|4|9,FALSE,2,3,
1477,14,5|9|8|1|4|10|8|4|6|6|9|10|8|1|11|11|4|1|7|5|10|4|6|2|11|12|7|6|7|2|2|1|3|8|3|10|7|9|12|5|12|3|9|5|11|3|12|2,FALSE,2,2,
1478,14,11|10|10|8|9|4|5|3|2|6|1|9|4|1|10|7|8|3|1|7|12|3|8|1|2|12|8|4|2|9|9|5|6|5|4|6|12|11|5|3|7|7|6|11|2|11|10|12,FALSE,2,1,
1479,11,2|4|6|5|6|5|4|9|6|1|9|7|1|3|2|2|4|1|3|2|5|6|7|3|9|8|7|3|9|7|8|4|5|1|8|8,FALSE,2,1,
1480,14,12|8|4|7|9|12|3|3|2|6|2|11|1|10|7|11|7|11|5|11|2|5|3|8|2|10|4|4|9|5|10|6|4|1|10|8|12|7|3|9|1|8|9|5|6|1|6|12,FALSE,2,1,
1481,14,4|4|4|2|10|8|1|7|12|9|6|5|11|4|12|3|7|9|3|10|5|2|3|1|7|8|7|10|6|5|11|9|9|1|10|3|8|6|8|1|12|5|2|12|11|6|11|2,FALSE,2,1,
1482,11,5|3|8|1|6|4|5|4|6|7|6|4|2|1|9|3|7|2|8|9|2|8|9|7|1|8|3|9|1|2|7|5|6|4|5|3,FALSE,2,1,
1483,14,4|11|5|8|8|10|3|7|6|7|9|2|4|11|6|12|1|11|10|6|2|1|5|5|8|8|9|4|1|7|10|1|2|10|12|7|3|5|6|12|9|11|9|2|4|3|3|12,FALSE,2,1,
1484,11,3|7|4|7|7|6|1|1|9|3|5|8|1|9|8|2|5|9|5|3|4|2|6|4|9|2|7|8|6|3|4|6|2|5|1|8,FALSE,2,1,
1485,14,7|9|1|7|10|12|1|8|10|2|9|10|3|9|9|12|1|6|2|5|3|3|2|12|8|5|3|11|4|7|6|2|4|4|5|6|4|1|11|8|7|5|8|11|10|11|12|6,FALSE,2,3,
1486,14,3|4|2|2|6|7|12|3|8|2|10|7|8|7|8|5|6|12|9|4|4|1|6|5|3|9|10|11|9|1|8|1|10|4|1|7|3|11|12|2|5|5|6|11|12|9|11|10,FALSE,2,2,
1487,11,9|2|4|7|3|6|8|2|7|4|3|1|8|9|9|3|8|2|3|6|8|4|6|5|1|6|9|1|5|7|5|4|1|2|7|5,FALSE,2,1,
1488,11,3|8|3|4|7|8|4|6|6|1|7|4|8|5|8|7|9|9|3|6|2|5|9|6|9|5|1|7|5|2|1|3|4|2|2|1,FALSE,2,1,
1489,14,6|6|4|3|7|11|8|2|1|2|1|2|5|4|7|8|3|3|5|10|8|1|12|10|1|4|11|9|10|11|7|5|10|9|5|12|12|9|11|8|2|9|6|3|7|4|6|12,FALSE,2,3,
1490,11,6|3|4|3|9|4|8|7|3|4|7|2|7|1|9|5|8|1|1|9|8|4|5|6|2|2|2|6|1|6|5|8|5|9|7|3,FALSE,2,1,
1491,14,10|9|5|6|7|5|2|4|1|3|12|12|12|5|6|11|9|2|7|10|6|12|7|11|3|2|8|1|7|4|1|11|3|8|10|4|5|9|9|3|10|8|6|1|11|4|8|2,FALSE,2,2,
1492,11,3|3|5|1|6|4|9|4|5|3|1|6|9|5|7|8|2|7|8|7|4|1|6|9|1|5|8|9|4|2|2|8|3|7|2|6,FALSE,2,1,
1493,14,10|4|5|11|10|9|11|3|9|6|4|2|5|5|7|2|11|4|1|3|8|6|3|12|2|4|6|3|8|9|9|7|5|2|12|12|11|1|10|12|1|7|10|1|8|7|6|8,FALSE,2,1,
1494,14,3|8|4|8|11|11|9|3|2|8|9|10|12|11|1|5|3|6|10|4|7|5|6|2|1|10|6|8|2|11|5|7|6|1|7|5|9|12|12|1|10|4|2|3|9|7|4|12,FALSE,2,1,
1495,11,5|7|6|6|9|4|2|1|3|8|9|1|7|5|8|2|2|2|5|1|3|7|8|6|4|1|3|6|4|9|8|4|5|9|3|7,FALSE,2,1,
1496,11,7|1|7|3|5|7|6|4|2|7|1|9|4|2|3|9|2|8|1|8|1|6|8|6|5|9|4|3|5|6|9|5|8|4|2|3,FALSE,2,1,
1497,14,10|11|6|4|7|1|7|9|2|2|6|7|3|10|4|11|12|10|5|8|12|3|1|6|2|8|2|9|10|3|5|4|9|12|1|7|6|11|4|11|8|5|12|5|9|3|1|8,FALSE,2,1,
1498,14,7|11|4|1|11|2|10|12|8|4|3|5|2|6|12|8|9|4|6|7|12|4|9|2|1|7|2|3|3|9|10|11|6|5|8|1|5|10|7|1|3|11|10|12|5|8|6|9,FALSE,2,3,
1499,11,8|1|2|9|8|7|5|1|6|9|2|9|7|2|9|6|5|4|5|5|8|6|3|3|7|4|1|2|3|8|3|6|1|4|7|4,FALSE,2,1,
1500,11,1|3|3|6|5|6|2|7|4|6|7|2|4|9|1|2|8|8|9|7|4|5|7|5|2|9|3|8|1|8|4|3|6|1|9|5,FALSE,2,1,
1501,14,8|4|2|3|1|11|4|2|5|1|7|7|10|3|8|9|8|4|12|12|2|11|1|5|5|9|4|3|11|10|6|10|6|9|11|9|1|5|8|2|6|10|12|7|12|7|3|6,FALSE,2,2,
1502,14,9|3|3|12|11|10|10|8|5|6|2|12|9|8|2|8|11|7|1|10|2|3|5|6|1|10|4|11|7|5|7|12|4|4|4|7|1|3|5|9|2|1|6|11|12|6|8|9,FALSE,2,1,
1503,11,8|5|2|9|2|6|2|7|1|6|5|9|1|8|4|3|9|9|5|5|4|7|1|3|4|8|8|1|6|3|4|7|3|7|6|2,FALSE,2,1,
1504,11,4|4|2|2|3|6|4|2|1|9|6|4|5|1|9|5|8|7|3|6|1|9|7|5|5|1|8|9|8|2|7|3|8|6|3|7,FALSE,2,1,
1505,14,3|10|5|10|7|3|9|12|8|9|3|9|4|8|2|6|7|3|6|11|1|10|2|6|5|11|2|6|12|8|9|2|12|11|1|7|11|12|10|1|7|1|5|4|4|5|8|4,FALSE,2,1,
1506,14,12|6|12|1|9|1|4|6|12|1|8|5|2|1|5|9|4|7|12|10|9|4|8|3|8|11|10|7|11|3|10|2|7|3|8|2|5|4|6|5|7|2|10|6|11|11|9|3,FALSE,2,1,
1507,11,6|2|7|8|5|8|3|2|8|5|4|4|5|1|1|8|6|3|6|6|4|9|1|2|1|9|5|3|4|7|7|9|2|9|3|7,FALSE,2,1,
1508,14,10|1|12|5|11|8|3|2|3|11|2|3|4|1|9|6|7|1|1|4|12|10|2|10|4|5|12|7|9|6|8|6|2|8|5|11|6|8|11|10|9|7|3|5|9|4|12|7,FALSE,2,3,
1509,11,3|1|3|8|1|2|3|4|7|6|9|1|7|9|9|8|5|7|4|3|8|5|6|6|4|5|2|2|1|7|5|2|6|8|9|4,FALSE,2,1,
1510,14,2|12|1|7|9|5|7|7|8|1|5|11|3|6|4|10|4|11|1|1|6|11|10|10|8|2|4|3|12|6|11|12|9|6|10|8|3|9|5|3|12|4|8|2|9|5|2|7,FALSE,2,1,
1511,11,7|4|8|8|2|2|7|3|1|3|4|6|2|4|1|7|1|8|3|9|6|3|6|1|5|7|5|8|5|9|4|9|2|9|6|5,FALSE,2,2,
1512,14,3|2|11|10|12|9|1|9|3|7|9|7|3|11|3|7|12|9|5|2|11|4|4|6|5|12|1|5|2|5|6|8|8|4|1|10|10|12|8|1|2|6|11|4|8|10|7|6,FALSE,2,1,
1513,14,2|1|12|1|10|5|8|5|6|10|2|4|8|9|3|11|2|12|7|11|11|6|9|3|4|4|7|1|3|3|2|5|6|6|11|10|9|8|10|12|7|7|4|8|9|5|12|1,FALSE,2,1,
1514,11,2|9|7|2|9|5|4|7|8|6|5|2|1|3|5|6|8|4|1|8|1|9|5|3|4|6|9|7|3|6|3|8|7|1|2|4,FALSE,2,1,
1515,11,2|6|2|1|4|8|9|9|2|8|3|5|6|5|4|9|3|7|8|4|7|1|9|7|8|4|3|1|6|2|7|3|1|5|5|6,FALSE,2,1,
1516,14,10|10|1|12|4|5|12|3|7|5|2|1|11|8|6|10|1|10|8|2|3|9|12|5|4|7|7|3|4|6|9|6|8|2|3|11|5|4|7|1|2|8|11|12|9|9|11|6,FALSE,2,1,
1517,14,7|3|7|3|6|6|4|4|8|9|10|10|8|8|7|11|12|6|2|12|4|2|1|5|12|11|11|10|2|1|9|5|3|5|2|7|11|10|5|9|4|1|9|6|3|8|12|1,FALSE,2,1,
1518,14,12|2|5|11|5|1|6|11|4|3|7|5|11|5|8|10|2|9|4|7|12|6|12|6|12|1|11|2|7|10|8|8|7|9|3|1|10|6|9|4|3|8|2|10|1|9|3|4,FALSE,2,1,
1519,11,7|1|9|9|5|2|3|1|8|1|6|6|4|3|8|7|1|2|5|4|7|9|4|9|4|7|8|2|2|5|3|5|6|3|8|6,FALSE,2,1,
1520,11,9|7|5|1|4|3|6|2|2|1|2|6|3|8|4|3|3|9|7|5|8|4|5|7|2|8|6|5|6|1|9|4|1|8|9|7,FALSE,2,1,
1521,14,10|3|2|6|8|11|8|4|9|10|4|7|12|7|12|2|9|1|5|2|5|1|3|4|3|9|12|8|4|3|10|6|8|12|2|6|1|5|1|11|5|7|7|10|11|6|11|9,FALSE,2,1,
1522,11,6|1|4|8|2|7|6|1|3|9|3|1|6|3|4|7|2|3|4|9|5|7|6|9|2|4|7|8|5|2|5|8|9|1|8|5,FALSE,2,1,
1523,14,2|2|1|3|9|4|11|10|9|7|8|11|11|2|10|8|12|7|1|3|6|12|5|3|11|4|5|5|8|12|6|4|10|1|7|1|3|9|6|4|6|2|9|10|5|7|12|8,FALSE,2,3,
1524,11,1|4|1|2|5|3|4|4|2|3|4|7|7|6|8|5|8|6|2|5|1|9|1|3|6|8|7|8|9|9|9|3|2|7|5|6,FALSE,2,1,
1525,11,6|5|5|7|1|1|7|3|2|8|4|1|4|4|5|6|9|8|5|2|3|9|3|9|1|9|2|8|2|4|8|6|7|7|6|3,FALSE,2,1,
1526,14,3|1|5|8|12|1|6|8|7|7|3|7|8|12|11|2|8|4|2|5|9|10|2|9|6|1|6|11|4|3|10|3|10|7|12|5|11|6|4|12|5|2|11|9|4|10|9|1,FALSE,2,3,
1527,11,4|6|3|8|6|2|8|3|9|5|6|1|5|2|7|7|3|8|4|9|4|1|3|6|5|9|8|2|1|1|7|4|7|2|9|5,FALSE,2,2,
1528,14,2|10|3|5|1|3|5|9|2|4|1|6|8|9|1|6|3|8|4|11|8|12|5|12|7|11|1|11|3|4|10|5|4|10|6|2|12|7|6|12|9|7|11|9|2|7|10|8,FALSE,2,1,
1529,11,8|5|4|7|8|7|8|3|6|5|1|9|2|8|9|3|4|3|6|9|1|6|9|7|3|2|1|1|4|5|5|4|2|2|6|7,FALSE,2,1,
1530,14,2|7|5|8|5|12|5|2|10|10|12|8|10|4|10|7|4|9|7|12|6|2|8|5|6|3|2|1|9|3|11|11|1|11|12|6|9|3|3|11|4|9|8|6|1|7|1|4,FALSE,2,1,
1531,14,1|7|10|6|11|1|9|11|2|7|12|12|8|3|10|11|10|9|12|1|2|6|4|5|4|4|5|4|8|2|5|1|11|5|7|2|3|9|9|8|6|10|3|12|3|6|7|8,FALSE,2,2,
1532,11,2|4|7|3|4|6|5|2|2|2|7|5|1|1|5|8|9|8|7|9|1|6|3|1|9|3|4|7|5|4|3|8|6|6|9|8,FALSE,2,1,
1533,14,1|11|11|6|9|9|6|8|5|4|12|8|5|10|2|1|2|3|1|5|7|5|12|3|8|2|9|3|10|7|6|3|2|6|7|1|9|12|12|4|4|11|4|10|10|8|11|7,FALSE,2,1,
1534,14,11|5|9|2|12|7|2|8|7|6|10|4|5|4|3|9|12|1|5|2|2|11|8|12|4|3|10|10|1|3|9|12|7|6|6|4|1|11|11|8|6|1|5|7|8|10|9|3,FALSE,2,1,
1535,11,3|7|1|6|2|5|7|8|8|3|4|2|9|6|5|6|9|1|7|1|7|2|9|1|5|6|3|8|9|4|2|8|5|4|4|3,FALSE,2,1,
1536,11,3|4|8|8|4|6|6|7|8|5|5|2|1|9|1|3|2|9|1|7|4|7|2|8|7|6|9|5|1|4|9|5|2|3|6|3,FALSE,2,1,
1537,14,3|12|7|11|1|5|6|3|2|5|7|8|10|7|4|9|2|1|7|1|12|12|10|9|11|8|3|8|8|6|12|5|9|2|5|10|4|9|4|2|6|4|11|6|11|1|3|10,FALSE,2,1,
1538,14,12|8|2|10|3|6|11|10|2|4|10|11|8|8|5|1|5|5|9|10|6|1|9|7|2|2|7|5|4|3|9|11|4|1|6|6|12|7|3|3|1|12|9|7|4|12|11|8,FALSE,2,3,
1539,11,9|3|6|8|1|8|6|7|2|1|7|4|8|8|3|6|4|3|5|4|2|5|4|3|9|1|7|2|9|1|6|5|2|5|7|9,FALSE,2,1,
1540,11,3|9|4|2|3|4|9|6|8|4|8|1|6|7|6|7|2|2|1|1|3|5|9|5|5|6|7|8|4|1|9|5|8|2|7|3,FALSE,2,1,
1541,14,1|6|9|5|2|6|3|7|8|5|7|2|5|6|4|11|8|12|7|11|2|8|7|10|10|10|1|8|11|1|10|2|6|4|5|9|3|1|3|4|3|12|12|4|12|11|9|9,FALSE,2,1,
1542,11,8|6|4|1|4|2|6|1|5|2|8|9|8|9|3|7|7|6|7|4|9|1|7|3|2|8|6|9|3|2|3|5|5|1|4|5,FALSE,2,2,
1543,11,9|4|4|6|7|9|4|5|8|6|1|7|1|8|5|4|3|8|7|2|1|2|5|9|9|6|3|3|2|5|3|1|8|2|6|7,FALSE,2,1,
1544,14,2|10|9|4|8|8|5|7|12|6|4|5|9|8|6|10|8|4|7|4|12|10|3|5|6|12|3|2|9|1|2|1|1|3|6|7|10|11|9|7|3|5|12|2|11|11|1|11,FALSE,2,1,
1545,14,3|1|4|5|10|11|4|1|1|9|9|7|5|8|11|4|11|2|12|3|6|3|8|7|5|7|6|12|10|4|6|3|10|12|1|8|5|11|2|9|12|2|9|2|8|10|6|7,FALSE,2,1,
1546,14,3|5|5|10|1|1|2|8|2|9|7|2|11|12|5|8|12|4|7|1|4|2|6|10|12|7|10|1|9|9|10|6|8|9|4|6|3|11|3|4|3|7|11|8|6|11|12|5,FALSE,2,2,
1547,11,5|9|6|8|4|3|2|9|2|6|1|3|6|1|7|3|4|7|8|4|9|5|8|1|1|5|6|4|8|7|9|7|3|2|2|5,FALSE,2,1,
1548,14,11|6|11|6|2|9|10|1|10|7|9|8|10|7|8|9|2|9|6|12|4|12|4|11|4|8|1|5|10|7|8|5|3|5|1|6|12|11|1|2|3|3|4|3|12|7|5|2,FALSE,2,3,
1549,11,9|4|9|4|8|3|1|7|5|6|1|5|2|3|3|2|7|5|7|8|4|5|9|3|9|8|6|7|2|4|8|6|1|2|6|1,FALSE,2,1,
1550,14,3|8|9|11|1|7|11|4|4|5|6|12|4|9|5|2|8|2|2|9|1|1|7|11|5|10|7|12|3|12|8|4|8|2|1|9|7|6|6|10|10|11|3|10|6|12|3|5,FALSE,2,3,
1551,11,4|6|9|8|3|4|8|4|6|5|1|2|3|1|1|3|2|5|7|9|1|9|8|6|6|5|4|3|7|8|2|7|9|2|5|7,FALSE,2,1,
1552,14,11|1|10|8|11|1|6|8|8|1|7|11|8|2|3|4|3|4|2|12|10|6|7|5|9|12|6|9|10|7|4|10|12|6|2|7|9|12|5|5|3|3|11|2|1|5|4|9,FALSE,2,2,
1553,14,10|7|12|7|11|8|3|5|3|2|4|1|4|8|11|11|2|2|5|6|12|6|5|8|9|8|1|6|6|4|9|4|11|3|10|5|12|7|12|2|3|9|1|10|10|9|1|7,FALSE,2,1,
1554,11,9|1|4|4|1|3|7|3|2|2|9|4|3|6|5|8|6|8|7|7|2|5|6|1|7|8|4|9|6|9|8|1|5|3|2|5,FALSE,2,1,
1555,14,12|9|3|8|7|11|10|10|8|8|2|12|5|4|1|9|6|1|3|3|10|1|4|2|6|8|12|6|12|9|5|6|11|11|1|7|10|5|2|4|9|3|5|2|11|7|7|4,FALSE,2,1,
1556,11,6|4|7|4|1|6|4|5|8|5|4|9|1|7|5|9|9|8|2|5|8|3|8|2|3|2|7|6|3|1|6|7|3|2|1|9,FALSE,2,1,
1557,14,11|5|4|6|5|7|8|6|3|12|4|3|7|1|2|8|12|4|5|12|3|8|1|11|7|5|10|9|11|6|8|12|1|10|6|9|10|7|2|10|9|4|2|3|9|2|11|1,FALSE,2,2,
1558,14,2|11|8|10|11|8|3|6|2|12|3|3|4|4|12|2|4|12|2|8|10|8|6|5|9|9|4|7|1|7|7|5|11|3|7|10|11|9|6|1|5|5|12|10|6|9|1|1,FALSE,2,3,
1559,11,5|1|9|7|7|2|2|3|5|9|8|6|5|4|8|9|4|1|4|9|3|7|5|1|8|7|3|8|2|6|4|6|1|3|6|2,FALSE,2,1,
1560,11,9|9|6|2|2|6|1|2|7|4|8|5|8|4|2|5|3|4|1|3|7|9|7|5|4|3|8|3|5|7|9|6|8|1|6|1,FALSE,2,1,
1561,14,5|2|12|10|5|5|8|4|7|1|11|3|4|2|1|5|3|8|1|11|8|4|12|7|1|11|2|4|3|8|6|6|11|10|10|6|3|12|7|7|10|9|9|12|2|6|9|9,FALSE,2,2,
1562,11,5|3|8|7|1|5|3|2|2|6|8|7|6|4|1|2|9|7|3|8|9|4|1|7|1|4|4|5|9|3|9|8|6|2|5|6,FALSE,2,1,
1563,14,1|5|11|1|3|4|3|3|9|6|7|4|7|6|9|7|2|10|8|8|11|5|2|4|1|10|1|6|8|2|12|11|11|2|10|4|12|10|8|6|9|3|7|5|9|5|12|12,FALSE,2,3,
1564,11,3|4|6|2|2|1|9|5|7|4|8|8|8|6|4|2|4|9|3|1|1|9|5|1|5|5|6|3|8|2|7|7|7|9|6|3,FALSE,2,1,
1565,14,4|5|12|1|8|11|11|1|5|3|12|9|3|8|8|7|3|6|9|10|3|11|2|4|1|4|10|9|7|8|1|7|6|12|5|5|10|7|2|2|6|9|11|12|2|6|4|10,FALSE,2,1,
1566,14,5|8|2|7|4|1|7|5|10|8|7|2|12|2|3|5|1|9|9|10|3|5|12|12|11|6|9|4|10|10|2|3|1|8|8|4|12|11|1|11|6|7|6|6|4|9|3|11,FALSE,2,3,
1567,11,4|6|2|1|4|7|5|1|1|4|2|3|8|8|6|7|9|2|6|5|9|1|4|8|3|9|3|2|9|5|7|5|7|8|6|3,FALSE,2,2,
1568,11,5|2|3|1|6|1|3|6|7|9|4|9|4|2|8|5|5|6|9|8|9|2|7|2|7|1|8|1|4|4|3|3|8|6|7|5,FALSE,2,1,
1569,11,1|3|8|2|6|4|7|9|6|4|8|3|9|5|8|1|4|5|6|5|2|6|8|7|9|1|9|3|3|5|7|2|7|1|2|4,FALSE,2,1,
1570,14,1|8|12|1|8|3|9|5|10|8|7|6|7|4|5|10|11|9|12|7|2|6|11|4|10|12|6|6|7|1|11|5|3|4|2|8|1|12|9|5|11|4|10|3|3|2|2|9,FALSE,2,1,
1571,14,7|1|11|12|8|12|9|8|12|4|6|1|3|3|9|5|9|4|12|7|7|5|1|3|6|2|10|6|2|7|11|4|10|2|3|10|11|10|5|6|8|9|2|4|5|8|1|11,FALSE,2,1,
1572,11,7|2|7|4|1|6|3|7|6|8|5|1|8|8|4|5|9|7|9|4|9|8|2|6|4|3|2|1|5|5|1|3|3|2|6|9,FALSE,2,1,
1573,14,5|6|12|11|2|3|8|3|3|11|6|7|8|8|3|12|1|8|7|9|5|10|12|10|11|4|4|11|10|6|9|5|7|4|6|1|12|2|7|1|10|2|1|5|4|9|9|2,FALSE,2,3,
1574,11,2|2|4|4|8|7|6|3|1|9|6|1|5|9|5|2|7|6|7|8|4|7|3|2|8|1|1|9|6|3|4|3|9|8|5|5,FALSE,2,1,
1575,14,8|6|6|7|10|11|5|9|2|4|11|9|8|5|2|7|5|2|8|5|12|12|11|3|1|1|1|8|12|4|9|10|2|7|10|12|6|9|4|1|3|11|7|3|10|4|3|6,FALSE,2,1,
1576,14,11|2|9|11|10|10|3|2|7|7|2|12|5|1|8|4|11|5|9|7|1|12|5|5|6|4|8|3|6|8|1|6|3|12|1|10|3|9|10|8|4|9|4|6|7|2|11|12,FALSE,2,1,
1577,11,8|6|4|2|6|9|2|1|2|8|7|5|5|3|6|4|7|9|1|1|3|9|2|3|4|6|7|1|4|3|7|8|5|9|5|8,FALSE,2,1,
1578,11,4|5|3|2|8|4|3|6|7|3|8|9|5|3|1|6|9|7|7|8|4|4|6|6|2|7|1|5|9|2|8|9|1|2|1|5,FALSE,2,1,
1579,14,8|10|4|9|5|11|6|6|1|2|1|6|3|7|7|9|2|3|8|5|3|12|4|4|5|10|12|2|6|8|9|10|4|9|3|12|12|8|1|11|1|11|10|5|7|2|11|7,FALSE,2,1,
1580,14,10|6|6|5|4|1|9|2|1|12|7|6|3|6|2|5|2|4|4|4|9|3|8|10|11|1|12|3|7|2|9|10|9|1|7|5|11|3|8|12|11|11|8|8|5|7|10|12,FALSE,2,1,
1581,14,12|12|1|6|7|9|10|8|5|10|4|12|5|11|4|1|7|10|3|4|6|7|8|3|6|7|9|5|11|10|2|5|8|4|2|2|1|1|6|3|11|9|2|8|11|12|9|3,FALSE,2,3,
1582,11,1|6|7|1|6|9|9|1|7|1|5|4|4|5|8|3|4|7|7|3|9|2|5|9|3|2|4|6|8|8|3|6|2|5|8|2,FALSE,2,1,
1583,11,7|6|6|3|8|1|2|8|5|7|3|9|4|1|3|5|4|5|1|9|5|9|6|1|6|9|3|7|8|4|2|2|7|2|8|4,FALSE,2,1,
1584,14,1|10|7|5|6|4|9|1|9|8|7|10|9|10|9|11|8|4|1|3|5|10|4|7|12|11|4|6|6|8|3|11|12|2|2|5|1|3|2|11|8|2|3|6|12|7|12|5,FALSE,2,2,
1585,14,2|11|7|2|1|10|12|9|9|10|4|7|12|11|4|5|3|6|1|10|3|10|3|5|11|7|7|5|9|8|4|3|11|6|8|6|4|1|6|12|1|5|2|8|9|8|2|12,FALSE,2,1,
1586,14,12|10|12|4|4|5|8|12|2|9|12|10|11|6|10|10|7|4|8|9|5|3|7|6|2|9|4|5|7|1|11|6|11|1|5|1|9|2|1|2|11|6|8|3|3|8|3|7,FALSE,2,1,
1587,11,2|4|4|3|5|3|6|4|9|7|4|3|8|1|6|1|2|5|9|7|6|1|1|2|9|5|5|9|7|8|6|8|8|7|2|3,FALSE,2,1,
1588,11,5|9|7|2|6|5|4|9|7|2|6|5|1|2|8|3|2|7|5|9|4|9|4|8|8|6|1|4|6|3|1|7|3|3|8|1,FALSE,2,1,
1589,11,1|4|2|2|3|5|3|7|1|7|9|6|4|7|1|2|8|9|5|3|9|8|4|7|5|6|2|4|8|6|3|6|1|8|5|9,FALSE,2,1,
1590,11,7|2|8|6|3|9|4|4|8|6|2|3|3|7|9|8|1|6|2|2|1|6|7|7|9|5|4|5|8|3|9|1|5|4|1|5,FALSE,2,1,
1591,14,2|10|5|6|1|8|11|7|5|5|7|1|2|7|8|1|8|8|2|11|9|2|4|12|12|6|9|6|9|10|3|3|9|12|10|5|10|12|4|3|11|4|1|6|3|11|4|7,FALSE,2,1,
1592,14,2|10|10|5|2|6|8|8|8|3|9|7|12|7|10|9|4|2|9|1|5|2|7|10|5|8|1|6|1|12|7|3|11|11|9|4|6|5|12|4|3|11|11|1|6|4|3|12,FALSE,2,2,
1593,11,2|9|1|6|9|5|3|3|6|6|9|2|1|2|4|6|7|8|4|1|3|2|3|4|1|5|7|7|5|5|4|8|9|8|8|7,FALSE,2,3,
1594,11,4|3|8|8|4|6|8|3|3|5|8|9|6|3|2|9|2|7|1|5|7|2|1|6|2|4|1|4|7|9|6|1|5|5|7|9,FALSE,2,1,
1595,14,12|4|9|7|8|9|6|6|12|1|3|7|4|6|11|1|8|1|6|10|2|10|11|10|9|4|2|3|3|4|12|12|7|2|11|1|9|3|11|10|7|5|5|2|8|5|8|5,FALSE,2,1,
1596,14,4|5|11|10|8|2|10|2|2|1|6|9|4|12|3|12|5|11|7|6|11|9|8|8|6|7|2|9|3|10|4|3|5|7|7|12|1|1|12|11|5|3|6|8|9|10|4|1,FALSE,2,1,
1597,14,7|1|12|10|3|2|5|7|4|6|8|4|12|8|8|7|1|6|5|12|1|3|10|10|3|9|5|6|1|4|11|9|9|10|11|9|2|2|4|7|12|5|8|11|11|6|3|2,FALSE,2,1,
1598,11,4|7|6|9|1|2|2|8|3|2|6|3|4|9|5|9|2|3|3|4|1|7|7|5|6|7|8|1|8|5|8|5|1|9|4|6,FALSE,2,1,
1599,11,3|4|8|1|6|6|5|9|2|9|2|5|7|7|3|2|7|7|5|2|1|9|3|1|4|3|9|8|5|6|1|6|8|4|8|4,FALSE,2,1,
1600,14,12|8|7|8|5|3|9|5|1|5|11|12|7|1|2|9|3|4|10|3|10|6|7|2|6|12|9|12|11|8|6|2|5|11|4|1|7|11|8|6|4|10|3|1|2|9|4|10,FALSE,2,1,
1601,11,4|5|3|2|3|2|1|7|3|5|6|9|8|2|7|7|8|7|1|4|5|8|2|4|3|4|9|9|9|8|6|1|6|1|5|6,FALSE,2,1,
1602,11,9|3|2|5|5|4|1|3|8|6|7|2|7|7|2|3|6|2|8|1|3|6|9|5|4|7|1|1|9|5|4|6|4|9|8|8,FALSE,2,2,
1603,14,2|12|12|5|2|10|7|11|11|5|12|5|6|6|3|6|1|11|5|9|4|8|7|3|12|3|9|4|8|1|6|9|11|8|10|7|2|8|10|3|1|4|10|2|9|4|1|7,FALSE,2,1,
1604,14,6|6|8|3|9|3|11|5|6|10|12|7|12|10|7|1|8|3|10|4|6|11|1|12|11|9|5|8|4|2|1|1|2|8|12|4|9|2|7|5|3|9|2|11|4|5|10|7,FALSE,2,1,
1605,11,5|1|1|8|1|7|9|6|9|2|6|4|4|3|5|7|9|6|8|3|4|7|3|8|2|8|2|3|5|9|7|2|1|4|6|5,FALSE,2,1,
1606,11,8|2|4|2|6|9|3|6|3|3|3|8|7|4|1|7|4|8|5|1|9|6|6|2|7|5|5|9|1|7|1|8|9|5|4|2,FALSE,2,1,
1607,14,8|11|12|2|2|12|5|7|11|4|1|1|8|4|10|6|1|11|4|10|12|12|5|6|8|6|7|4|7|3|2|9|3|6|5|7|9|11|3|5|10|1|2|9|9|10|8|3,FALSE,2,3,
1608,14,4|5|1|12|3|6|7|2|8|2|6|5|3|1|12|2|9|10|6|9|10|10|7|4|5|6|5|11|1|8|9|11|4|12|7|3|7|2|8|8|3|1|12|11|10|4|11|9,FALSE,2,1,
1609,14,6|9|11|3|7|8|4|2|3|9|11|12|2|7|5|5|7|1|2|11|11|4|1|10|5|12|6|4|2|1|6|3|9|12|3|9|7|8|10|6|12|8|10|1|10|8|5|4,FALSE,2,2,
1610,11,9|3|9|6|1|5|8|7|8|4|1|8|3|4|1|7|6|5|4|9|7|5|2|6|6|2|7|2|8|3|3|4|5|9|1|2,FALSE,2,1,
1611,11,3|5|9|6|9|7|6|2|1|8|4|3|6|1|7|5|2|1|6|4|7|8|7|8|4|2|9|1|3|8|5|9|3|2|4|5,FALSE,2,3,
1612,14,1|10|6|8|5|11|8|4|5|6|6|9|9|3|11|11|3|3|2|7|8|12|1|12|5|6|9|2|4|12|4|7|10|10|3|12|1|4|2|11|5|2|7|10|8|1|9|7,FALSE,2,1,
1613,11,8|5|2|6|9|2|9|7|8|7|4|1|6|7|4|9|4|1|1|2|2|3|9|8|5|6|3|1|6|4|3|7|5|3|5|8,FALSE,2,1,
1614,14,2|5|1|2|12|6|12|8|10|11|10|12|9|4|1|6|12|4|10|1|8|2|2|3|11|4|9|8|3|7|8|7|3|9|7|4|5|1|7|3|9|5|11|6|11|10|6|5,FALSE,2,1,
1615,14,12|5|8|4|8|10|9|11|2|3|7|5|11|3|10|9|2|6|3|7|6|6|1|2|9|12|1|5|1|2|6|7|4|10|9|11|12|4|12|8|7|5|11|4|8|3|1|10,FALSE,2,1,
1616,14,5|9|1|8|7|4|8|5|2|4|11|10|3|12|2|9|7|10|10|3|8|7|11|12|6|11|1|11|6|2|6|12|12|10|2|7|1|5|8|5|1|9|4|4|9|3|6|3,FALSE,2,1,
1617,11,8|9|2|2|6|7|4|6|9|7|3|4|9|8|1|4|9|6|5|5|1|6|5|7|2|4|3|3|2|5|7|8|3|1|8|1,FALSE,2,1,
1618,11,9|7|2|9|4|1|1|9|3|2|6|2|4|7|8|1|3|4|3|2|7|6|8|5|5|3|5|6|8|7|4|8|6|1|9|5,FALSE,2,1,
1619,14,5|6|6|9|10|7|12|12|11|1|1|11|2|12|3|2|4|1|7|2|10|5|4|8|6|10|9|11|8|1|8|3|6|11|7|12|3|10|3|5|9|4|7|2|8|5|9|4,FALSE,2,1,
1620,14,9|10|1|5|3|9|5|1|3|9|2|4|10|8|12|8|5|11|2|3|10|7|3|4|11|7|4|7|6|4|6|1|2|1|2|11|8|6|11|12|12|7|9|12|10|8|5|6,FALSE,2,1,
1621,14,7|1|10|3|6|10|8|4|7|1|2|8|2|2|9|9|9|10|4|3|11|5|6|5|5|8|1|9|12|12|4|8|4|12|3|11|7|3|11|6|1|11|7|12|5|10|2|6,FALSE,2,1,
1622,11,3|4|3|9|3|8|6|3|6|4|1|5|2|7|1|4|9|9|5|8|9|2|6|4|7|2|7|1|1|8|7|6|2|5|5|8,FALSE,2,2,
1623,14,12|8|11|5|7|9|4|1|6|11|8|10|3|8|9|3|7|11|4|1|6|4|5|3|2|12|6|2|10|12|10|5|8|12|1|4|10|3|2|5|9|11|7|7|1|2|6|9,FALSE,2,1,
1624,11,4|7|4|1|6|8|1|7|3|2|7|5|4|2|1|5|1|9|9|7|3|8|3|9|8|2|3|9|5|8|6|5|2|6|6|4,FALSE,2,1,
1625,14,12|3|9|1|6|4|8|5|5|5|2|12|11|10|4|8|12|7|4|9|11|9|6|6|5|1|3|10|3|7|7|2|2|7|2|1|12|11|1|11|6|4|10|8|10|8|3|9,FALSE,2,1,
1626,14,8|8|4|9|2|2|2|9|8|10|11|5|11|1|4|6|12|6|2|10|3|10|5|7|1|7|9|12|5|11|9|6|8|12|7|3|3|5|3|1|1|4|7|12|4|11|10|6,FALSE,2,1,
1627,11,3|7|3|8|2|4|5|8|9|2|2|5|3|7|6|6|5|1|4|1|8|9|6|7|9|4|9|3|7|6|1|2|4|8|5|1,FALSE,2,1,
1628,11,7|4|8|9|6|1|2|8|5|6|2|8|9|5|7|6|3|3|2|1|5|9|7|3|3|2|8|4|4|6|1|4|1|5|9|7,FALSE,2,1,
1629,11,3|9|2|2|6|1|4|8|7|4|7|8|1|6|5|5|5|9|1|9|5|1|6|4|4|3|6|3|9|7|3|8|7|8|2|2,FALSE,2,1,
1630,14,11|12|6|12|1|5|4|4|9|11|6|12|10|10|4|11|8|2|3|2|3|5|8|9|4|8|7|2|8|6|3|6|5|3|10|7|1|5|2|7|11|1|10|9|7|12|9|1,FALSE,2,1,
1631,11,1|9|7|3|6|3|9|8|8|9|2|2|2|5|4|9|7|6|5|6|1|7|6|4|5|7|1|8|5|2|8|1|4|3|4|3,FALSE,2,1,
1632,14,3|4|9|1|2|6|10|12|11|3|9|6|8|12|8|5|11|1|2|5|11|7|10|2|1|9|9|5|4|11|4|8|6|10|7|1|2|5|6|12|3|3|12|7|4|7|8|10,FALSE,2,3,
1633,14,11|5|1|6|10|12|8|12|9|6|7|11|3|7|5|3|7|5|6|7|10|4|8|2|2|5|8|3|9|2|3|9|11|10|10|1|4|1|12|6|2|9|4|12|11|1|8|4,FALSE,2,1,
1634,11,8|9|1|1|3|7|9|5|2|6|4|3|4|8|9|7|4|3|5|8|2|2|1|5|8|1|6|6|7|2|9|6|5|3|7|4,FALSE,2,2,
1635,14,11|9|6|1|9|8|12|5|3|10|4|12|7|9|7|4|3|2|12|2|6|3|4|3|4|7|5|6|1|5|11|5|10|9|8|8|7|2|10|11|1|12|10|1|6|8|2|11,FALSE,2,1,
1636,11,8|4|2|1|2|7|7|9|5|6|3|8|4|3|9|7|9|7|9|3|4|1|8|5|5|2|2|6|5|3|1|4|1|8|6|6,FALSE,2,1,
1637,14,6|11|10|5|3|2|1|6|8|1|8|2|3|1|7|5|12|2|8|4|4|5|1|6|4|12|10|8|10|9|7|5|11|4|11|10|6|11|9|9|3|7|3|12|7|12|9|2,FALSE,2,1,
1638,11,5|2|8|4|4|7|9|2|2|4|1|4|6|1|7|7|9|7|3|3|1|1|3|5|8|9|6|5|2|6|5|6|3|8|8|9,FALSE,2,3,
1639,14,7|11|3|11|2|12|5|4|1|12|8|8|9|7|11|2|4|8|3|12|6|1|2|8|5|9|5|6|9|1|11|3|7|10|4|1|12|5|6|10|2|10|3|4|9|10|6|7,FALSE,2,1,
1640,11,9|7|2|4|6|6|4|4|5|1|3|2|8|3|7|9|9|7|4|8|1|3|3|2|5|6|2|8|9|1|7|5|5|8|6|1,FALSE,2,1,
1641,11,8|2|7|6|1|7|3|5|1|4|2|3|7|6|6|9|1|7|4|5|5|9|9|5|4|9|8|2|2|6|3|8|8|3|4|1,FALSE,2,1,
1642,14,11|8|4|12|3|12|4|7|6|4|3|1|2|5|7|2|6|5|3|9|9|5|1|5|12|1|6|11|2|2|4|10|6|8|9|10|7|11|1|9|11|10|10|8|8|7|3|12,FALSE,2,1,
1643,14,8|10|10|5|1|1|7|2|12|9|3|10|3|7|11|6|7|8|11|8|8|3|11|12|4|5|9|3|12|2|1|5|6|9|6|11|12|10|4|9|4|1|7|6|2|2|5|4,FALSE,2,1,
1644,14,7|9|5|8|2|3|2|2|4|3|9|3|8|6|6|4|4|9|10|12|12|8|3|6|4|7|1|1|11|12|2|7|11|7|8|11|1|5|10|10|1|11|6|10|5|12|9|5,FALSE,2,1,
1645,14,10|11|11|4|5|7|10|9|9|2|1|3|2|6|4|1|12|8|5|6|8|2|1|5|9|3|3|7|6|12|6|10|12|4|1|8|9|8|4|11|3|7|5|2|10|11|12|7,FALSE,2,1,
1646,11,4|7|3|2|6|5|3|8|6|1|9|6|4|1|2|9|2|6|8|7|2|9|5|1|3|7|7|4|3|8|4|9|5|1|5|8,FALSE,2,1,
1647,11,8|4|2|7|1|7|6|4|8|1|7|1|8|4|9|5|5|2|4|3|6|3|9|5|9|5|9|6|1|7|2|2|3|3|6|8,FALSE,2,1,
1648,14,9|7|9|9|7|5|5|12|11|4|1|8|2|2|11|10|5|10|10|3|2|7|1|4|8|12|3|8|12|1|6|9|6|8|1|3|4|4|3|12|2|11|6|7|5|10|11|6,FALSE,2,1,
1649,11,9|4|1|9|2|2|6|8|6|9|2|3|3|1|4|7|6|2|8|4|4|8|7|9|7|3|5|3|8|1|5|5|1|6|7|5,FALSE,2,1,
1650,14,11|6|9|10|10|3|5|12|1|9|12|6|4|10|4|11|6|8|7|7|1|10|9|3|2|3|3|1|11|8|8|2|4|7|12|9|2|5|2|5|4|11|1|7|5|6|8|12,FALSE,2,1,
1651,14,3|5|1|11|6|8|12|5|1|10|4|7|2|12|3|9|9|1|10|4|5|9|11|4|11|12|7|8|10|8|6|7|12|3|5|6|6|4|2|11|10|1|2|7|8|3|2|9,FALSE,2,1,
1652,11,9|9|5|6|1|8|7|8|3|4|3|8|5|1|4|1|7|6|5|2|3|1|3|5|6|2|9|9|2|8|4|4|2|7|6|7,FALSE,2,1,
1653,14,8|12|5|5|4|7|3|4|1|1|10|12|9|6|7|1|2|8|8|3|8|5|4|6|3|9|2|2|9|7|7|6|10|11|3|9|11|12|1|5|10|6|2|11|4|10|12|11,FALSE,2,2,
1654,11,6|8|8|3|5|8|6|4|2|3|7|4|5|1|9|4|9|2|2|7|6|9|4|7|6|5|5|1|9|8|1|3|1|7|2|3,FALSE,2,1,
1655,11,4|4|9|1|9|6|7|3|5|1|3|3|8|7|8|6|8|5|2|1|6|1|4|5|6|7|9|2|4|8|2|5|3|7|9|2,FALSE,2,1,
1656,14,11|2|9|5|2|10|11|3|1|10|2|1|7|6|3|8|12|3|1|6|7|3|8|5|9|4|4|1|8|9|6|11|6|10|10|4|5|8|5|9|12|7|7|11|12|2|12|4,FALSE,2,3,
1657,14,8|11|9|2|5|7|8|3|8|9|4|6|7|3|10|11|10|4|11|2|10|9|6|3|4|11|1|3|12|6|5|5|6|12|5|4|2|7|12|10|1|2|7|1|12|1|8|9,FALSE,2,1,
1658,11,5|8|7|9|4|7|3|1|7|4|5|9|1|6|9|2|3|3|6|5|3|2|7|4|5|1|2|8|8|9|6|6|1|8|4|2,FALSE,2,1,
1659,14,7|4|8|12|1|3|2|7|2|3|4|11|9|11|7|1|1|3|7|6|10|1|9|5|8|6|5|6|12|10|11|9|12|8|9|6|4|5|12|10|2|4|3|2|11|10|5|8,FALSE,2,1,
1660,11,6|2|7|6|1|3|4|9|9|9|4|8|5|1|3|7|1|5|8|7|3|2|8|4|7|8|2|2|4|3|9|5|1|5|6|6,FALSE,2,1,
1661,11,7|8|8|6|6|3|4|1|9|1|5|4|8|5|9|2|3|7|3|2|9|5|4|2|5|1|3|2|9|4|7|6|6|8|1|7,FALSE,2,1,
1662,14,11|1|11|4|4|2|11|4|7|10|8|12|2|1|9|8|3|5|10|11|9|5|6|9|12|12|5|4|2|7|6|3|8|3|6|1|10|6|7|10|5|8|9|2|12|1|7|3,FALSE,2,1,
1663,11,5|6|3|8|6|2|1|4|2|7|7|3|1|1|5|7|6|3|8|2|9|1|9|3|2|9|5|5|6|9|7|4|8|4|8|4,FALSE,2,1,
1664,14,3|7|11|9|5|7|4|4|6|1|3|12|1|10|9|11|8|1|1|5|12|10|5|6|7|6|8|10|3|2|9|7|5|2|12|12|8|3|9|11|11|4|2|2|4|10|6|8,FALSE,2,1,
1665,11,5|8|7|5|1|8|8|7|4|1|2|3|7|2|5|1|6|6|3|4|1|4|6|9|8|6|9|4|3|9|7|3|2|2|5|9,FALSE,2,2,
1666,14,4|11|11|2|11|3|7|3|10|1|2|9|12|12|4|7|7|9|9|9|1|2|6|12|12|5|8|5|5|6|4|5|6|8|11|3|1|10|8|2|3|4|10|8|1|10|6|7,FALSE,2,1,
1667,14,12|12|2|5|5|3|9|7|3|12|11|4|8|3|10|9|6|4|11|9|12|6|5|6|1|3|1|6|5|11|10|4|10|1|9|10|8|2|7|1|11|7|4|2|7|8|2|8,FALSE,2,1,
1668,11,2|7|6|5|5|3|1|4|6|8|9|7|9|5|1|8|9|6|4|3|3|4|7|7|6|3|8|2|8|2|2|4|1|9|5|1,FALSE,2,1,
1669,11,3|3|9|3|1|7|6|5|1|4|5|8|6|6|2|7|4|9|4|8|9|5|2|1|8|4|6|1|3|8|5|2|7|9|7|2,FALSE,2,1,
1670,14,4|9|10|2|4|3|8|5|10|7|2|6|10|7|12|1|3|8|10|3|5|11|4|6|12|9|11|11|8|2|8|1|1|12|1|5|7|11|7|9|5|6|6|2|3|4|9|12,FALSE,2,1,
1671,14,4|1|5|11|4|5|2|6|4|12|7|7|10|6|8|11|11|8|9|12|2|12|2|9|2|11|7|7|8|9|3|3|12|1|6|9|1|5|8|10|1|10|6|3|5|4|10|3,FALSE,2,1,
1672,11,8|5|9|2|2|7|4|4|6|6|7|1|5|3|1|7|2|5|2|8|3|6|6|5|7|1|9|3|1|4|3|9|9|4|8|8,FALSE,2,1,
1673,14,4|12|5|1|5|8|12|5|3|2|9|3|8|11|9|12|10|11|8|7|3|7|6|9|7|10|12|8|4|6|11|6|5|4|10|10|2|1|1|11|6|9|3|7|2|4|2|1,FALSE,2,1,
1674,11,7|8|4|2|4|2|4|6|5|3|3|7|8|8|2|6|9|1|2|7|1|7|6|3|4|9|1|6|5|5|1|9|8|5|9|3,FALSE,2,1,
1675,14,1|2|4|7|2|12|11|9|8|5|5|10|11|9|7|6|3|10|4|7|4|11|8|6|3|7|9|1|10|12|6|3|4|10|11|2|1|12|5|5|8|2|8|1|12|9|6|3,FALSE,2,3,
1676,11,4|5|7|8|4|8|3|7|6|6|3|2|7|1|9|8|5|6|5|1|5|4|9|8|9|3|2|1|1|2|3|4|6|9|2|7,FALSE,2,1,
1677,11,9|1|1|5|1|2|9|7|7|4|6|3|4|3|6|9|3|8|9|8|1|6|7|2|2|5|8|8|6|4|2|3|5|5|4|7,FALSE,2,1,
1678,14,5|2|3|7|2|8|12|12|10|8|6|8|12|9|7|8|5|12|6|3|11|11|6|4|1|10|2|1|4|9|7|9|1|2|5|10|3|4|9|3|6|11|10|11|5|1|7|4,FALSE,2,1,
1679,11,9|7|1|1|3|5|6|7|6|5|7|4|3|8|8|2|4|6|3|8|4|9|2|9|5|1|7|9|2|3|5|8|2|6|4|1,FALSE,2,1,
1680,14,8|9|6|12|7|12|5|11|11|4|7|2|5|8|11|3|1|5|6|1|10|2|10|7|8|8|2|1|2|9|12|12|10|4|9|9|7|6|11|10|3|4|6|3|5|1|4|3,FALSE,2,2,
1681,11,9|9|6|3|7|3|8|9|2|9|2|2|7|8|1|2|5|3|1|6|1|7|8|8|4|4|4|6|6|3|5|7|4|5|5|1,FALSE,2,1,
1682,14,5|8|1|8|3|5|5|12|12|10|9|2|4|3|1|3|7|10|11|9|10|2|2|4|5|7|11|6|12|1|11|11|6|1|9|8|12|7|10|7|6|9|6|2|4|4|8|3,FALSE,2,1,
1683,14,7|5|2|1|10|9|10|7|2|8|4|3|12|3|1|12|11|9|11|12|8|4|4|9|11|2|10|6|1|3|5|6|7|1|8|4|2|5|9|8|6|5|3|12|6|11|7|10,FALSE,2,1,
1684,14,9|8|12|10|11|10|6|11|7|4|7|6|6|8|4|7|9|3|2|1|6|12|11|5|12|8|1|10|1|12|3|4|8|5|5|2|7|9|2|10|5|4|3|2|11|3|9|1,FALSE,2,1,
1685,11,2|2|4|9|6|9|9|3|4|4|7|6|8|6|6|1|5|8|7|1|2|7|2|3|5|9|8|8|1|1|3|5|4|3|7|5,FALSE,2,1,
1686,11,6|9|8|2|7|6|1|7|5|1|3|5|1|3|6|4|4|8|8|1|9|7|2|4|4|5|7|2|3|8|3|9|9|2|5|6,FALSE,2,1,
1687,14,9|9|3|1|4|3|8|5|11|10|12|3|8|7|12|10|2|5|7|4|4|5|8|10|6|11|2|3|4|1|5|1|11|12|10|7|6|12|8|6|9|2|2|9|11|7|1|6,FALSE,2,1,
1688,14,7|11|8|4|3|12|5|8|5|8|1|1|4|1|11|9|11|6|9|11|7|2|12|9|6|6|2|5|4|9|10|2|5|6|4|3|10|2|3|10|3|12|10|12|7|7|1|8,FALSE,2,1,
1689,11,7|1|5|7|4|5|3|4|8|9|2|5|3|9|8|3|3|2|6|8|9|6|1|7|1|9|8|5|2|6|7|2|6|1|4|4,FALSE,2,1,
1690,14,12|10|12|6|12|7|11|3|5|11|3|7|4|6|4|3|1|2|7|2|2|5|1|7|4|8|9|10|5|5|6|4|1|9|9|11|3|1|8|11|8|10|6|2|9|10|12|8,FALSE,2,1,
1691,14,6|9|2|12|7|5|2|4|3|8|1|11|1|11|6|3|11|9|10|8|8|9|5|1|7|10|7|10|12|10|12|9|8|4|4|4|3|6|2|1|12|5|11|5|3|6|2|7,FALSE,2,1,
1692,11,1|3|2|8|4|3|9|7|9|2|5|9|6|9|7|4|2|3|1|8|7|7|8|4|5|3|1|6|8|5|1|6|2|6|4|5,FALSE,2,1,
1693,14,6|3|6|1|7|12|1|5|11|4|5|10|3|11|12|11|8|9|2|8|8|9|10|3|7|3|4|4|9|5|2|2|6|9|6|7|12|10|5|1|10|12|1|8|4|2|7|11,FALSE,2,1,
1694,14,10|8|9|9|5|2|8|4|11|3|7|8|7|6|7|11|10|4|12|11|11|2|6|10|6|3|1|9|2|8|3|3|4|5|5|12|1|1|2|4|12|9|1|10|7|12|5|6,FALSE,2,1,
1695,11,4|7|3|3|4|6|2|9|2|6|7|4|5|8|9|1|2|1|8|9|7|9|5|8|6|4|8|1|3|3|1|2|6|5|5|7,FALSE,2,1,
1696,11,8|7|3|4|4|5|8|2|6|2|2|5|9|6|5|3|7|7|9|4|1|7|1|8|8|9|1|5|6|6|2|9|4|1|3|3,FALSE,2,1,
1697,14,9|9|11|8|6|12|3|7|3|8|1|1|7|4|7|1|2|5|5|8|10|12|11|4|2|6|10|6|7|12|9|8|3|10|11|1|2|6|5|10|4|9|11|5|2|12|3|4,FALSE,2,1,
1698,11,1|7|6|9|4|4|3|3|7|2|5|7|8|8|5|8|3|2|4|3|9|5|1|1|7|1|5|2|9|6|6|8|4|2|6|9,FALSE,2,1,
1699,14,4|11|5|3|8|6|2|9|7|12|10|11|3|5|12|5|12|11|6|6|2|1|8|1|10|3|8|4|6|2|2|11|12|8|7|10|7|7|10|9|5|9|3|1|1|4|4|9,FALSE,2,1,
1700,11,7|1|9|4|1|6|4|1|7|3|5|3|6|5|2|3|8|2|2|8|8|6|9|5|2|4|5|9|7|8|6|3|9|7|1|4,FALSE,2,1,
1701,11,6|5|6|7|3|8|1|3|4|1|7|6|4|6|8|3|7|7|4|8|5|5|9|9|4|8|3|1|2|2|2|5|1|9|2|9,FALSE,2,1,
1702,11,6|6|1|3|8|7|2|9|7|4|1|3|3|1|7|1|8|5|2|5|5|4|7|2|4|9|8|3|4|9|6|8|2|6|5|9,FALSE,2,1,
1703,14,1|3|11|12|2|7|8|5|6|10|1|5|11|2|9|6|11|4|10|9|3|12|2|9|11|1|4|1|7|8|3|7|4|6|5|7|5|6|9|10|8|8|10|2|4|3|12|12,FALSE,2,1,
1704,14,4|7|4|9|11|3|11|9|3|4|8|12|4|8|1|1|11|6|8|6|12|5|12|5|7|2|2|10|1|7|2|5|3|8|5|9|2|12|6|10|9|10|3|7|6|11|10|1,FALSE,2,1,
1705,14,11|1|11|8|10|9|4|1|7|5|8|5|10|12|2|3|2|5|8|12|6|5|11|7|9|3|4|12|10|3|7|11|2|1|12|4|4|2|8|3|10|6|6|9|9|7|6|1,FALSE,2,1,
1706,11,1|5|1|2|8|8|9|6|2|8|7|9|6|3|4|8|9|3|7|6|5|1|4|6|7|3|2|3|9|4|7|1|5|5|2|4,FALSE,2,1,
1707,11,7|7|2|8|4|3|3|7|1|9|5|7|2|3|5|9|4|2|9|6|9|6|8|1|1|5|8|4|2|6|6|3|8|1|4|5,FALSE,2,1,
1708,14,3|10|7|2|11|2|11|11|4|12|4|1|3|8|10|5|1|5|6|6|5|2|8|10|7|7|9|6|1|9|11|9|4|3|8|12|9|5|12|3|4|8|6|10|2|1|12|7,FALSE,2,1,
1709,11,1|7|4|2|9|6|9|4|1|3|8|1|2|7|5|5|3|3|9|8|6|9|3|4|1|6|8|2|7|5|7|2|6|5|8|4,FALSE,2,1,
1710,14,10|7|1|4|11|11|12|11|8|6|10|2|3|5|2|10|4|5|3|12|7|12|6|8|12|8|1|6|4|9|4|8|9|1|2|5|10|6|9|2|7|7|3|9|3|11|1|5,FALSE,2,1,
1711,14,1|12|9|8|7|6|2|7|7|3|8|7|2|5|3|12|12|10|12|5|4|3|9|11|8|2|9|10|10|11|3|6|4|11|1|5|4|6|8|4|11|1|10|9|2|1|6|5,FALSE,2,1,
1712,14,12|6|11|1|8|4|1|10|7|2|4|9|9|10|6|12|6|7|2|3|3|8|7|8|2|1|4|11|1|6|5|12|8|10|10|5|11|4|2|11|3|5|12|7|3|9|9|5,FALSE,2,1,
1713,14,4|2|11|12|2|1|3|11|7|5|4|11|5|7|8|6|9|10|1|6|11|9|9|6|9|1|7|12|8|4|3|5|2|12|8|4|3|3|5|10|10|10|6|8|2|1|12|7,FALSE,2,1,
1714,11,8|2|7|5|3|9|4|1|1|5|1|6|4|3|8|9|3|4|8|5|2|6|7|6|7|4|9|5|1|6|3|9|2|2|8|7,FALSE,2,1,
1715,14,11|8|8|4|10|4|7|12|12|7|4|11|10|2|3|11|3|2|1|3|4|7|6|8|10|12|2|5|1|6|9|9|2|5|1|3|12|11|8|6|9|9|7|10|5|6|1|5,FALSE,2,3,
1716,11,3|2|6|4|9|1|7|1|9|8|8|1|7|8|5|2|7|4|5|5|9|3|4|2|7|3|1|6|5|3|4|9|6|2|6|8,FALSE,2,1,
1717,14,3|10|4|7|2|5|7|8|9|1|12|11|2|1|11|10|6|1|2|9|4|5|3|6|11|12|10|2|9|8|11|6|12|3|5|8|4|6|1|8|7|3|12|9|10|5|7|4,FALSE,2,1,
1718,11,6|7|3|2|2|3|8|5|1|5|8|4|9|7|4|5|1|6|9|2|4|3|1|7|8|4|2|6|5|1|3|8|6|9|9|7,FALSE,2,1,
1719,11,4|2|7|7|6|9|5|9|4|6|8|3|5|9|1|3|4|2|1|2|5|3|8|2|8|4|7|1|8|1|5|9|6|7|6|3,FALSE,2,1,
1720,14,5|5|2|1|10|9|4|2|7|3|10|6|12|10|3|11|12|3|4|8|6|9|10|7|1|3|8|11|8|5|7|2|12|6|4|1|4|7|6|9|5|1|2|11|8|11|9|12,FALSE,2,1,
1721,11,9|9|6|7|6|8|4|8|2|9|7|4|8|1|4|7|1|7|6|5|3|3|9|2|1|5|8|3|4|3|5|2|1|2|5|6,FALSE,2,1,
1722,14,7|11|7|11|8|3|9|4|7|9|3|8|11|2|2|10|12|10|12|4|5|9|10|4|6|2|3|12|5|5|6|1|2|6|12|11|9|10|8|1|1|3|7|1|8|4|5|6,FALSE,2,1,
1723,11,2|3|1|7|9|8|3|7|9|5|2|1|8|5|4|7|6|2|1|4|7|2|4|8|6|6|9|4|3|5|1|3|8|9|6|5,FALSE,2,1,
1724,14,4|2|12|6|10|8|6|11|6|9|7|7|11|3|4|7|1|5|8|8|9|3|10|1|12|4|9|4|5|11|9|12|2|10|1|2|5|1|12|10|3|7|2|3|11|8|6|5,FALSE,2,1,
1725,14,6|11|11|2|10|11|3|10|9|10|6|5|4|7|12|3|8|2|9|2|1|1|9|5|7|10|9|1|1|4|12|7|12|3|11|8|5|5|2|6|6|4|8|3|4|7|8|12,FALSE,2,1,
1726,14,2|1|8|2|6|4|9|11|11|7|12|9|2|10|6|4|8|12|6|10|6|8|8|3|10|5|11|3|1|9|11|1|4|5|12|3|7|4|5|1|3|12|10|7|5|9|2|7,FALSE,2,2,
1727,11,1|8|4|9|6|4|6|1|5|7|7|3|9|8|7|4|9|3|2|3|6|5|4|9|6|5|2|1|8|2|1|3|7|8|5|2,FALSE,2,1,
1728,11,4|8|5|7|4|1|2|7|2|9|3|6|8|6|4|8|5|5|4|6|2|5|3|3|3|1|8|9|7|6|9|2|1|1|7|9,FALSE,2,1,
1729,11,3|2|7|1|5|7|9|4|6|6|6|1|5|3|4|2|8|6|7|5|1|8|4|9|9|2|8|9|4|3|3|2|8|5|1|7,FALSE,2,1,
1730,11,9|6|5|8|8|4|4|9|1|7|7|6|7|8|1|3|2|3|5|2|8|2|5|7|3|2|6|9|5|3|6|4|1|1|9|4,FALSE,2,1,
1731,14,2|7|3|1|11|5|6|12|3|6|3|4|1|11|9|11|10|2|6|10|4|8|8|12|10|4|4|12|5|9|6|5|2|2|10|1|9|7|5|7|8|9|12|8|7|3|1|11,FALSE,2,1,
1732,14,1|7|11|8|4|7|12|2|12|5|9|10|5|11|7|9|1|6|10|8|6|11|1|8|3|9|1|12|4|10|12|6|11|5|3|4|5|10|4|3|9|6|7|8|2|2|3|2,FALSE,2,1,
1733,11,2|5|6|3|1|4|4|2|5|9|6|5|2|8|3|1|7|4|6|9|6|7|4|1|8|2|8|3|7|1|7|5|9|8|3|9,FALSE,2,1,
1734,14,12|3|8|7|7|2|10|8|3|9|9|12|12|9|10|5|4|6|6|6|4|8|10|1|11|2|4|3|1|4|5|6|12|1|11|7|7|11|2|11|5|3|10|5|1|2|8|9,FALSE,2,1,
1735,11,1|2|5|9|3|4|6|3|8|4|1|5|1|4|6|6|5|8|7|5|2|2|3|7|8|3|7|6|7|1|9|4|8|9|2|9,FALSE,2,1,
1736,14,6|5|7|2|11|9|8|6|5|11|1|1|5|12|8|2|9|9|4|11|10|4|3|9|2|4|6|3|10|10|8|12|8|1|5|10|12|7|12|3|7|4|6|7|2|11|3|1,FALSE,2,1,
1737,11,9|5|5|7|4|1|5|1|8|4|2|8|6|9|3|8|4|9|6|3|7|2|3|2|1|2|8|4|1|7|6|9|7|5|6|3,FALSE,2,1,
1738,11,8|8|6|1|1|3|5|1|9|7|7|6|4|5|6|5|7|6|4|3|4|3|7|2|1|8|2|8|5|3|2|4|2|9|9|9,FALSE,2,1,
1739,14,2|4|7|4|3|5|5|3|8|9|7|7|2|8|11|1|11|11|5|5|1|8|1|7|12|9|1|6|3|11|6|6|4|10|2|12|10|9|10|8|9|2|3|4|6|12|10|12,FALSE,2,1,
1740,14,9|3|4|11|5|11|6|8|1|9|7|7|9|5|7|5|1|4|4|2|6|10|11|2|8|2|12|6|10|6|1|1|3|7|8|12|4|8|10|2|3|9|5|12|12|10|3|11,FALSE,2,1,
1741,14,1|3|4|9|8|1|8|8|10|10|6|9|6|9|4|1|12|5|3|11|9|6|10|2|10|2|5|11|3|7|7|7|3|12|11|8|11|4|4|1|2|2|7|12|6|5|5|12,FALSE,2,1,
1742,14,4|8|10|9|7|5|8|4|7|9|1|3|12|4|7|6|5|10|3|10|5|2|8|3|11|6|11|8|9|12|7|2|10|6|1|3|12|4|2|2|11|1|9|5|11|6|1|12,FALSE,2,1,
1743,11,7|8|2|5|6|7|4|9|9|6|5|2|1|1|1|5|7|6|9|3|2|8|3|8|5|8|7|3|1|9|4|2|6|4|3|4,FALSE,2,1,
1744,11,7|6|5|2|8|7|7|2|2|3|9|9|3|2|3|1|5|4|1|6|6|8|5|8|3|6|8|1|9|4|4|4|9|1|7|5,FALSE,2,1,
1745,11,6|7|9|7|1|5|2|8|8|1|2|9|5|4|9|8|1|9|5|4|7|6|3|7|4|5|3|1|8|6|6|2|2|3|4|3,FALSE,2,1,
1746,14,9|4|8|12|3|5|7|8|4|4|10|1|5|2|6|10|5|2|8|11|7|3|6|4|9|12|3|8|12|1|6|9|11|1|2|11|9|12|10|10|7|11|6|5|7|3|2|1,FALSE,2,1,
1747,11,3|8|9|9|9|6|4|6|5|8|2|4|2|7|1|4|1|2|8|4|5|1|7|3|9|3|5|3|6|7|8|1|6|2|5|7,FALSE,2,1,
1748,14,11|7|4|8|1|6|6|4|9|3|6|4|12|3|5|8|8|10|7|12|2|10|11|5|7|6|1|10|8|5|2|1|11|9|4|1|12|3|11|5|7|10|3|2|9|2|9|12,FALSE,2,1,
1749,14,5|4|2|4|3|9|9|1|6|9|7|1|8|7|4|5|12|5|12|1|11|8|10|6|2|11|3|2|4|10|2|11|12|1|6|8|12|5|3|9|10|7|3|6|7|10|8|11,FALSE,2,1,
1750,14,2|9|5|2|4|12|7|10|3|6|10|12|1|8|3|7|6|7|6|11|4|9|5|1|10|5|3|2|8|8|9|11|11|3|2|4|7|5|4|12|8|11|9|1|1|10|6|12,FALSE,2,1,
1751,11,2|6|2|7|3|8|9|7|7|5|3|8|1|4|6|6|9|1|4|2|5|9|8|8|9|2|5|3|6|3|5|4|4|1|1|7,FALSE,2,1,
1752,14,10|6|7|1|11|8|11|5|6|6|2|9|7|2|4|8|1|11|5|5|3|11|2|4|7|3|2|3|12|9|1|7|4|6|9|10|8|8|12|4|10|9|10|3|1|12|5|12,FALSE,2,1,
1753,14,10|5|12|1|2|4|9|7|11|12|2|12|6|8|10|4|1|8|11|5|9|7|3|6|8|5|2|11|3|10|6|5|9|3|2|4|3|4|12|10|9|1|11|1|6|7|7|8,FALSE,2,1,
1754,11,4|2|5|7|3|7|7|1|5|3|5|4|2|3|3|8|1|9|5|9|2|6|6|6|9|8|9|1|4|2|6|1|8|8|4|7,FALSE,2,1,
1755,14,3|8|9|8|7|3|7|4|5|8|8|11|2|10|12|3|10|2|2|1|5|4|9|6|4|6|5|4|11|2|11|9|6|10|10|5|12|6|1|9|12|1|1|7|7|3|11|12,FALSE,2,1,
1756,11,4|3|9|6|1|2|6|4|3|1|4|7|3|5|5|9|6|8|5|7|2|8|8|9|4|2|7|1|6|5|9|3|1|2|7|8,FALSE,2,3,
1757,14,4|5|10|8|3|2|7|1|10|9|6|4|3|7|2|11|6|10|12|11|2|9|5|11|2|10|4|12|9|8|1|3|9|5|6|12|11|1|3|5|4|1|12|7|8|6|7|8,FALSE,2,1,
1758,14,3|5|12|4|2|7|7|9|12|8|1|8|11|3|6|5|1|3|10|10|11|6|6|10|5|2|2|4|9|10|7|4|7|1|2|12|6|8|9|3|8|4|11|12|1|5|11|9,FALSE,2,1,
1759,11,2|3|6|8|5|2|7|1|4|9|7|8|1|3|6|4|1|7|7|6|9|2|1|5|9|8|5|3|8|2|4|9|5|4|3|6,FALSE,2,1,
1760,11,2|6|4|7|8|8|6|3|7|3|9|9|2|5|4|2|5|1|1|1|4|7|8|6|1|8|6|4|9|2|5|9|7|3|3|5,FALSE,2,1,
1761,14,1|9|9|9|11|7|7|8|8|5|7|4|2|12|2|1|3|12|1|5|12|3|3|5|12|2|7|6|1|8|4|5|10|10|2|6|4|6|8|4|11|6|9|11|3|10|10|11,FALSE,2,1,
1762,11,2|9|6|4|7|6|7|3|1|5|9|6|5|2|5|2|7|8|5|8|8|4|6|2|3|1|8|1|4|3|4|1|3|9|7|9,FALSE,2,1,
1763,11,1|6|9|4|4|2|2|3|2|5|7|5|1|3|5|8|8|1|6|3|3|2|4|6|6|7|7|1|5|8|4|9|9|8|9|7,FALSE,2,1,
1764,14,6|5|2|6|4|10|2|12|3|1|10|9|7|9|7|8|8|12|4|11|9|8|11|11|2|1|10|12|8|7|5|1|11|5|12|6|9|2|3|4|6|5|10|1|3|3|4|7,FALSE,2,1,
1765,14,11|11|11|5|12|1|4|9|5|4|3|7|2|2|12|9|11|9|5|7|7|1|8|5|3|10|2|1|7|4|6|6|3|10|10|2|12|6|9|8|4|8|6|8|3|12|10|1,FALSE,2,1,
1766,11,3|3|2|6|4|6|1|3|1|9|3|7|7|2|5|4|2|6|7|5|8|8|1|5|4|4|8|9|5|1|9|2|7|9|8|6,FALSE,2,1,
1767,14,2|10|7|8|12|11|6|12|6|3|5|8|5|5|10|6|10|2|7|10|9|6|3|11|4|9|3|9|3|8|1|1|1|4|12|7|4|7|5|11|12|2|8|2|9|1|4|11,FALSE,2,1,
1768,11,5|2|3|1|2|4|7|1|7|2|7|5|3|4|5|8|4|6|9|7|9|1|6|1|9|8|8|4|3|2|3|5|8|6|9|6,FALSE,2,1,
1769,14,7|1|1|2|9|1|8|11|4|2|9|10|5|8|6|11|9|2|10|6|3|6|3|8|7|1|3|5|5|3|12|6|4|7|10|12|4|9|10|5|2|12|8|7|12|11|4|11,FALSE,2,2,
1770,11,8|3|6|5|1|9|9|5|6|8|6|3|2|7|7|4|2|7|9|8|9|2|7|1|1|3|4|8|3|5|5|6|4|4|2|1,FALSE,2,1,
1771,11,7|1|1|9|5|7|6|5|6|8|3|3|8|9|3|8|2|6|9|9|4|2|5|1|4|8|2|6|7|2|1|4|5|4|3|7,FALSE,2,1,
1772,14,7|10|9|2|12|4|6|7|9|5|3|5|1|5|9|4|5|10|2|8|7|4|11|6|8|8|6|1|12|3|10|7|2|3|3|1|11|11|6|2|4|11|9|1|12|12|8|10,FALSE,2,1,
1773,14,7|11|7|3|9|10|6|7|8|3|12|7|2|1|11|6|4|4|8|4|1|8|2|10|5|5|12|9|3|2|5|11|1|12|1|9|11|10|3|10|5|6|8|6|4|2|12|9,FALSE,2,1,
1774,11,4|9|1|2|4|1|6|7|9|2|7|7|1|2|5|8|4|6|6|2|5|8|4|3|3|6|8|5|9|9|8|3|1|5|3|7,FALSE,2,1,
1775,11,9|4|9|4|9|6|3|1|5|4|8|6|8|8|3|1|4|7|3|7|2|7|2|2|1|8|5|6|6|5|3|1|2|9|5|7,FALSE,2,1,
1776,14,9|4|11|5|7|9|8|6|12|8|2|10|9|5|1|4|6|3|10|11|3|3|1|2|5|1|9|7|8|11|4|11|7|8|12|7|10|2|6|2|6|10|12|3|4|1|12|5,FALSE,2,1,
1777,14,5|3|10|11|1|6|8|12|9|2|11|10|10|6|11|7|7|4|1|2|12|2|4|6|3|4|1|1|8|12|2|9|9|3|12|11|9|8|6|8|5|5|10|3|4|7|5|7,FALSE,2,1,
1778,11,9|9|1|4|3|9|8|3|7|3|2|4|5|8|4|8|5|8|3|7|2|5|1|2|5|4|9|7|1|7|6|6|6|2|1|6,FALSE,2,1,
1779,14,9|2|11|6|9|12|12|12|10|4|11|4|5|3|5|11|3|7|1|10|7|8|1|5|7|8|3|10|4|2|11|4|10|8|7|1|9|12|3|2|6|6|6|8|9|2|5|1,FALSE,2,3,
1780,14,11|4|10|9|10|10|5|3|7|12|12|8|4|12|9|7|9|5|2|1|3|1|5|7|10|6|6|3|1|1|5|11|2|8|12|11|6|9|7|8|2|6|11|2|4|4|3|8,FALSE,2,1,
1781,14,8|11|8|2|12|2|12|11|3|7|3|6|8|8|4|7|2|9|5|5|7|6|11|9|12|10|6|7|1|10|5|1|10|4|3|10|6|9|4|5|4|1|3|1|12|9|2|11,FALSE,2,3,
1782,11,4|7|9|5|3|5|8|8|7|9|4|5|9|3|4|5|7|6|1|8|4|6|1|1|8|6|2|2|2|9|6|3|1|7|3|2,FALSE,2,1,
1783,11,9|9|6|5|7|3|2|8|1|9|4|3|1|3|2|1|7|9|2|6|1|2|5|6|4|5|3|6|5|4|7|8|4|7|8|8,FALSE,2,2,
1784,14,7|2|12|5|4|1|2|4|5|8|9|5|3|10|11|3|4|7|11|12|11|6|11|10|10|3|5|9|6|2|12|1|12|9|8|6|4|10|1|8|6|2|7|3|1|7|8|9,FALSE,2,1,
1785,11,1|4|5|6|1|6|5|3|2|4|3|8|2|4|1|3|9|8|1|7|3|7|7|6|8|4|6|9|7|8|5|9|2|5|2|9,FALSE,2,1,
1786,14,4|2|12|5|9|3|10|6|7|5|11|4|2|1|4|8|12|5|1|2|7|11|6|10|9|3|8|6|1|4|9|12|6|8|5|10|7|3|7|12|8|9|1|11|10|11|3|2,FALSE,2,2,
1787,11,2|9|7|3|1|5|4|6|2|2|4|5|5|6|7|9|4|6|3|4|3|8|3|8|8|1|9|7|2|1|6|5|9|1|7|8,FALSE,2,1,
1788,14,5|9|7|6|2|6|10|11|6|4|8|2|3|7|8|4|5|2|10|9|10|7|5|12|8|12|12|1|1|3|3|8|2|5|12|11|9|3|10|11|7|9|4|1|11|6|4|1,FALSE,2,1,
1789,11,9|8|8|1|3|4|6|6|6|2|9|6|5|8|7|7|5|2|7|1|5|4|4|3|2|1|1|9|2|9|8|3|3|7|5|4,FALSE,2,3,
1790,14,3|8|8|1|8|9|11|7|1|4|5|1|11|10|12|3|11|7|5|4|2|6|9|4|7|2|9|12|8|2|5|3|10|6|2|12|9|1|5|3|7|12|6|10|11|6|10|4,FALSE,2,1,
1791,14,3|6|6|3|8|9|11|8|8|4|4|12|1|6|7|5|2|7|1|12|5|8|7|9|10|3|9|5|6|7|11|4|12|4|5|12|11|10|10|10|3|9|1|2|1|11|2|2,FALSE,2,1,
1792,11,3|2|7|7|6|5|5|8|2|1|8|9|3|4|7|2|8|9|6|4|1|3|1|9|8|5|5|7|1|4|2|6|4|6|3|9,FALSE,2,1,
1793,14,1|10|1|9|11|6|1|12|3|3|4|8|1|2|5|5|4|10|7|10|8|4|5|3|6|7|2|8|2|2|10|6|8|9|7|7|12|12|11|11|9|4|11|5|6|3|12|9,FALSE,2,1,
1794,14,5|1|12|3|11|9|6|8|10|7|7|10|4|1|5|6|10|12|6|8|1|1|3|5|2|11|11|5|12|8|6|12|3|4|10|2|7|2|4|2|4|9|11|7|9|8|9|3,FALSE,2,1,
1795,11,5|7|2|8|4|5|1|7|5|8|1|1|9|1|4|2|9|3|2|6|8|9|3|8|2|6|4|6|6|3|5|7|4|3|9|7,FALSE,2,1,
1796,11,5|5|6|6|4|9|8|1|5|3|9|1|2|9|7|4|8|4|6|7|3|7|8|1|2|5|4|3|2|7|3|1|9|6|2|8,FALSE,2,1,
1797,11,5|2|7|6|8|5|7|1|3|6|1|5|2|8|9|4|7|9|2|8|6|4|1|9|7|6|3|1|4|9|4|5|3|3|2|8,FALSE,2,1,
1798,11,6|7|8|1|8|6|6|1|2|1|9|7|5|2|9|5|4|3|7|4|3|7|5|2|9|2|9|6|8|4|5|4|3|8|1|3,FALSE,2,1,
1799,14,2|1|5|11|7|12|4|5|3|11|8|8|10|6|6|12|7|1|4|11|8|12|12|2|3|9|9|9|6|8|7|3|4|9|5|2|11|10|2|3|4|1|1|10|6|10|5|7,FALSE,2,1,
1800,14,6|9|3|4|8|4|6|12|10|9|9|5|4|5|2|2|1|3|8|6|11|2|12|1|7|1|10|2|3|6|11|11|3|12|10|1|7|5|12|8|5|9|7|7|8|11|4|10,FALSE,2,2,
1801,11,6|1|5|7|7|9|8|2|1|5|9|6|2|4|1|1|8|3|4|8|7|8|6|9|3|5|4|4|9|2|7|2|3|3|5|6,FALSE,2,1,
1802,14,10|7|6|5|10|9|2|11|1|6|8|1|4|12|8|7|3|1|4|12|7|6|8|6|12|10|5|3|5|2|2|5|4|9|9|3|11|1|12|8|9|2|3|11|7|10|11|4,FALSE,2,3,
1803,14,9|5|12|1|1|6|3|11|8|10|12|2|7|1|8|3|3|7|2|5|5|10|11|11|4|7|9|3|5|6|1|10|11|12|2|9|9|6|12|2|6|4|10|8|7|8|4|4,FALSE,2,1,
1804,11,9|1|4|3|2|5|7|5|5|5|6|7|9|8|4|3|8|6|7|2|8|9|1|3|2|3|6|8|6|7|1|2|9|1|4|4,FALSE,2,1,
1805,11,8|7|7|3|3|5|6|5|1|7|4|2|9|1|8|8|2|2|5|2|9|6|7|5|1|1|3|9|8|6|4|6|3|9|4|4,FALSE,2,1,
1806,14,5|8|6|8|12|3|12|10|4|9|3|1|3|2|10|7|9|6|10|12|4|7|1|11|5|2|1|7|4|9|11|6|11|8|12|7|6|2|11|8|4|10|9|2|1|5|5|3,FALSE,2,3,
1807,14,9|12|6|7|1|4|5|2|4|11|10|11|8|12|7|11|8|11|10|3|3|6|4|3|1|6|2|1|7|8|4|5|1|5|7|10|12|9|10|6|2|8|9|3|5|12|2|9,FALSE,2,2,
1808,11,5|1|6|1|8|4|2|8|3|2|7|6|3|6|5|9|3|2|5|9|4|7|5|9|7|7|8|2|1|6|4|4|8|3|1|9,FALSE,2,2,
1809,14,3|10|6|7|2|12|7|1|6|6|3|11|5|10|12|3|2|11|9|2|5|5|11|7|3|1|4|1|6|12|9|8|10|4|12|9|9|5|10|4|8|8|11|2|7|4|1|8,FALSE,2,2,
1810,11,4|3|6|3|1|3|9|7|2|8|7|7|9|5|9|1|4|6|5|7|8|1|3|8|5|2|9|2|1|6|2|6|5|4|8|4,FALSE,2,3,
1811,11,1|9|8|4|6|5|4|7|5|9|8|2|7|1|8|5|9|6|3|3|1|1|6|7|9|8|7|4|5|3|6|2|3|2|2|4,FALSE,2,1,
1812,14,6|8|2|9|11|12|3|5|4|1|2|6|11|2|11|9|4|4|5|10|3|10|6|4|12|11|10|3|8|12|10|1|2|8|7|1|7|6|9|5|12|1|7|5|9|8|3|7,FALSE,2,1,
1813,14,6|4|2|11|4|7|2|12|12|10|5|9|9|10|2|6|8|12|11|8|3|10|10|8|7|6|8|3|1|5|1|11|9|5|4|12|9|7|6|1|4|5|7|2|1|11|3|3,FALSE,2,1,
1814,14,7|2|10|10|2|12|7|6|2|11|11|8|9|6|9|5|4|12|6|4|4|3|1|8|1|5|2|5|3|4|9|7|11|1|3|7|5|10|6|8|12|1|12|10|3|9|8|11,FALSE,2,1,
1815,11,7|7|5|2|2|4|4|6|3|9|1|5|9|6|1|8|9|7|8|8|1|5|6|2|2|9|7|3|6|4|1|3|4|3|5|8,FALSE,2,1,
1816,11,7|6|6|1|6|2|2|8|5|7|2|5|4|5|7|3|9|1|9|3|4|7|4|3|8|8|1|9|5|9|6|4|8|2|3|1,FALSE,2,1,
1817,14,10|8|6|5|11|1|4|8|4|3|2|8|10|12|3|1|3|12|7|6|9|7|12|2|5|7|9|10|9|9|6|12|2|6|7|8|1|4|4|11|2|5|5|10|3|11|11|1,FALSE,2,1,
1818,14,5|2|9|3|1|6|1|8|4|11|6|8|7|7|11|9|12|5|9|12|2|7|12|10|10|10|6|12|2|3|3|8|9|8|2|1|3|1|5|10|7|4|11|6|11|5|4|4,FALSE,2,1,
1819,11,3|2|1|2|9|4|6|3|7|2|3|9|8|4|5|6|8|1|7|7|6|5|5|8|2|3|5|9|1|9|7|8|4|6|1|4,FALSE,2,1,
1820,14,5|5|7|9|9|2|10|9|3|7|2|8|6|2|6|4|3|9|4|6|4|11|2|11|4|1|12|3|1|7|10|10|1|10|12|5|5|12|11|6|8|7|3|8|8|11|12|1,FALSE,2,3,
1821,11,7|4|4|7|9|4|3|5|9|5|8|7|1|8|9|7|3|6|2|9|3|5|6|8|6|6|3|4|8|2|1|2|5|1|1|2,FALSE,2,1,
1822,14,6|11|10|8|10|10|8|3|2|11|9|5|5|4|3|1|12|2|6|4|12|7|7|3|10|5|1|3|5|9|9|8|11|6|1|7|2|7|8|4|4|2|6|9|12|11|1|12,FALSE,2,2,
1823,11,1|5|8|7|1|3|5|6|2|3|9|1|8|7|3|7|1|4|9|8|3|2|6|5|9|4|7|8|5|4|9|2|6|6|2|4,FALSE,2,1,
1824,14,8|7|2|8|1|3|5|10|9|5|7|4|8|3|5|1|12|12|7|1|4|6|8|11|5|2|3|7|10|12|2|10|6|1|4|9|6|10|11|11|9|3|6|12|11|9|2|4,FALSE,2,1,
1825,11,2|6|6|1|1|4|8|9|2|7|8|4|3|3|4|1|8|2|7|7|6|3|5|5|9|9|6|7|5|9|5|2|8|3|1|4,FALSE,2,3,
1826,11,3|6|5|6|7|2|3|8|4|3|8|7|4|5|8|3|7|2|1|5|8|6|9|7|1|4|9|1|2|6|5|1|9|9|4|2,FALSE,2,1,
1827,14,8|12|10|9|1|7|2|6|4|8|3|12|8|11|12|11|3|5|11|7|4|5|5|6|8|1|1|12|9|7|4|3|9|10|6|9|10|2|5|2|1|2|3|6|10|4|7|11,FALSE,2,2,
1828,14,10|7|11|6|5|5|1|5|5|7|3|2|9|6|9|4|10|12|12|3|4|10|9|8|12|7|7|1|9|3|3|8|4|2|12|2|1|11|10|1|8|2|4|11|6|8|6|11,FALSE,2,1,
1829,14,12|4|8|6|10|1|2|9|9|2|7|6|12|6|11|9|6|12|4|1|4|5|12|8|10|5|7|3|7|8|7|4|11|11|9|1|3|11|2|3|10|5|1|8|2|3|5|10,FALSE,2,1,
1830,11,5|8|5|7|5|4|2|9|4|4|6|1|2|8|3|9|3|6|3|8|7|2|6|2|4|5|9|7|8|1|6|1|7|1|9|3,FALSE,2,3,
1831,11,9|7|3|9|4|7|6|1|4|2|7|9|2|9|1|5|2|5|5|8|1|8|8|3|4|4|3|7|2|6|3|5|6|6|1|8,FALSE,2,1,
1832,14,8|10|9|2|12|11|3|12|5|8|7|10|12|9|3|11|11|4|1|2|12|8|6|3|4|9|7|7|3|1|9|10|7|11|10|2|5|1|5|6|5|6|4|2|6|8|4|1,FALSE,2,1,
1833,14,9|4|8|2|8|12|9|7|11|4|9|1|2|9|11|6|4|10|1|8|12|6|11|1|12|6|5|7|3|4|3|2|7|5|2|6|10|3|3|7|5|10|12|5|10|8|11|1,FALSE,2,1,
1834,11,3|1|2|6|5|9|4|5|5|8|6|7|3|8|1|7|9|3|7|1|4|3|4|8|4|6|5|2|6|7|8|9|9|1|2|2,FALSE,2,1,
1835,11,2|6|9|1|1|3|3|3|9|5|6|5|2|8|5|1|8|3|4|4|1|2|8|9|9|4|7|7|2|7|8|5|7|6|4|6,FALSE,2,1,
1836,14,4|11|11|12|12|5|2|4|12|9|5|9|8|6|10|8|10|2|9|8|7|11|2|7|5|11|3|6|10|1|5|12|3|10|7|9|6|1|7|1|1|8|3|4|6|2|3|4,FALSE,2,1,
1837,14,12|2|4|12|6|11|3|12|6|10|7|2|5|10|6|5|9|1|8|6|1|9|9|9|8|4|7|3|7|3|7|2|12|3|2|10|8|11|4|1|10|8|11|5|4|11|1|5,FALSE,2,2,
1838,14,8|5|1|8|2|5|4|10|3|7|6|7|3|12|8|3|11|1|5|9|3|12|10|9|5|7|10|12|2|4|6|4|4|9|8|6|2|10|1|6|11|9|11|7|2|11|12|1,FALSE,2,1,
1839,11,5|4|8|6|4|6|1|7|7|9|2|1|8|2|1|7|5|4|5|9|6|2|8|3|3|3|9|3|5|7|2|6|8|9|4|1,FALSE,2,1,
1840,11,3|4|2|3|6|6|2|9|5|6|5|2|8|9|8|4|1|4|1|5|9|5|1|9|4|7|1|3|6|8|7|7|3|2|7|8,FALSE,2,1,
1841,14,5|11|11|1|9|6|1|7|2|6|9|9|6|3|2|3|6|5|4|2|3|8|8|12|7|4|1|11|7|10|10|11|3|9|5|7|8|8|10|12|4|2|5|1|12|4|12|10,FALSE,2,3,
1842,11,4|6|4|6|3|2|9|7|2|3|5|1|8|2|8|9|4|7|3|3|7|9|6|1|5|8|4|6|5|8|2|1|5|7|1|9,FALSE,2,1,
1843,11,9|7|1|6|8|7|9|4|1|2|3|5|2|2|1|8|4|2|5|5|4|3|5|8|3|8|7|3|6|6|4|1|7|6|9|9,FALSE,2,1,
1844,14,9|4|8|3|5|9|3|6|10|12|2|8|12|7|6|3|1|2|11|7|11|9|11|10|3|6|12|4|1|4|1|5|11|7|8|2|10|6|10|9|12|8|4|1|5|5|7|2,FALSE,2,1,
1845,11,4|9|6|7|3|3|2|5|8|7|9|9|6|5|8|8|2|7|7|4|9|1|3|2|1|5|2|1|1|8|3|4|4|6|6|5,FALSE,2,1,
1846,14,9|11|5|9|9|4|4|12|1|2|3|8|10|7|1|2|12|10|4|9|3|6|5|10|8|5|11|8|5|6|11|7|4|2|6|11|12|1|3|10|1|6|12|8|3|7|2|7,FALSE,2,1,
1847,14,2|7|1|6|1|10|4|10|6|2|11|9|12|12|12|3|6|3|2|9|9|11|11|5|8|5|5|4|8|11|3|7|8|9|2|8|7|12|1|6|4|1|10|7|3|10|5|4,FALSE,2,2,
1848,14,2|6|8|8|11|5|5|7|9|8|8|11|6|10|9|3|12|4|1|2|9|1|6|11|12|3|3|2|1|12|5|4|2|7|11|1|9|7|10|10|4|7|6|3|5|10|12|4,FALSE,2,1,
1849,14,5|1|2|1|5|4|6|12|1|3|8|10|7|9|7|10|2|1|2|2|11|8|7|8|3|11|9|8|10|12|7|12|4|9|6|9|3|11|4|6|12|6|5|10|3|5|11|4,FALSE,2,1,
1850,11,5|4|7|1|4|8|6|6|5|2|4|8|6|7|8|9|9|3|2|1|3|7|8|5|9|4|5|1|2|2|3|9|7|3|6|1,FALSE,2,1,
1851,11,3|2|7|3|7|1|2|9|5|4|8|9|5|2|2|1|8|7|4|9|4|7|6|5|8|4|6|1|8|1|3|5|6|9|6|3,FALSE,2,1,
1852,14,4|12|2|11|10|3|8|12|4|5|1|4|1|9|7|9|5|9|11|2|3|3|1|6|5|8|9|3|8|4|10|12|6|11|11|5|8|1|7|6|6|2|10|10|7|7|2|12,FALSE,2,1,
1853,14,7|8|5|11|12|2|10|10|5|12|8|2|11|10|11|1|1|6|3|1|3|11|6|7|4|12|12|8|4|4|9|8|10|9|2|9|1|6|2|5|3|6|4|7|9|5|3|7,FALSE,2,1,
1854,14,11|3|9|6|3|1|5|11|7|11|11|10|1|5|7|2|12|10|3|6|9|2|6|9|3|4|2|5|5|10|4|8|12|6|1|4|9|10|7|12|4|1|7|12|8|8|8|2,FALSE,2,1,
1855,11,6|4|5|7|7|8|2|6|5|2|9|3|8|5|4|4|2|8|8|3|9|6|3|2|1|9|7|7|9|5|6|1|1|3|1|4,FALSE,2,1,
1856,11,5|1|8|1|7|5|4|4|8|4|1|3|9|6|1|9|9|7|4|8|9|2|5|3|7|3|2|5|8|2|6|2|7|3|6|6,FALSE,2,3,
1857,11,2|9|5|5|6|6|8|7|3|2|7|3|6|4|6|9|1|2|8|2|9|1|5|1|7|8|4|1|7|5|3|3|4|8|9|4,FALSE,2,1,
1858,14,10|8|1|9|10|2|10|4|12|6|11|6|5|11|1|4|9|1|4|12|2|3|10|8|3|7|6|7|9|4|11|12|1|11|7|5|5|5|12|8|2|3|3|6|2|9|7|8,FALSE,2,2,
1859,11,3|2|3|4|3|7|2|9|5|8|7|7|1|7|6|5|6|9|8|6|5|5|4|4|2|1|1|6|4|9|1|8|9|3|2|8,FALSE,2,1,
1860,14,4|12|7|12|4|8|11|9|6|9|2|8|7|4|9|6|4|5|6|1|3|1|3|10|5|8|2|5|7|9|12|5|3|1|1|11|7|10|3|6|10|2|11|2|11|12|8|10,FALSE,2,3,
1861,11,3|7|8|2|9|1|6|7|8|4|1|3|6|8|1|3|2|7|4|4|2|6|9|2|7|5|3|1|4|9|5|5|9|8|6|5,FALSE,2,1,
1862,11,4|1|7|4|8|2|3|7|3|8|7|5|3|6|2|8|4|9|1|3|8|5|6|7|9|4|5|5|6|2|9|6|2|9|1|1,FALSE,2,1,
1863,14,12|2|9|9|3|7|12|9|7|2|4|5|1|10|4|2|7|6|10|2|10|9|6|11|1|11|3|10|11|5|1|1|12|8|6|8|8|3|4|5|4|3|12|5|7|11|6|8,FALSE,2,3,
1864,14,2|4|8|8|6|7|6|1|2|1|4|11|11|7|9|2|4|2|10|8|10|3|7|3|1|5|1|10|5|3|5|6|7|4|5|12|9|12|9|6|10|12|3|11|9|8|11|12,FALSE,2,2,
1865,11,2|2|6|1|2|4|5|9|7|5|6|1|3|2|4|5|7|8|7|9|4|3|3|6|1|8|5|8|9|8|4|1|3|6|9|7,FALSE,2,1,
1866,11,3|8|2|3|3|6|8|4|7|4|4|5|7|9|9|2|6|1|6|7|9|5|6|1|4|8|1|3|1|7|5|2|5|9|2|8,FALSE,2,1,
1867,14,7|11|12|6|9|6|2|2|8|4|3|11|10|6|9|11|12|10|5|12|4|2|9|10|8|2|1|10|7|11|7|6|3|5|1|3|5|3|8|4|9|5|8|7|1|1|12|4,FALSE,2,2,
1868,14,6|7|9|6|4|10|8|7|2|4|10|2|9|4|12|2|2|1|5|11|1|5|3|3|8|12|8|7|3|4|1|5|9|9|8|1|10|6|10|11|3|12|5|12|7|11|11|6,FALSE,2,1,
1869,11,5|7|1|4|1|6|7|8|7|5|4|3|9|9|6|8|3|2|3|9|8|1|7|6|2|1|2|2|9|4|6|4|5|8|3|5,FALSE,2,1,
1870,11,2|2|8|6|7|5|9|9|2|6|9|3|1|8|4|7|5|3|3|5|7|9|6|3|4|2|8|1|4|5|6|1|4|8|1|7,FALSE,2,1,
1871,14,8|1|6|7|11|4|9|6|2|11|3|8|7|6|11|4|4|2|12|3|7|7|10|2|12|10|9|5|8|5|12|5|5|4|10|9|10|3|1|1|2|8|12|11|3|6|1|9,FALSE,2,1,
1872,14,12|5|2|9|9|2|4|8|1|6|7|4|7|5|12|9|2|3|11|7|1|9|11|8|3|10|1|5|11|1|10|6|3|7|3|4|2|8|12|10|5|6|11|10|8|12|6|4,FALSE,2,1,
1873,14,2|1|8|1|10|10|6|2|12|10|4|12|5|5|12|9|11|2|7|12|9|3|5|9|6|11|8|11|4|1|2|11|8|4|4|5|6|3|7|9|8|6|7|3|7|3|1|10,FALSE,2,1,
1874,11,2|2|3|7|7|4|6|6|5|8|5|8|3|2|3|2|9|1|7|1|6|8|9|4|1|8|9|6|5|7|4|1|3|9|4|5,FALSE,2,1,
1875,14,12|11|1|9|12|11|2|6|11|3|12|2|8|7|10|6|5|11|5|10|8|7|3|7|6|1|6|9|4|10|8|5|8|7|5|2|12|3|1|4|2|1|4|9|9|3|4|10,FALSE,2,1,
1876,11,7|9|8|8|3|3|1|4|3|6|7|8|5|5|2|5|9|2|1|3|9|9|6|5|6|1|8|1|7|2|4|6|4|4|7|2,FALSE,2,1,
1877,14,9|1|3|5|6|1|12|8|12|8|10|12|2|11|4|7|8|9|11|6|3|4|5|6|2|9|10|10|5|8|3|10|6|2|7|3|4|2|1|4|7|1|11|9|7|12|11|5,FALSE,2,1,
1878,11,9|2|7|8|4|3|1|9|4|8|7|7|8|7|6|3|9|5|6|3|4|2|6|9|4|8|2|1|2|5|5|1|6|1|3|5,FALSE,2,1,
1879,11,7|6|5|4|3|8|7|8|6|3|7|4|9|7|5|9|3|9|6|1|6|1|2|8|5|8|1|4|5|3|1|2|2|2|4|9,FALSE,2,1,
1880,14,2|6|11|12|12|6|5|10|2|5|3|11|9|4|1|10|6|3|3|9|10|12|8|2|8|11|8|12|7|7|9|10|5|9|3|2|1|4|4|1|8|11|4|7|1|6|5|7,FALSE,2,1,
1881,11,4|5|2|1|4|4|2|5|6|7|9|9|1|5|3|9|7|4|6|2|6|6|5|8|8|3|9|8|7|8|2|1|7|1|3|3,FALSE,2,1,
1882,11,8|6|2|7|4|9|2|2|7|3|7|1|4|8|1|6|7|2|4|9|6|9|3|8|5|3|4|5|5|1|3|9|1|8|6|5,FALSE,2,1,
1883,14,9|10|11|1|8|6|12|9|7|11|1|1|8|6|4|2|7|3|1|12|4|9|2|5|3|3|6|2|11|12|9|8|5|7|3|8|5|5|6|12|10|4|10|7|10|4|11|2,FALSE,2,2,
1884,14,1|10|5|4|3|2|6|9|10|5|1|7|11|12|12|5|4|8|3|10|6|12|9|3|11|8|4|3|6|2|11|12|9|7|2|2|4|5|1|7|8|11|10|9|8|6|1|7,FALSE,2,3,
1885,14,9|11|1|8|2|3|3|3|4|7|9|11|8|9|9|5|1|6|4|11|5|12|10|1|10|2|7|7|6|10|2|8|10|1|5|2|7|5|12|11|4|6|12|3|12|4|6|8,FALSE,2,1,
1886,14,11|7|1|10|3|12|8|8|5|10|12|12|3|6|10|11|11|1|5|6|12|4|4|9|5|6|10|2|3|1|2|1|9|8|2|9|9|5|2|4|7|7|7|11|3|4|6|8,FALSE,2,1,
1887,11,3|9|3|8|4|1|5|7|4|5|2|7|9|6|5|8|9|4|2|8|2|1|3|6|1|6|4|7|6|1|9|2|8|5|3|7,FALSE,2,1,
1888,14,3|5|10|5|3|1|7|4|10|11|5|12|7|1|12|10|12|8|9|8|1|5|4|11|2|6|9|2|8|4|2|6|1|9|8|3|11|10|3|7|6|9|11|7|6|2|12|4,FALSE,2,1,
1889,14,3|4|10|1|10|6|5|9|6|12|9|5|5|1|4|8|1|9|5|7|8|2|4|8|3|11|1|2|6|11|10|9|10|11|6|7|11|8|7|3|3|7|4|12|2|2|12|12,FALSE,2,2,
1890,14,8|3|5|1|5|2|6|9|4|2|4|10|12|12|6|11|2|9|3|8|4|3|10|7|12|4|8|5|3|7|9|5|11|2|10|1|1|8|7|10|11|7|6|1|12|11|6|9,FALSE,2,3,
1891,11,1|3|4|1|8|6|7|3|6|7|7|8|6|5|9|2|9|3|1|8|5|8|5|3|2|9|4|2|4|9|6|2|5|4|7|1,FALSE,2,1,
1892,11,2|5|5|1|5|8|1|6|9|5|8|7|7|9|3|7|4|3|4|4|6|1|9|6|7|4|2|3|8|9|1|3|2|6|2|8,FALSE,2,1,
1893,11,8|3|2|1|1|2|5|1|5|4|9|9|6|4|7|5|3|9|3|1|8|3|4|5|2|8|6|4|7|7|6|8|2|7|6|9,FALSE,2,1,
1894,14,11|11|5|6|5|9|4|8|9|3|6|3|11|11|12|4|7|2|6|5|9|12|3|6|3|2|10|4|10|10|2|12|4|8|7|7|1|5|8|7|1|9|12|8|1|2|10|1,FALSE,2,1,
1895,14,1|10|9|4|5|7|6|8|3|6|10|11|2|7|11|5|3|1|1|8|6|12|4|8|4|8|2|9|9|5|6|2|7|7|11|10|5|9|3|10|12|2|3|4|11|1|12|12,FALSE,2,1,
1896,11,4|4|8|1|3|1|7|6|6|2|1|8|2|2|3|6|8|7|3|9|5|4|5|9|9|7|5|2|4|8|1|7|3|5|9|6,FALSE,2,3,
1897,11,9|1|1|5|6|3|5|3|7|4|1|9|8|5|6|8|2|7|5|6|3|2|8|4|4|9|8|7|1|3|4|2|9|2|7|6,FALSE,2,2,
1898,14,9|2|6|6|10|7|5|12|8|7|9|8|3|12|8|10|12|7|1|2|11|8|11|6|10|5|5|3|1|7|1|9|11|4|5|2|10|6|1|2|12|4|3|4|3|11|4|9,FALSE,2,1,
1899,11,7|1|3|5|9|4|5|6|3|8|8|4|2|6|7|2|5|7|3|9|1|8|6|2|4|6|9|3|7|1|5|8|2|1|9|4,FALSE,2,2,
1900,14,6|10|2|8|10|3|9|4|12|12|8|7|11|11|6|4|8|6|11|9|3|8|7|3|10|4|1|5|10|11|2|3|1|4|2|1|6|7|9|5|2|1|7|12|12|5|5|9,FALSE,2,3,
1901,11,6|8|8|2|5|3|9|9|5|4|7|2|7|6|3|7|5|1|5|2|4|4|6|8|1|7|3|3|8|9|6|4|1|1|9|2,FALSE,2,1,
1902,11,8|3|5|6|6|5|5|2|1|3|4|7|9|2|9|2|8|7|5|6|7|9|6|2|3|1|8|8|4|7|9|4|1|4|1|3,FALSE,2,1,
1903,14,7|5|2|11|10|6|8|8|2|6|4|9|10|8|1|12|7|4|7|12|6|5|6|12|2|11|10|3|4|1|5|2|3|1|4|1|3|8|10|9|12|11|5|7|9|11|3|9,FALSE,2,1,
1904,14,1|9|9|11|1|2|10|12|11|8|11|12|4|6|3|5|1|3|1|8|2|2|5|3|12|12|4|2|11|9|10|4|6|8|5|10|10|7|7|3|5|4|6|6|8|9|7|7,FALSE,2,3,
1905,11,9|1|8|6|8|5|6|4|2|4|2|3|6|7|1|4|9|7|3|4|3|2|8|2|5|8|1|6|7|9|1|5|7|9|5|3,FALSE,2,1,
1906,14,10|6|7|9|8|6|9|10|6|8|5|3|4|2|12|4|5|11|3|12|5|3|7|12|9|11|12|2|3|10|8|1|1|2|11|5|7|7|4|4|8|6|11|2|1|10|1|9,FALSE,2,1,
1907,14,8|5|10|4|7|3|7|1|11|4|4|10|10|1|5|3|7|8|8|6|2|9|9|2|7|3|12|3|6|9|6|10|1|9|12|6|5|8|4|5|11|1|11|11|2|2|12|12,FALSE,2,1,
1908,11,2|8|1|6|2|4|6|6|7|5|8|1|7|9|7|5|3|3|1|9|4|4|4|9|3|7|2|8|2|6|3|1|5|5|8|9,FALSE,2,1,
1909,14,8|11|12|10|8|5|8|9|12|3|1|11|10|3|6|1|7|11|11|5|3|2|9|4|5|4|2|12|5|7|6|2|8|7|6|1|4|4|12|9|2|6|10|9|10|3|7|1,FALSE,2,1,
1910,11,6|3|1|4|7|2|4|3|7|3|7|4|5|4|5|6|8|5|1|1|9|1|8|3|7|2|9|2|9|8|2|9|5|6|8|6,FALSE,2,3,
1911,11,4|7|7|1|3|4|8|3|9|6|9|5|6|8|5|5|1|4|3|1|3|7|9|6|2|6|7|2|8|8|4|2|5|9|1|2,FALSE,2,2,
1912,14,10|4|5|8|3|2|7|4|3|12|6|9|4|9|1|8|11|4|5|11|3|2|8|1|3|1|1|2|10|12|10|9|7|8|9|10|11|12|11|6|6|7|12|6|5|7|5|2,FALSE,2,2,
1913,11,3|4|9|3|5|8|6|7|3|5|8|4|1|2|1|1|3|2|9|2|8|5|9|8|1|6|4|7|6|7|4|5|2|9|6|7,FALSE,2,1,
1914,14,5|6|5|9|10|6|1|2|9|11|7|8|5|12|9|3|11|7|9|3|4|12|2|1|12|12|2|1|5|8|3|4|1|10|8|11|7|4|7|4|2|6|8|10|11|10|6|3,FALSE,2,3,
1915,14,3|7|2|1|12|4|5|11|1|2|11|12|9|10|10|9|1|5|12|8|10|6|11|6|1|12|8|2|9|3|8|4|7|8|10|7|11|6|3|2|7|3|9|4|6|4|5|5,FALSE,2,3,
1916,14,3|7|1|9|6|10|10|11|5|3|11|5|9|2|9|6|12|3|2|11|4|2|10|4|12|8|3|6|1|8|7|12|6|4|11|8|10|1|2|7|5|4|1|12|7|5|9|8,FALSE,2,2,
1917,14,7|9|5|12|2|11|10|2|10|8|10|8|5|9|7|2|6|5|4|1|10|3|3|3|12|4|6|4|5|8|2|1|3|9|7|6|6|11|11|1|4|8|7|1|9|12|12|11,FALSE,2,1,
1918,11,7|7|1|8|1|5|6|6|2|2|8|5|9|5|4|7|7|5|3|6|4|3|2|3|8|9|4|4|6|1|8|1|9|3|2|9,FALSE,2,1,
1919,14,1|3|6|12|8|6|8|1|11|12|7|1|5|4|12|2|6|5|3|12|4|4|1|7|6|10|9|8|8|3|5|11|9|9|10|7|2|10|4|2|9|2|7|11|3|5|11|10,FALSE,2,1,
1920,11,5|5|7|4|9|8|9|2|4|3|5|3|8|9|5|7|7|8|2|1|3|6|1|2|1|1|3|9|8|7|4|6|4|6|6|2,FALSE,2,1,
1921,14,2|7|8|5|1|11|6|10|11|7|10|12|8|1|4|8|4|4|8|10|3|2|11|5|5|6|9|7|6|3|1|11|10|1|2|9|4|9|6|12|3|12|5|12|7|9|3|2,FALSE,2,1,
1922,11,7|8|2|6|5|1|9|7|6|3|5|8|9|3|8|4|3|8|9|1|5|3|4|6|4|9|1|6|2|7|2|2|4|7|1|5,FALSE,2,1,
1923,11,7|1|5|8|9|9|8|8|7|7|4|2|6|6|6|4|1|5|9|4|1|4|6|7|3|8|5|2|3|1|2|5|9|3|2|3,FALSE,2,1,
1924,14,6|7|3|4|4|5|4|11|7|3|12|9|9|1|10|12|1|5|7|2|2|3|1|11|8|8|6|2|5|10|3|12|11|9|8|1|5|4|8|10|9|11|12|6|7|6|10|2,FALSE,2,1,
1925,14,9|9|4|5|11|4|12|5|3|7|2|9|1|6|4|7|7|10|11|1|9|3|8|8|3|5|1|2|12|2|7|11|10|4|5|3|12|8|8|6|11|10|6|1|10|2|12|6,FALSE,2,1,
1926,11,4|6|6|9|5|7|4|8|1|9|1|2|7|5|5|7|1|3|8|6|7|8|2|3|4|4|6|5|3|2|8|1|9|3|9|2,FALSE,2,1,
1927,14,3|7|5|8|1|5|6|1|9|6|12|6|8|9|10|7|10|10|11|1|12|12|9|2|9|5|6|2|3|4|10|5|7|4|4|2|1|2|4|11|11|3|12|7|8|11|8|3,FALSE,2,1,
1928,11,8|6|1|2|3|8|7|6|1|4|9|1|9|5|5|7|5|2|4|7|3|7|4|8|1|2|4|3|3|9|9|6|2|6|8|5,FALSE,2,1,
1929,14,9|12|5|10|1|3|11|7|12|11|1|2|5|6|2|10|2|9|6|8|8|12|9|7|5|10|11|1|3|6|4|8|1|6|7|4|10|3|4|11|7|12|3|5|4|2|9|8,FALSE,2,2,
1930,14,9|3|10|3|2|9|6|4|4|4|11|1|7|12|1|11|5|9|8|2|2|8|12|3|5|1|7|10|7|5|6|10|2|11|4|8|11|8|6|6|3|7|9|1|5|12|12|10,FALSE,2,1,
1931,11,3|8|4|4|3|8|2|8|5|2|4|7|2|5|9|3|7|6|3|5|6|1|1|7|6|8|4|9|2|5|6|1|9|1|7|9,FALSE,2,1,
1932,11,5|3|2|9|4|2|2|3|9|4|7|6|1|1|6|8|9|2|1|6|7|6|7|8|8|3|1|7|5|5|9|3|4|8|4|5,FALSE,2,1,
1933,14,7|2|7|9|4|11|5|11|2|11|7|5|12|1|4|3|8|6|9|2|12|9|7|11|2|6|4|4|3|3|1|8|12|10|1|3|10|9|12|6|8|5|5|10|10|6|8|1,FALSE,2,1,
1934,11,3|5|1|2|2|5|6|8|5|6|3|7|6|7|4|4|8|1|1|2|9|5|4|1|3|8|4|2|8|3|9|9|7|9|6|7,FALSE,2,1,
1935,14,9|4|5|8|5|2|12|8|11|3|12|11|10|4|9|3|8|10|12|2|10|6|3|2|4|8|7|1|9|1|7|2|6|6|4|1|11|5|6|3|7|12|9|7|1|10|11|5,FALSE,2,1,
1936,11,1|9|4|8|7|6|1|6|2|7|2|4|2|5|1|7|4|8|8|4|9|9|3|3|6|3|8|3|2|9|5|5|7|1|5|6,FALSE,2,1,
1937,14,7|12|8|9|5|7|8|2|11|1|6|2|8|7|11|4|5|11|12|2|3|9|1|10|3|5|12|10|12|4|11|3|6|10|1|9|10|2|4|4|1|7|9|6|3|5|6|8,FALSE,2,3,
1938,11,6|1|3|7|1|9|2|7|9|3|4|9|3|4|2|3|1|2|2|8|6|4|5|5|4|8|1|7|7|5|9|8|5|6|6|8,FALSE,2,1,
1939,14,12|6|11|7|9|2|4|1|9|12|3|10|9|6|1|4|1|8|6|5|7|4|4|5|2|3|12|3|10|11|11|10|7|8|1|10|5|6|2|12|9|11|8|2|3|8|7|5,FALSE,2,1,
1940,11,2|9|7|1|1|7|7|5|5|4|6|6|8|3|5|9|1|6|8|8|9|2|7|2|9|5|4|1|3|2|4|6|3|4|8|3,FALSE,2,2,
1941,11,8|3|5|5|1|4|1|2|2|7|5|6|9|1|7|7|6|3|6|4|4|2|9|9|8|8|3|3|4|2|9|8|6|5|1|7,FALSE,2,1,
1942,14,9|8|2|8|5|10|7|10|12|3|6|7|9|4|4|9|7|12|5|5|8|6|5|11|10|11|1|12|1|9|3|12|3|2|8|6|2|3|1|4|7|6|2|4|1|10|11|11,FALSE,2,1,
1943,11,5|8|6|7|2|8|9|3|7|7|6|2|3|6|4|1|1|8|9|1|2|4|5|8|7|9|1|3|6|4|5|5|4|3|9|2,FALSE,2,3,
1944,14,1|3|8|7|2|6|3|12|10|7|5|9|4|10|9|11|10|4|11|3|2|12|2|1|1|6|5|2|4|6|8|10|5|12|5|9|9|11|6|12|7|11|7|8|1|4|3|8,FALSE,2,1,
1945,11,4|1|7|1|3|9|9|9|2|5|3|3|5|9|5|7|4|2|1|4|2|2|3|8|8|7|6|5|6|6|1|8|6|8|7|4,FALSE,2,2,
1946,14,4|8|9|11|10|7|2|4|9|1|1|4|12|12|5|8|5|3|6|7|3|1|12|11|11|7|10|6|8|3|11|10|9|6|2|7|2|2|12|6|4|5|8|3|10|5|9|1,FALSE,2,1,
1947,11,7|1|5|3|7|9|5|5|3|7|6|6|5|2|1|2|2|3|3|6|9|8|6|8|4|9|7|4|1|1|4|8|9|4|2|8,FALSE,2,1,
1948,14,1|11|8|5|2|4|7|9|5|3|7|6|11|8|2|5|1|4|9|1|1|12|9|4|12|12|10|10|2|6|7|10|11|3|6|7|5|8|4|11|3|2|6|3|8|12|9|10,FALSE,2,1,
1949,14,4|1|8|6|1|2|4|11|5|11|8|7|7|8|5|3|5|10|6|11|3|4|1|9|10|6|8|12|2|3|7|2|6|12|12|4|9|2|10|3|10|9|12|11|1|7|5|9,FALSE,2,1,
1950,11,9|2|5|1|7|8|2|6|5|5|2|3|2|9|6|7|6|9|3|4|5|8|8|9|8|1|4|4|1|6|1|4|7|3|3|7,FALSE,2,1,
1951,14,4|9|6|9|11|7|8|12|4|11|12|10|3|1|2|9|10|3|5|7|5|3|10|11|5|7|1|6|2|8|5|6|9|1|2|4|7|10|3|12|8|11|2|6|12|8|4|1,FALSE,2,1,
1952,11,8|9|7|3|3|1|2|3|2|9|1|6|1|4|7|2|8|1|8|6|5|4|8|7|6|3|7|9|2|4|5|4|5|9|6|5,FALSE,2,3,
1953,11,5|9|8|7|4|1|4|1|2|9|7|3|9|1|1|2|6|6|3|5|2|8|8|6|3|5|9|7|8|4|5|2|7|4|6|3,FALSE,2,1,
1954,14,11|1|3|9|3|11|1|4|2|2|5|8|8|12|12|9|11|2|6|10|10|8|4|10|8|1|7|1|3|4|5|2|12|3|9|7|12|7|6|10|5|6|7|6|11|4|9|5,FALSE,2,1,
1955,14,4|1|6|9|5|9|4|12|2|8|1|5|7|2|12|7|5|8|3|11|11|9|8|3|12|6|2|4|7|11|10|1|4|10|10|12|9|5|11|10|3|3|6|2|7|6|8|1,FALSE,2,1,
1956,11,9|9|4|2|1|7|2|3|3|5|6|9|2|7|4|8|1|8|1|8|8|4|5|3|3|4|5|6|1|7|6|7|6|9|2|5,FALSE,2,1,
1957,11,3|9|9|1|9|9|2|3|5|6|1|8|1|4|4|6|4|7|5|1|5|5|6|8|3|4|2|2|7|6|3|8|7|7|8|2,FALSE,2,1,
1958,11,1|1|7|8|8|6|9|5|1|8|2|9|4|5|8|5|9|3|5|7|6|6|7|3|2|9|3|2|4|6|1|4|2|3|4|7,FALSE,2,1,
1959,14,3|3|1|4|12|1|6|4|9|7|5|7|10|9|4|10|12|7|8|11|12|11|8|5|5|8|8|3|2|2|6|6|1|4|3|2|12|7|9|6|9|11|10|11|1|5|10|2,FALSE,2,1,
1960,14,12|10|5|5|7|4|12|3|2|6|9|8|4|4|2|10|2|11|11|9|3|10|9|5|7|10|8|1|7|3|4|2|1|1|9|1|3|5|12|6|6|11|11|8|8|12|7|6,FALSE,2,1,
1961,14,4|4|12|4|3|12|11|6|6|8|3|2|9|1|4|12|2|5|9|1|7|5|5|1|11|10|10|11|5|2|11|7|7|6|3|2|7|10|9|3|8|8|9|12|1|6|10|8,FALSE,2,1,
1962,14,6|2|7|1|12|10|11|5|6|2|4|9|1|4|10|8|11|2|7|10|3|7|12|2|1|3|6|5|11|12|8|8|5|4|11|10|9|8|3|9|1|7|4|5|12|9|3|6,FALSE,2,2,
1963,11,9|8|2|4|7|4|1|3|6|5|3|4|6|1|8|2|3|6|5|6|7|2|5|1|3|5|4|9|8|9|8|9|2|7|7|1,FALSE,2,1,
1964,11,6|8|2|5|7|1|6|4|7|9|2|9|1|9|4|4|8|8|9|5|6|2|5|3|1|3|5|3|3|7|2|1|8|7|4|6,FALSE,2,1,
1965,14,2|1|11|2|12|3|9|4|1|2|3|4|5|8|10|7|7|4|5|8|8|12|6|1|7|6|1|6|8|3|4|11|3|11|5|5|2|11|12|9|12|10|9|10|6|7|9|10,FALSE,2,1,
1966,14,3|1|11|7|8|4|7|1|10|12|9|2|7|1|1|6|11|2|11|10|6|3|6|9|9|4|5|8|2|4|12|12|8|11|9|3|5|10|3|2|8|7|10|4|5|12|6|5,FALSE,2,1,
1967,11,1|7|1|3|9|9|7|3|1|1|5|7|3|8|4|6|6|6|5|9|2|3|7|2|2|8|6|5|8|5|9|4|8|4|2|4,FALSE,2,1,
1968,14,3|3|6|3|7|1|5|11|12|9|11|12|4|6|3|6|9|5|1|7|11|8|8|4|10|4|8|5|1|10|9|7|9|1|4|7|5|8|6|2|11|10|2|2|12|12|10|2,FALSE,2,1,
1969,14,10|5|10|8|12|1|4|2|7|7|8|6|3|1|5|9|8|11|9|4|5|3|4|12|11|11|2|6|1|2|10|7|2|7|9|12|8|3|10|6|5|11|1|9|6|4|3|12,FALSE,2,1,
1970,11,9|6|4|1|2|5|4|6|7|4|8|6|3|2|9|2|5|9|1|8|8|3|9|7|7|8|2|4|1|1|5|3|3|6|7|5,FALSE,2,1,
1971,11,9|7|7|4|7|9|1|2|6|5|9|1|8|3|4|3|8|6|3|2|8|6|3|1|4|5|2|8|1|5|5|2|4|6|9|7,FALSE,2,1,
1972,14,6|12|1|4|8|2|8|11|2|11|8|2|9|7|7|1|11|10|12|5|3|12|8|4|9|12|5|11|2|5|1|3|3|6|6|10|7|3|9|10|6|7|9|10|1|5|4|4,FALSE,2,1,
1973,14,3|3|12|11|5|8|6|4|1|4|7|9|5|2|2|10|6|2|1|5|2|10|3|4|8|7|1|9|8|11|7|1|11|11|12|6|3|5|8|12|6|7|9|12|10|10|4|9,FALSE,2,1,
1974,11,6|3|5|8|7|2|4|6|7|9|6|3|9|8|1|3|1|2|2|4|5|3|9|7|1|7|6|2|4|4|8|9|8|5|1|5,FALSE,2,1,
1975,14,8|3|12|10|7|2|3|9|3|2|12|4|9|6|11|1|12|5|11|8|10|1|5|4|1|6|7|11|11|4|12|6|2|6|9|7|2|8|10|5|3|1|8|9|5|10|7|4,FALSE,2,1,
1976,11,6|3|7|2|5|7|9|9|1|1|7|3|6|1|8|2|8|5|2|9|4|5|3|6|9|4|7|4|4|1|8|2|6|8|3|5,FALSE,2,1,
1977,11,5|3|9|2|4|1|9|9|1|8|7|2|3|9|3|4|6|5|1|3|8|7|4|2|4|6|6|7|6|5|2|7|5|1|8|8,FALSE,2,3,
1978,14,7|12|11|9|1|1|7|7|12|9|3|10|4|5|4|5|4|6|10|4|6|1|10|12|7|11|2|11|8|5|5|3|8|9|3|2|6|1|2|3|8|10|8|6|12|2|11|9,FALSE,2,1,
1979,14,4|6|1|5|8|4|10|1|5|12|12|3|5|9|7|1|8|10|3|2|7|3|2|12|1|4|9|2|7|2|11|11|8|5|7|9|4|6|9|11|10|12|10|3|6|6|11|8,FALSE,2,1,
1980,11,7|3|3|2|4|2|6|7|7|8|5|6|1|3|5|3|6|5|4|4|9|8|2|4|8|1|9|6|8|7|9|2|1|5|1|9,FALSE,2,1,
1981,11,4|4|8|3|6|2|6|5|8|2|3|7|5|9|6|2|7|7|9|6|7|3|4|1|9|5|2|8|4|1|8|3|1|1|5|9,FALSE,2,1,
1982,11,4|4|6|4|3|8|8|7|6|5|1|4|9|3|2|8|7|9|6|2|1|3|5|9|9|1|7|7|2|5|1|3|5|2|6|8,FALSE,2,1,
1983,14,4|11|4|3|10|12|7|2|6|5|2|8|6|9|4|1|2|7|5|3|9|10|1|10|6|11|1|10|11|5|6|8|9|7|8|4|8|12|12|12|1|3|3|5|2|11|7|9,FALSE,2,1,
1984,14,6|4|1|11|6|2|3|10|1|4|7|9|2|4|12|9|5|3|5|7|11|3|8|10|12|8|8|6|12|8|12|11|7|1|4|3|9|6|10|2|9|7|5|1|2|10|5|11,FALSE,2,1,
1985,14,3|5|9|12|9|12|8|5|6|2|5|4|7|10|8|1|1|8|12|9|11|1|10|6|1|11|11|3|7|4|3|11|6|10|7|12|10|3|8|6|9|4|7|2|2|5|2|4,FALSE,2,1,
1986,11,9|3|8|2|5|5|8|7|9|3|1|4|2|3|2|7|9|6|4|1|6|7|3|6|4|1|5|5|9|4|2|1|8|6|7|8,FALSE,2,1,
1987,14,4|7|7|4|5|2|9|12|3|7|10|2|9|10|2|10|11|11|4|1|8|9|7|10|12|6|5|12|8|1|8|9|1|3|5|6|11|4|2|5|12|1|11|6|3|6|3|8,FALSE,2,1,
1988,11,1|3|3|7|4|6|5|2|5|8|2|5|9|7|2|3|8|6|3|9|9|6|9|7|8|8|2|4|6|4|5|1|7|4|1|1,FALSE,2,1,
1989,11,6|9|9|2|8|1|6|3|3|4|4|8|3|3|7|1|5|9|2|2|4|8|1|2|5|5|9|5|4|8|6|7|7|7|1|6,FALSE,2,1,
1990,14,6|1|9|1|5|9|9|4|5|5|7|1|10|8|7|5|8|7|9|2|10|11|11|4|7|2|8|8|2|6|3|1|11|10|4|3|11|3|6|3|12|2|6|12|12|10|4|12,FALSE,2,1,
1991,14,8|1|10|7|11|5|7|3|12|2|1|1|10|9|6|9|2|4|4|3|12|7|11|1|5|8|3|6|5|8|6|12|7|11|9|10|2|10|6|11|4|4|12|5|9|3|2|8,FALSE,2,2,
1992,11,1|2|7|5|2|6|9|1|1|2|3|3|9|6|8|6|8|3|7|5|5|4|4|4|7|8|5|7|6|9|4|3|2|8|9|1,FALSE,2,1,
1993,14,1|3|8|11|10|5|2|2|12|8|12|2|7|7|6|10|4|6|10|11|1|1|4|3|6|9|5|5|2|9|6|5|12|12|8|4|11|1|10|7|4|9|7|3|3|11|8|9,FALSE,2,1,
1994,14,5|7|8|3|7|5|9|2|11|1|3|10|2|4|11|10|6|3|12|10|1|8|7|8|12|12|1|6|3|2|5|1|11|8|6|2|9|4|12|6|9|9|11|4|7|10|4|5,FALSE,2,1,
1995,11,1|5|9|7|3|9|3|4|6|9|4|6|8|4|8|2|3|1|1|7|8|6|2|6|5|8|7|2|7|4|5|3|2|5|9|1,FALSE,2,1,
1996,14,10|7|12|1|4|8|5|6|5|4|2|3|12|4|1|11|4|10|12|2|9|11|3|10|5|8|6|7|9|1|6|5|8|6|7|9|3|9|11|3|2|12|11|7|8|1|2|10,FALSE,2,1,
1997,11,7|9|9|8|9|8|3|1|8|9|2|1|5|5|3|4|2|6|8|1|1|4|5|3|5|4|7|6|4|3|7|7|6|2|6|2,FALSE,2,1,
1998,14,3|8|2|6|3|10|2|1|4|2|7|10|5|12|9|2|9|7|1|8|9|6|10|6|9|11|8|12|12|11|5|7|10|8|1|11|5|3|4|1|3|11|6|7|12|4|5|4,FALSE,2,1,
1999,11,7|2|8|6|6|9|3|7|9|3|4|6|5|1|7|6|5|2|5|3|4|7|1|4|5|9|9|4|8|2|8|1|1|3|8|2,FALSE,2,1,
2000,14,4|1|7|11|11|4|6|5|3|3|1|2|11|1|8|10|7|5|12|8|11|3|12|12|9|9|6|10|9|5|1|10|6|2|5|9|4|8|10|6|4|3|8|7|12|2|7|2,FALSE,2,1,
2001,11,5|8|7|8|8|9|7|2|4|8|7|5|4|1|4|5|7|6|9|1|3|4|3|5|3|2|2|6|1|6|1|3|6|9|9|2,FALSE,2,1,
2002,11,6|3|2|8|3|2|7|2|9|2|9|8|9|7|3|5|5|7|6|3|1|7|1|4|4|6|6|9|5|4|1|5|8|8|4|1,FALSE,2,1,
2003,14,8|3|10|6|11|4|2|8|6|7|6|5|10|11|7|1|8|7|9|3|9|5|8|3|4|7|4|2|12|11|2|9|1|2|5|1|12|5|9|11|12|1|12|10|10|3|6|4,FALSE,2,1,
2004,14,1|10|8|8|8|11|7|12|3|2|4|11|5|10|11|7|4|3|1|6|2|1|3|12|4|2|12|3|12|5|6|11|7|6|10|1|9|9|10|6|2|5|9|4|9|7|8|5,FALSE,2,1,
2005,11,2|6|1|7|8|1|4|3|6|9|1|6|5|7|5|7|5|4|5|3|2|9|2|4|7|8|8|8|6|3|9|1|3|9|4|2,FALSE,2,1,
2006,14,8|11|10|12|10|11|1|2|7|8|10|1|5|5|4|6|6|5|3|4|7|4|9|8|11|12|6|8|1|9|2|12|1|9|6|3|5|3|2|2|9|7|12|7|11|3|10|4,FALSE,2,1,
2007,11,5|9|6|6|4|1|7|7|3|5|4|5|2|3|8|8|4|9|2|8|5|3|6|6|2|1|9|8|1|7|2|7|1|9|3|4,FALSE,2,1,
2008,14,1|9|11|3|7|5|6|10|9|4|12|5|7|7|2|12|3|2|4|1|5|6|8|5|1|6|4|3|10|12|8|3|10|7|12|6|2|2|8|11|11|11|8|9|9|1|10|4,FALSE,2,1,
2009,11,6|3|2|5|8|4|1|3|9|5|4|2|6|7|2|9|3|7|7|8|8|4|1|1|5|9|3|2|4|5|8|6|7|6|9|1,FALSE,2,1,
2010,11,8|5|5|9|3|1|1|2|4|3|4|4|5|9|7|2|7|7|8|8|8|2|6|1|2|5|6|9|9|6|3|1|3|4|6|7,FALSE,2,1,
2011,14,2|8|12|1|3|2|5|12|11|3|5|2|5|1|7|4|6|4|8|11|9|11|12|10|1|9|6|12|9|7|8|5|6|4|7|9|6|11|3|10|3|7|10|10|1|8|2|4,FALSE,2,1,
2012,14,2|4|12|6|2|5|12|11|5|12|11|3|9|8|10|10|6|7|9|6|4|11|2|8|12|4|3|9|6|2|7|1|9|7|7|8|11|1|8|3|5|3|10|1|4|1|10|5,FALSE,2,1,
2013,14,4|1|3|6|7|6|3|11|12|7|11|10|1|3|1|12|1|2|9|10|3|10|12|8|2|9|10|4|11|2|4|2|8|5|4|9|6|5|9|8|11|7|7|5|8|12|6|5,FALSE,2,1,
2014,14,10|11|5|10|2|9|10|3|2|4|7|3|9|1|2|7|11|11|11|6|9|1|12|6|8|7|4|8|3|5|1|4|6|1|6|8|5|2|9|5|12|10|7|12|8|3|12|4,FALSE,2,2,
2015,11,1|2|2|6|6|6|1|3|2|3|4|9|3|5|8|3|9|8|5|7|5|4|8|2|1|8|1|7|4|7|7|9|6|5|4|9,FALSE,2,3,
2016,11,1|5|1|4|9|2|7|8|3|6|7|2|3|3|5|4|9|7|8|3|9|7|1|6|5|4|6|8|6|5|1|2|2|4|8|9,FALSE,2,1,
2017,14,8|1|6|6|7|11|12|5|9|11|2|9|2|8|1|7|4|8|4|4|9|3|2|1|10|5|1|12|6|9|10|5|2|10|12|12|8|6|11|7|7|11|3|5|3|3|4|10,FALSE,2,3,
2018,11,5|6|3|2|7|2|4|1|6|3|8|6|8|1|3|4|5|2|3|4|1|2|9|5|9|4|9|8|5|6|8|9|7|1|7|7,FALSE,2,1,
2019,14,8|9|4|1|7|8|5|3|9|1|7|6|2|8|2|11|9|1|4|10|5|9|11|6|8|2|3|5|10|12|4|12|7|6|5|2|4|7|1|11|12|3|11|3|10|12|6|10,FALSE,2,1,
2020,11,1|7|9|4|9|5|2|5|3|8|2|3|6|6|2|6|9|1|5|8|8|7|9|2|8|7|1|6|3|4|1|4|3|7|4|5,FALSE,2,1,
2021,14,10|6|5|2|3|8|12|12|11|8|7|10|1|4|4|12|8|1|5|7|3|11|7|1|8|10|4|9|7|3|9|12|2|5|2|9|6|2|5|11|3|4|1|6|6|9|11|10,FALSE,2,1,
2022,11,8|5|4|9|8|8|6|6|5|2|4|3|1|8|4|9|2|1|1|7|1|5|6|9|3|4|7|6|3|7|2|7|2|5|3|9,FALSE,2,1,
2023,14,2|8|2|6|9|10|9|11|2|3|4|8|9|12|4|5|11|1|1|4|9|6|10|2|5|12|3|1|11|4|11|10|8|5|5|3|10|6|3|7|12|8|6|7|1|7|7|12,FALSE,2,1,
2024,11,4|4|6|9|1|8|7|3|6|4|8|9|7|5|6|5|7|5|3|8|2|2|2|4|5|7|8|1|3|6|1|2|1|3|9|9,FALSE,2,1,
2025,11,6|5|4|1|4|1|9|7|9|2|4|9|5|5|2|7|3|8|1|3|2|6|7|2|1|8|3|3|8|5|8|6|9|6|4|7,FALSE,2,1,
2026,11,9|8|2|4|5|9|5|3|7|4|7|1|5|6|3|9|4|2|6|8|3|4|5|9|8|2|1|7|8|6|1|7|2|6|1|3,FALSE,2,2,
2027,14,7|10|11|6|3|4|12|1|6|5|12|4|3|10|11|9|1|9|1|5|2|8|6|5|6|2|10|9|7|11|4|5|8|3|3|9|8|4|8|12|7|2|12|7|2|11|10|1,FALSE,2,1,
2028,14,3|1|1|7|5|11|9|4|1|8|4|10|6|8|2|2|3|12|11|2|5|11|10|10|6|12|6|7|6|5|9|5|2|3|12|8|8|3|4|7|9|7|10|4|11|12|1|9,FALSE,2,1,
2029,11,5|8|2|2|1|3|5|9|6|9|4|7|6|4|9|5|2|2|8|4|1|8|3|6|3|7|7|6|7|9|5|1|4|3|1|8,FALSE,2,1,
2030,14,5|7|4|6|4|6|10|12|2|3|6|6|2|9|8|11|12|11|2|1|3|11|1|10|1|7|2|3|8|3|4|12|8|7|9|4|11|5|9|7|8|9|10|12|5|5|1|10,FALSE,2,1,
2031,14,2|7|6|9|4|8|5|12|1|11|10|8|5|8|4|9|6|2|4|11|9|7|1|11|11|10|3|3|12|12|3|9|3|1|8|12|10|1|6|2|10|6|5|5|4|7|7|2,FALSE,2,1,
2032,11,2|6|3|4|6|3|7|3|8|1|4|8|1|5|8|9|6|2|1|6|7|2|9|1|5|7|5|9|5|2|9|4|7|8|4|3,FALSE,2,1,
2033,11,3|1|2|8|1|8|1|2|5|6|8|5|1|3|7|6|3|9|9|7|5|4|2|9|9|4|3|6|2|7|8|4|6|7|4|5,FALSE,2,1,
2034,14,7|2|12|9|11|6|4|4|4|12|3|11|3|1|1|1|3|6|8|12|5|7|12|5|10|5|7|2|2|10|10|7|10|2|8|4|11|9|11|8|6|6|5|9|1|9|3|8,FALSE,2,1,
2035,14,12|8|1|12|5|10|1|6|10|4|2|8|5|1|11|1|2|6|10|11|8|5|4|5|11|6|9|8|6|12|7|10|4|3|7|9|3|9|7|3|12|9|4|7|11|3|2|2,FALSE,2,1,
2036,14,6|8|4|11|12|8|11|10|12|7|1|2|6|1|11|3|10|5|2|2|8|12|8|4|7|10|2|1|5|6|3|4|10|9|11|3|9|1|12|7|9|9|5|3|7|4|6|5,FALSE,2,1,
2037,11,6|9|6|5|5|8|9|1|9|3|5|3|4|4|6|8|1|1|4|3|4|3|7|7|9|1|2|6|2|7|8|8|2|2|7|5,FALSE,2,1,
2038,14,2|3|1|9|5|1|11|10|4|2|4|6|9|4|10|5|4|11|11|11|1|3|3|10|6|9|9|6|3|12|8|1|10|12|5|7|5|7|8|6|8|7|2|12|7|8|12|2,FALSE,2,1,
2039,14,2|6|8|2|9|11|3|2|6|1|8|9|3|10|5|1|5|4|7|10|4|1|1|12|10|9|6|10|12|4|11|8|11|5|11|12|3|5|7|9|7|8|6|2|12|7|4|3,FALSE,2,1,
2040,11,8|3|5|6|1|5|2|9|9|4|1|7|3|8|3|8|2|4|4|9|2|5|9|3|7|1|6|5|1|8|7|7|4|6|2|6,FALSE,2,1,
2041,14,7|9|7|2|2|3|8|5|4|5|4|6|9|6|1|11|6|12|9|11|2|4|7|11|1|12|10|2|8|8|9|4|6|1|11|5|3|10|7|10|12|10|5|8|3|3|1|12,FALSE,2,1,
2042,14,9|2|9|5|11|11|9|1|12|4|12|3|6|7|2|1|3|8|1|12|1|7|6|10|4|10|8|5|11|10|4|5|2|6|5|2|12|11|3|10|7|3|9|4|8|6|7|8,FALSE,2,1,
2043,11,5|6|1|4|2|1|5|8|4|7|9|3|5|2|8|6|7|7|9|8|3|3|4|6|6|3|1|5|2|4|7|2|9|1|9|8,FALSE,2,1,
2044,11,4|2|5|2|9|8|1|3|8|9|1|2|5|4|8|3|9|3|7|1|8|7|2|5|1|6|4|6|9|7|7|5|4|6|3|6,FALSE,2,1,
2045,11,8|6|5|3|8|1|4|5|6|3|7|9|9|6|5|2|1|2|3|7|4|2|2|6|7|8|4|1|4|9|3|1|5|9|7|8,FALSE,2,1,
2046,11,4|1|9|4|2|5|9|8|4|9|5|7|5|6|8|2|5|6|7|4|8|1|7|9|2|3|6|3|1|2|1|3|6|3|7|8,FALSE,2,1,
2047,14,4|12|12|7|6|2|11|9|7|6|3|1|2|8|1|8|5|8|7|10|10|4|1|5|3|4|6|9|3|2|6|3|10|10|2|9|11|11|4|9|7|5|8|12|12|1|5|11,FALSE,2,1,
2048,14,2|6|4|10|11|7|1|6|10|9|5|8|1|12|3|5|1|10|7|6|10|11|11|5|11|8|2|2|7|12|2|8|12|6|4|7|12|8|3|4|3|9|4|9|3|1|9|5,FALSE,2,1,
2049,14,1|6|11|6|1|12|5|8|1|11|12|6|7|3|9|11|2|8|2|7|4|10|10|12|7|9|8|1|3|10|7|6|4|11|4|3|2|4|12|5|3|10|9|9|5|2|5|8,FALSE,2,1,
2050,14,1|7|11|10|1|3|12|2|12|11|1|4|12|9|9|1|5|5|3|6|8|11|6|2|10|10|5|7|11|6|9|7|4|3|6|9|8|4|3|8|2|5|7|10|4|2|8|12,FALSE,2,1,
2051,11,5|9|4|8|2|5|7|5|8|3|9|7|7|8|2|1|1|4|6|3|1|3|6|6|3|4|7|9|1|9|2|4|2|5|6|8,FALSE,2,1,
2052,11,1|2|4|3|2|7|9|4|7|9|5|1|8|3|1|8|1|2|3|7|4|5|8|4|3|7|6|6|5|2|6|8|6|9|5|9,FALSE,2,1,
2053,11,4|6|6|3|5|2|9|8|3|6|1|8|9|9|8|4|1|4|2|3|1|7|1|5|6|5|9|2|5|8|7|7|7|3|4|2,FALSE,2,1,
2054,11,7|3|4|9|3|4|4|6|5|6|8|9|1|2|7|9|7|8|2|1|5|3|1|7|8|6|9|1|6|4|2|5|5|2|3|8,FALSE,2,1,
2055,14,6|1|8|3|7|12|12|5|6|2|1|8|9|10|6|3|10|9|4|8|11|3|12|1|2|10|5|4|10|2|11|8|7|7|9|11|4|9|3|5|2|11|4|12|1|6|5|7,FALSE,2,1,
2056,14,9|4|11|8|10|6|1|1|7|11|9|7|12|7|9|1|6|10|2|2|6|5|5|8|11|8|5|8|11|3|4|1|3|5|10|4|12|2|2|10|4|12|7|9|3|6|3|12,FALSE,2,1,
2057,11,1|1|9|1|5|9|6|2|8|9|7|5|5|7|5|2|3|4|8|4|8|2|4|3|3|7|7|9|1|6|3|6|6|4|8|2,FALSE,2,1,
2058,14,12|1|6|6|8|2|12|8|4|3|7|5|9|6|3|2|11|12|11|11|3|9|2|6|8|2|5|7|11|4|8|9|10|1|7|4|5|12|10|5|3|10|4|1|1|9|10|7,FALSE,2,1,
2059,11,2|8|7|9|6|8|3|9|3|1|5|6|4|6|1|4|1|3|3|5|9|7|6|5|7|8|9|2|1|4|7|8|2|5|4|2,FALSE,2,1,
2060,14,12|6|2|7|1|6|10|4|9|3|7|1|12|5|12|8|6|8|2|4|9|8|3|12|11|11|3|2|9|11|1|1|11|3|2|8|7|4|5|9|10|5|10|4|6|5|10|7,FALSE,2,1,
2061,14,5|1|4|7|6|3|6|12|7|9|9|5|2|7|5|11|11|2|3|4|8|5|1|3|8|10|12|7|10|12|9|8|10|8|9|11|2|6|1|3|4|6|2|11|4|12|1|10,FALSE,2,1,
2062,14,12|11|2|1|5|6|12|8|2|10|6|3|12|2|5|3|1|6|4|8|7|2|9|7|7|1|6|5|3|4|8|7|1|11|11|9|10|4|3|9|10|11|10|8|12|4|5|9,FALSE,2,1,
2063,14,1|11|9|9|11|11|3|8|6|4|5|12|9|4|6|8|8|1|12|12|7|10|2|5|3|7|8|11|4|1|3|5|5|10|6|9|7|2|12|10|2|4|3|10|6|1|7|2,FALSE,2,3,
2064,11,1|6|3|9|9|4|5|8|2|1|7|3|6|3|5|1|3|1|9|5|2|4|5|8|2|8|8|7|9|4|6|6|4|7|7|2,FALSE,2,1,
2065,11,5|2|4|2|7|5|6|7|9|3|7|9|4|1|5|8|7|4|4|6|1|8|6|3|2|1|2|3|5|9|6|1|3|9|8|8,FALSE,2,1,
2066,14,11|6|3|8|12|4|4|4|1|6|3|9|8|9|9|8|2|2|7|4|10|6|7|7|1|10|5|7|1|10|12|9|1|8|2|5|10|11|3|2|12|5|3|11|5|11|6|12,FALSE,2,1,
2067,11,3|2|6|5|1|9|7|9|4|7|1|2|4|2|3|8|2|6|6|3|1|5|6|4|8|8|9|1|9|5|7|4|7|3|5|8,FALSE,2,1,
2068,14,11|5|5|1|7|9|12|10|6|12|3|2|3|2|12|1|8|10|12|4|5|11|10|9|3|6|8|11|4|4|2|8|11|2|6|7|1|10|4|7|3|7|8|5|6|9|1|9,FALSE,2,1,
2069,11,9|1|2|3|4|3|4|1|6|2|7|9|8|5|5|7|5|9|6|9|7|5|8|8|7|1|6|3|1|4|4|3|2|8|6|2,FALSE,2,1,
2070,14,11|8|9|12|5|4|1|5|7|9|2|7|10|6|1|4|8|2|11|10|4|12|11|6|10|2|7|12|1|9|12|3|6|8|5|5|6|8|3|7|2|3|3|1|4|9|11|10,FALSE,2,2,
2071,11,4|3|5|2|4|3|8|5|7|5|9|6|7|4|9|7|9|5|2|4|8|1|2|6|9|6|3|7|8|2|1|3|1|8|6|1,FALSE,2,1,
2072,14,12|4|6|11|3|6|7|8|11|11|9|9|10|1|12|7|5|3|8|3|5|2|8|5|6|9|10|7|1|6|1|2|4|8|12|5|9|1|10|7|3|12|2|4|10|4|11|2,FALSE,2,1,
2073,14,5|12|2|7|4|6|12|11|9|12|7|12|8|5|8|3|2|9|1|10|6|4|2|2|7|3|5|11|6|3|10|10|9|8|1|11|1|3|11|4|9|8|5|7|10|6|1|4,FALSE,2,1,
2074,14,2|5|3|12|6|8|2|3|7|10|11|5|7|3|4|4|11|10|9|10|2|12|5|7|1|3|11|8|2|4|9|8|8|9|1|7|1|5|1|6|11|10|12|6|12|4|6|9,FALSE,2,1,
2075,11,1|4|3|9|5|1|4|5|4|8|2|8|9|7|8|3|2|5|1|7|9|1|3|6|2|6|9|2|8|6|3|7|5|4|7|6,FALSE,2,1,
2076,11,2|6|1|7|4|7|3|9|7|7|1|3|4|5|8|4|9|8|3|2|1|6|3|8|2|5|4|8|1|6|2|9|6|5|5|9,FALSE,2,1,
2077,14,1|7|10|9|1|4|8|5|4|12|10|9|3|11|6|9|9|7|2|5|6|2|4|12|8|1|8|11|6|7|3|12|7|5|3|10|10|4|1|12|2|2|11|5|6|8|3|11,FALSE,2,1,
2078,11,8|4|8|2|2|3|1|7|3|6|4|2|5|6|9|9|7|2|3|1|6|5|4|7|6|1|4|1|5|7|9|5|3|9|8|8,FALSE,2,1,
2079,14,2|7|3|10|10|1|9|2|4|11|6|7|5|9|5|3|10|9|4|3|2|6|12|9|1|1|12|2|11|8|4|5|1|8|12|4|6|11|8|12|10|3|5|7|7|8|6|11,FALSE,2,1,
2080,11,7|4|3|1|5|2|8|9|6|9|1|7|9|3|7|8|1|2|2|4|6|8|9|6|5|4|5|4|6|3|3|8|2|5|7|1,FALSE,2,1,
2081,14,7|3|7|6|8|9|1|10|5|8|6|11|4|8|6|2|2|8|3|12|10|5|1|10|4|5|3|7|11|12|2|2|1|9|3|7|9|11|12|11|4|12|5|6|1|10|4|9,FALSE,2,1,
2082,11,5|9|6|3|1|7|6|2|9|4|4|8|9|5|6|4|5|8|3|4|2|1|1|1|6|9|7|3|3|7|8|2|2|8|7|5,FALSE,2,1,
2083,14,4|12|1|6|3|6|9|8|11|2|11|8|10|6|9|12|9|1|2|5|12|6|10|7|2|4|12|1|5|3|10|7|3|3|11|8|1|11|7|7|4|4|8|10|9|2|5|5,FALSE,2,1,
2084,11,3|4|4|6|8|7|3|1|1|2|2|6|5|2|8|8|3|3|7|9|6|8|4|5|5|4|9|5|7|9|7|1|6|1|2|9,FALSE,2,1,
2085,14,10|4|5|8|9|10|8|10|3|11|3|7|1|12|1|6|2|11|11|9|8|12|5|6|9|12|3|7|8|2|6|4|11|9|4|1|6|2|10|12|1|5|5|7|3|7|2|4,FALSE,2,1,
2086,11,6|4|7|5|3|9|3|6|4|9|7|4|7|2|2|3|5|8|7|1|2|4|6|9|5|1|8|1|6|1|8|3|9|5|8|2,FALSE,2,1,
2087,11,6|8|5|9|1|7|2|3|6|9|7|7|4|7|1|4|2|3|3|9|3|2|8|8|2|6|5|1|5|8|9|1|6|5|4|4,FALSE,2,1,
2088,14,10|3|12|1|3|11|7|8|10|9|5|5|10|2|7|8|4|11|1|4|12|5|8|9|11|3|7|4|6|2|11|7|6|1|4|9|1|6|10|2|12|2|3|12|6|9|5|8,FALSE,2,1,
2089,11,3|7|5|5|7|8|1|5|6|2|3|9|5|9|8|7|6|4|1|8|2|3|1|2|1|6|2|4|8|3|9|9|7|4|4|6,FALSE,2,1,
2090,11,7|1|8|2|1|1|2|7|7|4|9|3|5|1|3|6|9|6|8|6|4|3|9|8|7|4|2|3|5|6|5|5|8|9|4|2,FALSE,2,1,
2091,14,8|1|11|3|2|6|5|6|8|2|9|7|10|1|12|10|11|10|4|11|8|4|11|5|10|9|7|2|6|9|7|3|1|4|7|12|9|2|1|12|3|4|5|12|8|6|5|3,FALSE,2,1,
2092,14,2|4|11|11|3|2|6|1|3|1|10|5|9|4|5|12|2|7|10|3|6|10|5|5|3|7|12|12|1|6|8|11|4|2|9|8|4|12|11|10|6|9|7|8|9|1|8|7,FALSE,2,1,
2093,14,9|4|2|1|7|6|9|3|2|10|5|12|7|6|9|5|9|4|10|2|3|5|7|12|12|8|7|8|10|3|12|11|11|4|1|1|3|8|4|11|1|10|5|11|6|6|8|2,FALSE,2,1,
2094,11,1|4|7|2|3|8|6|3|1|4|7|5|9|3|2|4|1|9|6|8|4|7|3|7|9|9|5|5|8|2|8|6|2|5|1|6,FALSE,2,1,
2095,11,1|1|2|9|7|2|4|8|4|5|8|7|8|6|7|3|3|9|5|1|8|6|5|7|2|3|4|1|9|4|2|9|3|6|5|6,FALSE,2,1,
2096,14,4|1|10|11|7|12|8|9|5|7|10|7|12|5|6|3|6|4|5|8|8|9|6|10|2|10|2|1|9|1|12|11|1|6|9|3|4|11|5|2|3|12|7|8|4|11|3|2,FALSE,2,1,
2097,11,1|8|2|4|3|7|9|3|2|2|4|7|4|9|1|9|3|8|6|6|4|5|5|5|1|3|7|1|8|8|9|6|5|6|2|7,FALSE,2,1,
2098,14,2|12|11|1|12|6|11|1|8|5|2|7|5|7|8|4|5|11|7|1|10|3|3|8|7|12|4|5|9|12|2|10|1|9|6|4|3|2|10|9|6|3|6|10|9|4|11|8,FALSE,2,1,
2099,11,6|1|6|2|8|3|5|1|3|2|7|3|4|8|3|2|1|6|9|7|8|4|9|9|7|5|2|8|4|5|9|7|5|1|6|4,FALSE,2,1,
2100,14,4|2|6|12|9|5|8|9|11|9|10|6|1|12|6|11|5|12|11|2|12|2|3|4|4|7|3|8|11|5|7|8|6|10|2|5|1|9|8|10|7|10|1|7|1|3|4|3,FALSE,2,1,
2101,11,4|9|7|7|8|2|2|6|5|4|9|5|7|1|8|3|4|6|5|1|5|9|3|8|9|6|1|8|3|2|2|7|4|6|3|1,FALSE,2,1,
2102,14,9|1|12|4|2|11|3|4|6|1|5|12|10|9|9|7|5|7|2|2|11|8|5|10|3|4|10|10|6|11|5|3|1|3|12|4|2|8|1|8|8|11|7|9|12|6|6|7,FALSE,2,1,
2103,11,8|2|6|6|1|4|1|9|9|5|8|2|8|2|9|4|9|7|7|6|3|3|1|4|5|5|2|4|8|6|1|7|3|7|3|5,FALSE,2,1,
2104,14,5|4|12|5|4|3|5|1|8|1|7|6|12|5|2|7|11|3|8|9|12|7|1|11|2|10|1|9|8|10|3|6|2|3|9|6|11|7|9|10|4|12|8|6|4|10|2|11,FALSE,2,1,
2105,14,3|11|11|7|7|6|2|2|3|8|11|2|2|6|9|4|9|1|12|3|10|10|8|9|7|8|12|1|3|9|4|5|12|7|10|4|1|6|6|10|1|12|11|5|5|5|4|8,FALSE,2,1,
2106,11,5|6|7|2|4|8|2|1|2|9|4|4|8|3|4|9|7|5|8|5|1|7|8|6|3|3|7|2|5|6|1|1|9|3|6|9,FALSE,2,1,
2107,14,7|9|1|9|1|8|10|12|8|12|11|7|10|10|11|9|1|4|2|12|9|6|10|2|3|2|2|6|3|4|5|7|1|8|5|5|4|6|11|12|6|4|3|3|5|8|7|11,FALSE,2,1,
2108,11,5|7|9|8|2|1|8|2|6|1|6|1|6|2|3|3|8|5|9|9|4|4|7|5|4|2|6|8|7|3|9|7|3|5|4|1,FALSE,2,1,
2109,11,3|6|2|7|2|4|9|5|2|5|8|1|7|9|3|3|4|1|8|8|4|3|2|6|9|4|9|5|7|1|8|5|6|7|6|1,FALSE,2,1,
2110,14,10|11|8|8|7|1|11|1|5|2|10|3|8|2|3|7|9|12|1|7|10|5|4|9|8|6|12|1|12|2|6|11|9|4|6|5|4|5|12|2|4|3|9|11|10|6|3|7,FALSE,2,1,
2111,11,9|7|1|8|3|1|9|4|4|3|2|3|9|5|6|1|2|2|5|7|7|7|1|6|6|8|5|2|8|5|4|4|9|6|8|3,FALSE,2,1,
2112,14,9|1|12|2|10|11|3|9|1|8|6|5|9|1|2|12|4|9|1|3|6|8|4|5|8|7|10|4|6|12|2|7|5|4|3|12|11|3|5|11|6|2|10|10|8|7|7|11,FALSE,2,1,
2113,11,2|9|8|5|9|6|7|8|2|6|4|3|1|2|5|4|1|4|3|8|2|1|5|5|6|3|7|7|9|9|8|4|6|7|3|1,FALSE,2,1,
2114,14,8|11|10|9|9|4|8|5|9|7|5|3|1|8|2|4|6|5|2|4|8|7|12|3|11|12|10|5|6|11|1|6|6|1|7|1|10|10|12|11|9|12|3|2|2|4|7|3,FALSE,2,1,
2115,14,5|4|7|7|2|10|2|4|4|11|3|3|5|11|6|2|7|7|10|1|2|6|9|12|5|5|4|1|1|12|12|9|10|9|8|6|6|8|10|1|9|3|8|3|11|12|8|11,FALSE,2,1,
2116,11,8|3|5|2|8|9|8|6|1|2|4|1|6|6|7|7|2|4|5|2|7|6|5|7|4|8|1|1|3|5|4|9|9|9|3|3,FALSE,2,1,
2117,11,1|5|8|2|5|5|5|7|1|7|6|3|4|8|6|2|4|3|6|2|1|7|8|1|4|9|4|9|6|9|2|8|3|3|7|9,FALSE,2,1,
2118,11,2|7|3|7|7|9|3|2|3|3|6|6|4|7|4|5|5|8|1|6|9|8|1|1|8|2|5|1|4|9|6|5|9|8|4|2,FALSE,2,1,
2119,14,7|10|4|4|7|1|9|8|5|3|12|8|8|6|2|3|1|5|10|2|12|3|5|11|11|7|4|10|2|10|2|11|1|12|9|1|9|3|4|7|11|6|6|5|8|12|9|6,FALSE,2,1,
2120,14,11|4|4|3|12|1|2|5|12|4|6|11|6|1|3|6|3|8|5|8|7|8|10|7|7|9|10|1|4|7|1|3|5|6|10|2|12|11|5|11|12|8|10|2|2|9|9|9,FALSE,2,1,
2121,11,4|1|9|5|3|5|5|6|8|7|5|4|1|6|4|1|4|6|2|6|2|3|7|7|8|2|3|2|8|9|8|9|3|1|7|9,FALSE,2,1,
2122,11,7|2|5|8|9|1|9|1|3|2|6|1|7|4|3|3|6|6|9|5|2|6|3|8|7|5|4|5|4|7|8|4|1|2|9|8,FALSE,2,1,
2123,14,5|4|3|3|5|8|7|1|1|3|5|8|6|2|7|1|6|10|9|12|9|11|6|2|10|12|11|4|3|2|12|11|10|6|8|7|5|2|8|9|4|12|11|1|4|7|10|9,FALSE,2,1,
2124,14,5|8|11|10|6|11|8|7|3|1|9|8|10|12|4|9|2|5|7|4|8|2|6|12|7|2|7|3|2|1|11|9|4|10|6|6|3|5|12|3|10|11|5|1|9|4|1|12,FALSE,2,1,
2125,11,8|5|7|2|4|7|2|7|3|6|8|5|6|1|9|1|4|4|9|1|9|8|7|3|5|3|1|8|6|5|6|3|9|4|2|2,FALSE,2,1,
2126,14,10|4|3|6|11|12|5|4|12|5|8|7|7|1|3|11|4|6|10|9|2|6|7|8|11|8|12|2|11|1|3|6|9|2|1|3|5|10|7|9|8|4|2|12|10|9|5|1,FALSE,2,1,
2127,11,7|3|4|3|6|8|4|9|5|1|2|4|5|1|6|9|5|6|8|1|2|7|2|7|3|4|9|5|1|9|7|8|8|2|6|3,FALSE,2,1,
2128,14,7|3|8|11|5|8|10|4|12|2|11|2|6|5|4|2|12|9|6|10|9|8|10|2|5|7|1|1|3|7|4|4|1|6|10|3|8|12|12|3|11|7|9|1|11|5|6|9,FALSE,2,1,
2129,14,11|3|11|8|9|5|9|4|6|7|11|5|3|9|6|1|10|12|10|5|5|6|8|10|12|4|3|2|12|6|8|2|1|2|8|1|12|7|3|1|4|11|2|4|7|7|10|9,FALSE,2,1,
2130,11,4|9|3|2|7|5|2|9|6|6|5|5|8|1|3|1|4|6|7|4|6|8|2|1|9|8|5|8|7|7|3|4|1|3|2|9,FALSE,2,1,
2131,14,9|7|12|7|9|10|6|2|11|6|2|8|3|7|2|5|12|9|11|2|10|12|8|7|1|1|8|5|4|6|3|4|9|8|12|4|6|5|3|5|10|4|1|10|11|1|3|11,FALSE,2,1,
2132,11,1|8|6|6|8|9|3|5|1|1|1|4|9|3|2|6|4|4|9|5|7|7|6|3|4|8|7|3|5|2|7|9|2|5|8|2,FALSE,2,1,
2133,11,6|3|8|4|5|2|1|7|2|9|6|2|1|7|1|6|3|8|3|9|8|2|4|1|4|9|7|5|4|5|5|8|6|7|3|9,FALSE,2,3,
2134,14,1|2|8|3|12|2|7|6|11|5|6|9|11|9|8|10|5|7|2|6|11|10|3|10|8|1|6|2|1|4|11|8|9|3|9|5|12|3|12|7|4|4|4|12|7|5|1|10,FALSE,2,1,
2135,11,2|6|8|2|4|6|7|9|1|9|8|1|3|3|7|6|9|4|1|1|7|5|2|4|5|5|8|4|6|3|5|2|8|9|3|7,FALSE,2,1,
2136,14,5|1|9|8|6|12|11|7|3|12|9|5|4|10|2|12|10|10|11|5|4|4|8|9|6|6|1|8|3|3|2|6|9|1|7|2|4|11|7|12|7|8|5|3|11|10|1|2,FALSE,2,1,
2137,14,9|10|1|3|6|12|3|4|2|8|9|4|5|6|11|5|10|12|7|8|12|10|2|4|1|9|11|10|7|2|3|6|3|5|8|4|7|6|9|1|12|7|8|5|11|11|1|2,FALSE,2,1,
2138,11,5|7|3|8|3|5|5|9|9|4|1|1|6|1|8|5|7|2|6|2|3|8|7|6|8|2|4|9|1|6|4|3|9|2|7|4,FALSE,2,1,
2139,14,6|11|2|3|11|2|4|11|8|7|3|8|4|9|2|3|10|8|4|6|9|7|3|9|1|5|8|5|7|5|11|12|6|1|7|5|9|10|1|10|12|2|6|10|4|12|1|12,FALSE,2,1,
2140,11,8|3|9|1|6|3|5|8|5|1|5|1|6|7|4|6|2|7|7|4|3|5|2|7|2|8|6|9|2|4|9|9|3|1|4|8,FALSE,2,1,
2141,14,5|12|8|9|6|6|7|4|8|2|8|11|7|10|12|5|1|12|8|11|5|2|9|2|7|1|10|6|9|5|9|4|3|6|3|11|1|4|10|7|3|3|1|12|11|2|4|10,FALSE,2,1,
2142,11,5|1|8|3|2|8|8|1|7|6|7|2|3|4|2|4|5|7|9|5|7|4|6|6|3|9|1|1|5|9|3|4|6|2|8|9,FALSE,2,3,
2143,11,4|6|3|1|2|7|8|5|4|5|8|3|7|9|9|4|2|6|9|5|6|5|1|7|3|9|2|8|1|7|1|3|4|8|2|6,FALSE,2,1,
2144,14,9|6|7|3|2|9|10|4|9|11|1|11|2|2|6|10|1|6|6|1|12|4|8|3|7|4|7|1|8|5|12|3|7|5|9|11|8|12|5|12|11|5|2|4|10|10|8|3,FALSE,2,2,
2145,11,7|1|7|7|7|4|4|9|6|3|6|1|9|3|5|5|8|6|9|5|4|3|2|8|9|8|6|2|5|2|3|4|2|8|1|1,FALSE,2,1,
2146,11,9|2|9|6|5|8|5|3|8|7|4|1|2|7|3|4|7|6|9|6|5|1|3|3|8|1|5|4|2|4|6|1|8|7|2|9,FALSE,2,1,
2147,14,7|7|9|11|5|1|5|12|7|10|10|2|8|11|9|2|3|3|9|12|4|1|8|6|2|2|4|5|10|7|4|11|1|4|9|6|3|12|8|12|8|10|11|5|6|3|6|1,FALSE,2,1,
2148,14,8|10|7|4|8|9|11|4|7|11|1|4|4|11|5|2|10|12|8|12|3|7|6|11|10|8|3|9|7|12|6|3|3|12|2|6|5|9|2|10|1|6|2|5|9|5|1|1,FALSE,2,1,
2149,11,8|4|9|3|8|2|7|6|4|2|8|8|6|3|6|9|5|1|1|9|6|1|5|7|5|7|3|3|1|4|9|5|4|2|2|7,FALSE,2,1,
2150,11,5|9|6|2|7|3|7|8|5|1|1|5|4|7|2|8|6|9|3|3|1|9|3|4|4|5|2|2|1|6|4|9|8|6|7|8,FALSE,2,1,
2151,14,2|11|10|6|8|10|5|9|2|1|1|7|2|1|4|3|9|5|10|3|6|8|7|9|12|4|9|3|12|11|12|4|8|8|6|7|5|7|3|10|11|11|6|4|1|5|12|2,FALSE,2,1,
2152,14,2|3|9|1|5|6|5|4|2|2|3|9|5|7|12|5|1|11|10|12|7|8|12|3|1|11|4|12|10|6|4|4|10|6|7|7|10|8|2|11|6|9|11|8|3|1|9|8,FALSE,2,1,
2153,11,9|5|6|8|9|2|7|6|6|3|5|8|1|1|9|4|7|5|3|1|4|7|2|5|8|2|2|6|9|7|8|3|4|3|4|1,FALSE,2,1,
2154,14,6|9|9|3|7|7|10|11|6|8|1|10|11|10|5|8|11|1|5|4|2|11|9|12|2|8|5|7|6|2|3|4|10|3|4|3|4|1|12|5|12|1|8|2|7|6|9|12,FALSE,2,1,
2155,14,7|8|12|1|9|9|3|6|3|5|6|10|11|2|5|8|1|12|10|1|5|6|11|8|5|7|6|11|2|10|7|11|4|8|12|4|12|1|9|2|3|4|9|7|4|10|3|2,FALSE,2,1,
2156,11,3|1|8|7|8|5|3|3|6|1|5|2|9|1|2|9|9|3|7|1|4|7|2|6|4|2|5|4|9|6|5|6|8|4|8|7,FALSE,2,1,
2157,11,8|3|3|8|9|1|4|8|5|1|5|1|2|9|7|2|6|4|9|8|2|7|7|6|4|5|5|6|6|7|1|9|3|3|4|2,FALSE,2,1,
2158,14,9|1|2|7|2|4|3|9|12|9|7|4|8|4|6|8|12|10|2|12|3|3|10|4|10|1|8|11|2|7|12|11|5|11|1|1|5|7|11|5|6|6|6|3|9|8|5|10,FALSE,2,1,
2159,11,1|6|4|3|5|5|1|1|9|5|2|1|6|7|6|3|9|2|6|4|7|9|2|7|9|3|4|8|8|2|7|4|5|3|8|8,FALSE,2,1,
2160,14,4|8|12|2|10|8|5|1|2|9|12|10|11|7|9|8|10|6|6|7|1|3|8|1|3|6|4|12|7|7|2|1|5|9|3|5|10|5|4|4|3|11|6|2|12|9|11|11,FALSE,2,1,
2161,14,10|8|2|2|3|8|12|10|11|9|3|12|2|5|8|6|6|4|5|3|4|1|4|2|9|1|6|11|3|10|1|9|7|9|10|12|5|12|7|6|1|7|7|4|11|5|11|8,FALSE,2,1,
2162,11,4|1|9|1|7|5|6|9|7|2|5|5|2|2|3|1|2|9|4|9|3|7|7|6|8|4|8|3|6|3|5|6|8|4|1|8,FALSE,2,1,
2163,14,9|10|7|3|6|6|2|7|5|9|7|7|3|1|2|12|6|5|8|8|11|11|10|10|4|6|12|1|11|2|9|12|10|8|5|2|3|12|4|4|3|1|8|11|5|9|1|4,FALSE,2,1,
2164,11,5|4|4|4|1|9|2|1|9|8|3|8|2|7|9|2|5|6|3|7|7|1|6|6|1|7|8|3|3|8|5|5|9|6|2|4,FALSE,2,1,
2165,14,1|1|2|1|11|6|8|6|7|1|11|10|7|7|5|4|9|3|5|8|12|12|9|7|8|3|10|9|10|4|4|5|6|9|4|2|2|2|12|5|11|12|3|11|8|6|10|3,FALSE,2,1,
2166,11,8|7|1|2|2|9|9|1|4|5|3|4|3|6|5|9|4|1|9|4|6|7|7|3|2|6|5|7|8|8|8|6|5|1|2|3,FALSE,2,1,
2167,11,4|8|6|8|2|4|3|2|9|8|8|3|2|7|6|2|9|1|1|4|3|6|4|5|1|9|9|3|6|5|5|5|7|7|7|1,FALSE,2,1,
2168,14,11|4|6|12|5|12|2|5|7|7|6|4|7|12|1|2|1|8|6|4|9|11|3|10|11|9|3|3|7|1|8|10|10|4|3|10|12|9|8|8|5|2|11|9|6|5|2|1,FALSE,2,1,
2169,14,2|7|1|5|7|11|9|11|4|4|8|5|1|6|5|11|7|4|6|8|5|10|9|12|3|2|3|12|3|2|9|8|4|11|6|3|10|10|2|9|8|7|12|1|6|1|10|12,FALSE,2,1,
2170,11,9|5|9|7|7|9|8|7|5|1|2|1|4|1|3|2|5|5|7|8|4|8|6|8|2|1|9|6|6|3|3|4|6|4|3|2,FALSE,2,1,
2171,14,2|6|8|11|9|12|10|4|4|4|6|11|3|9|7|7|3|5|5|9|7|2|11|1|1|12|2|3|5|3|2|10|10|8|10|7|8|1|5|9|1|6|8|12|12|6|4|11,FALSE,2,1,
2172,11,5|6|6|9|3|4|9|1|5|1|4|7|2|7|4|7|2|8|7|1|8|3|3|8|9|2|6|2|8|1|5|5|6|9|4|3,FALSE,2,1,
2173,14,2|1|9|11|5|4|11|2|11|6|2|3|12|5|1|9|10|8|7|6|2|6|12|10|9|10|1|3|8|9|7|10|5|4|11|7|4|7|12|8|3|4|6|12|8|3|5|1,FALSE,2,1,
2174,11,2|6|2|5|1|5|9|8|8|4|8|7|5|9|3|3|6|7|4|9|1|7|3|2|8|4|3|7|4|9|1|1|6|2|6|5,FALSE,2,1,
2175,11,7|4|7|6|8|9|1|3|2|5|2|9|1|9|7|8|5|2|3|8|1|7|4|3|1|6|9|4|4|8|5|3|2|5|6|6,FALSE,2,1,
2176,14,11|3|6|9|1|9|12|5|3|3|4|11|8|11|7|1|2|7|7|8|6|7|8|8|10|11|4|3|6|5|4|10|12|1|10|5|12|2|9|2|5|10|4|2|12|1|9|6,FALSE,2,2,
2177,14,5|3|10|7|7|9|7|3|1|1|8|12|5|4|1|3|9|11|11|1|8|5|7|2|2|4|4|9|8|12|4|9|6|6|10|3|6|8|10|11|5|2|11|2|12|12|6|10,FALSE,2,1,
2178,11,3|9|7|7|9|2|1|5|6|1|4|3|1|3|9|7|8|6|1|4|9|6|8|2|8|3|4|5|5|6|2|5|7|4|2|8,FALSE,2,1,
2179,14,2|7|4|11|5|10|5|1|2|3|12|7|9|2|1|3|9|4|12|3|9|8|11|4|4|10|11|8|8|6|7|6|11|9|10|2|12|6|5|8|1|6|7|5|3|1|10|12,FALSE,2,1,
2180,11,3|9|7|9|5|6|2|4|1|6|7|2|4|6|3|7|3|8|5|1|4|5|4|1|6|9|8|3|5|8|8|2|2|9|1|7,FALSE,2,1,
2181,14,6|3|11|8|5|3|12|10|3|7|11|8|7|1|4|7|12|4|11|2|2|5|10|10|1|1|12|10|12|4|9|7|3|9|6|2|8|11|6|2|9|8|9|4|6|5|1|5,FALSE,2,1,
2182,11,8|8|7|4|3|2|6|1|1|2|1|3|7|7|9|1|2|4|8|7|9|3|6|9|8|5|5|5|2|6|4|9|4|3|6|5,FALSE,2,1,
2183,14,7|9|4|6|1|6|7|1|7|10|11|2|5|2|12|6|2|8|4|11|4|5|3|5|10|3|9|8|12|9|3|8|1|11|8|9|11|12|2|4|10|10|5|12|6|7|3|1,FALSE,2,1,
2184,11,5|6|2|8|3|7|6|7|5|5|9|3|6|9|4|2|8|1|1|4|1|8|9|1|7|3|8|7|9|4|6|2|2|5|4|3,FALSE,2,1,
2185,11,1|8|1|3|9|5|4|2|4|4|9|7|3|7|2|9|2|8|1|5|6|8|6|3|6|4|5|7|9|1|2|6|5|8|3|7,FALSE,2,1,
2186,14,9|4|6|10|4|11|6|8|1|9|3|2|12|12|5|10|7|12|5|11|7|8|3|11|7|9|2|1|8|1|10|6|3|9|3|7|4|5|12|2|2|1|6|11|5|8|4|10,FALSE,2,1,
2187,14,8|12|7|10|2|6|4|7|11|9|4|10|6|7|9|8|3|1|2|9|4|11|2|3|2|11|3|7|8|12|10|12|5|6|1|5|9|3|12|4|11|1|5|10|1|6|8|5,FALSE,2,1,
2188,11,7|6|2|7|7|5|7|2|8|3|9|6|5|6|2|4|1|1|9|3|4|3|5|9|4|4|8|1|8|6|1|2|3|9|8|5,FALSE,2,1,
2189,14,4|12|6|7|3|7|6|4|2|2|11|4|10|2|1|9|1|8|8|10|5|12|1|11|8|10|1|2|8|3|3|10|4|9|9|12|11|7|6|7|12|6|5|5|3|11|9|5,FALSE,2,1,
2190,11,1|5|6|8|5|2|1|4|5|3|1|8|5|8|4|4|6|9|3|3|2|3|7|4|6|9|8|1|7|2|7|2|9|9|6|7,FALSE,2,1,
2191,14,3|11|8|3|2|12|1|3|7|1|10|6|6|3|6|9|12|5|7|1|8|5|11|8|2|12|6|10|8|9|9|11|2|4|7|4|12|4|9|5|7|11|4|10|5|10|2|1,FALSE,2,1,
2192,11,9|3|8|9|4|8|5|1|4|7|2|9|7|9|4|6|8|3|1|2|2|7|6|6|5|8|1|3|7|5|3|4|1|6|2|5,FALSE,2,1,
2193,11,4|3|1|5|3|5|2|4|6|7|9|4|8|7|3|4|1|9|5|8|7|8|6|6|8|2|3|9|6|7|9|5|1|1|2|2,FALSE,2,1,
2194,11,6|7|6|1|6|9|7|3|4|2|5|3|2|2|2|8|5|4|8|3|4|9|1|5|7|8|5|6|7|3|8|9|1|1|4|9,FALSE,2,1,
2195,14,7|1|6|10|12|6|5|10|2|4|5|3|7|3|4|8|4|9|9|11|11|8|12|12|3|9|11|5|6|6|8|10|5|4|2|1|11|2|7|1|10|3|12|7|8|1|2|9,FALSE,2,1,
2196,14,8|4|5|3|12|10|1|4|1|11|1|4|12|3|1|9|9|3|9|5|8|6|5|4|10|7|10|12|7|5|11|12|11|8|7|6|7|6|6|2|8|10|3|2|2|11|9|2,FALSE,2,1,
2197,11,9|2|9|9|5|4|5|3|3|5|3|8|7|8|8|1|5|6|1|6|2|7|3|4|4|1|1|7|4|6|2|8|7|2|9|6,FALSE,2,1,
2198,14,4|12|2|11|3|12|10|2|3|3|7|1|6|7|1|5|9|11|10|5|8|5|9|6|1|10|1|7|2|12|8|10|6|8|3|9|5|8|11|6|11|2|4|12|4|4|9|7,FALSE,2,1,
2199,11,7|2|5|5|3|5|8|6|9|2|2|7|3|3|4|1|1|7|3|4|9|6|8|4|4|1|9|9|6|2|7|8|6|1|8|5,FALSE,2,1,
2200,14,1|4|10|2|1|9|8|8|3|5|11|6|9|6|12|2|3|6|7|4|12|11|2|5|5|8|3|11|12|4|7|8|3|2|10|6|4|10|7|9|12|5|1|7|1|9|10|11,FALSE,2,1,
2201,14,12|1|5|10|6|3|12|8|10|6|1|9|4|5|10|11|5|4|6|8|7|11|8|2|10|9|2|3|8|11|11|3|5|4|6|12|7|1|9|4|7|2|9|12|1|7|3|2,FALSE,2,1,
2202,11,4|8|6|6|8|2|7|3|3|9|1|4|1|8|5|5|1|2|6|5|9|5|9|1|4|2|8|2|3|7|4|6|7|9|3|7,FALSE,2,1,
2203,14,3|1|3|8|4|9|1|10|5|5|7|12|10|11|2|2|6|9|4|1|8|7|11|12|12|11|5|6|4|7|12|6|10|8|2|3|2|3|8|6|11|7|4|9|10|5|1|9,FALSE,2,1,
2204,11,3|4|4|1|8|1|7|3|2|3|1|2|6|5|6|9|7|9|6|8|8|5|2|3|8|1|9|2|4|4|9|5|7|5|6|7,FALSE,2,1,
2205,14,2|12|12|11|1|10|11|2|11|5|12|8|3|7|9|3|4|4|5|10|6|10|9|7|1|12|5|2|2|5|8|4|4|9|6|10|3|8|11|7|3|1|6|7|1|8|9|6,FALSE,2,1,
2206,11,3|7|5|7|5|8|1|1|6|7|3|8|9|9|9|2|5|1|3|2|5|1|8|3|2|6|4|6|4|4|6|7|8|4|9|2,FALSE,2,1,
2207,14,4|12|12|3|2|7|10|11|9|11|8|5|12|10|1|5|10|9|7|9|11|8|8|11|6|9|6|7|3|7|10|3|4|4|1|2|6|6|12|1|5|8|2|5|1|3|2|4,FALSE,2,1,
2208,11,5|9|6|9|3|4|4|8|5|7|6|4|8|6|4|1|2|7|9|5|6|8|1|2|1|3|2|9|7|3|7|2|8|5|3|1,FALSE,2,1,
2209,14,2|10|3|4|1|5|9|4|12|11|5|1|12|10|1|2|3|8|6|6|11|8|2|9|5|7|11|3|8|12|6|2|6|11|4|5|9|7|12|8|9|7|4|10|3|7|1|10,FALSE,2,1,
2210,14,6|9|7|12|3|12|7|3|9|2|11|4|7|8|4|5|1|11|3|6|9|9|2|2|11|10|8|6|4|4|11|1|5|1|12|5|5|6|3|10|10|8|2|10|8|12|1|7,FALSE,2,1,
2211,11,7|7|4|5|1|9|6|4|8|3|4|5|8|2|9|4|6|8|1|7|2|3|2|2|5|5|7|9|9|3|1|3|1|6|6|8,FALSE,2,1,
2212,11,8|8|1|7|6|3|1|9|5|7|3|4|9|5|7|1|9|6|9|6|6|7|2|2|8|2|2|4|4|5|8|3|3|4|1|5,FALSE,2,1,
2213,14,7|1|8|9|11|6|2|9|3|10|8|11|1|1|3|6|12|10|6|9|4|3|7|3|4|7|5|1|4|8|12|12|7|9|8|11|5|10|2|10|12|11|6|2|5|2|4|5,FALSE,2,1,
2214,14,8|11|5|12|10|1|7|1|9|2|8|12|2|2|10|3|7|11|3|5|10|5|11|10|8|6|11|1|4|9|7|8|12|5|9|6|6|4|2|6|1|3|12|4|7|4|3|9,FALSE,2,3,
2215,11,8|5|6|4|4|5|8|7|1|6|4|2|2|8|9|2|3|7|2|3|5|4|5|7|6|7|6|9|3|1|9|1|1|9|3|8,FALSE,2,1,
2216,11,6|1|3|3|9|5|2|8|2|4|1|7|9|6|8|5|7|6|3|5|4|9|1|4|7|2|6|1|7|8|5|8|9|3|4|2,FALSE,2,1,
2217,14,9|12|9|6|6|7|6|2|3|8|8|9|12|7|1|8|7|11|11|5|6|4|4|7|12|3|10|3|11|2|5|1|11|10|2|5|3|10|9|1|10|12|2|4|8|5|1|4,FALSE,2,1,
2218,14,3|1|5|1|7|5|2|2|4|5|9|8|6|8|11|2|7|11|9|10|4|3|7|9|11|1|7|6|12|3|5|9|1|10|10|2|4|8|4|10|6|12|11|12|3|6|12|8,FALSE,2,1,
2219,11,6|4|2|8|8|2|8|8|7|7|4|9|6|3|4|3|6|3|9|1|7|1|9|5|4|5|5|1|1|2|3|2|6|5|9|7,FALSE,2,1,
2220,11,6|4|2|4|9|8|4|2|7|3|9|8|9|9|8|5|1|6|4|1|3|3|7|5|3|5|7|7|8|2|2|1|5|6|6|1,FALSE,2,1,
2221,14,1|9|7|10|4|3|12|3|10|8|11|7|11|1|9|5|6|8|10|7|11|4|9|7|6|2|5|2|4|9|12|5|8|12|11|12|6|2|2|1|1|8|4|10|3|5|6|3,FALSE,2,1,
2222,11,2|7|4|9|7|4|9|3|3|8|3|8|5|9|6|2|1|4|1|1|4|2|8|3|6|6|7|1|2|5|5|6|9|7|8|5,FALSE,2,1,
2223,11,7|2|4|5|9|4|3|1|7|2|5|1|3|8|1|7|8|8|5|4|8|5|7|9|1|9|2|4|6|3|9|6|2|6|6|3,FALSE,2,1,
2224,14,9|12|12|11|12|4|4|10|10|11|7|4|3|2|6|10|5|1|8|10|6|2|1|2|3|11|1|2|11|6|5|4|7|8|9|8|7|3|9|5|12|8|3|6|7|1|9|5,FALSE,2,1,
2225,11,7|5|4|8|4|1|3|9|2|3|8|4|9|5|9|7|6|6|1|7|9|8|6|3|2|1|7|2|1|5|2|4|6|5|3|8,FALSE,2,1,
2226,14,9|1|4|3|11|7|10|8|2|7|12|7|2|1|12|10|12|5|4|5|3|11|9|1|6|4|5|8|4|6|10|6|11|8|2|3|10|7|1|6|9|5|12|9|3|11|2|8,FALSE,2,2,
2227,14,5|2|4|10|11|5|10|12|12|4|12|3|9|8|4|12|6|10|5|8|7|5|11|7|9|10|2|6|4|7|3|6|8|11|2|9|1|11|6|8|1|3|7|2|3|9|1|1,FALSE,2,1,
2228,11,6|1|6|5|9|9|7|8|9|5|2|4|4|1|1|9|5|2|2|7|6|7|2|3|8|1|7|6|3|4|5|3|3|8|8|4,FALSE,2,1,
2229,11,2|1|4|3|5|3|6|4|5|6|6|2|1|8|3|4|9|5|4|7|2|5|8|9|9|9|7|6|8|7|3|1|2|7|1|8,FALSE,2,1,
2230,14,10|3|6|1|2|8|5|9|7|9|12|6|8|11|1|5|2|7|5|7|1|12|4|10|4|7|2|11|6|1|5|10|2|9|6|12|9|8|3|3|4|11|3|4|11|10|8|12,FALSE,2,1,
2231,11,5|2|4|6|1|8|9|3|5|6|7|7|5|2|5|4|7|9|1|4|8|7|8|2|3|1|9|4|9|1|8|3|6|3|6|2,FALSE,2,1,
2232,14,8|2|4|8|5|1|7|5|9|4|12|10|11|9|9|8|11|9|6|10|3|12|5|10|4|6|4|8|5|11|3|11|10|2|6|2|7|3|12|3|2|1|1|12|6|7|7|1,FALSE,2,1,
2233,14,6|1|9|9|12|2|5|10|4|11|3|4|3|9|12|5|8|8|10|3|4|7|4|1|5|5|6|6|2|12|6|7|7|11|3|1|2|8|8|1|10|2|11|10|12|9|7|11,FALSE,2,1,
2234,11,7|4|1|6|7|7|1|4|2|7|2|9|9|3|1|2|8|5|9|4|6|6|3|1|5|3|8|2|6|3|5|8|8|4|9|5,FALSE,2,2,
2235,14,6|4|11|3|10|3|3|12|4|1|11|12|12|7|9|2|6|10|2|5|1|5|10|11|7|1|6|8|4|5|12|9|7|4|9|5|2|10|8|9|11|1|3|8|6|2|8|7,FALSE,2,1,
2236,11,8|5|7|8|7|6|4|8|6|1|9|4|1|5|3|2|9|5|8|5|9|6|1|7|4|2|3|3|3|7|9|2|2|1|6|4,FALSE,2,3,
2237,14,6|7|6|5|10|4|12|3|1|10|11|7|8|2|9|12|10|5|3|11|6|2|8|4|8|8|9|4|1|9|3|5|7|4|1|12|11|3|1|2|9|12|11|2|7|6|5|10,FALSE,2,1,
2238,14,1|8|12|3|2|6|2|6|8|6|12|4|9|6|10|11|9|10|7|11|3|11|2|12|11|1|5|3|9|4|4|8|7|5|7|10|8|2|5|1|7|4|3|10|1|9|12|5,FALSE,2,2,
2239,11,3|8|3|4|9|5|7|3|1|6|1|8|5|7|4|7|6|9|2|8|2|2|9|1|4|5|6|1|7|3|8|2|9|4|5|6,FALSE,2,3,
2240,11,1|5|7|9|8|9|3|5|6|8|1|2|2|2|8|1|4|3|1|4|7|4|5|9|7|9|2|6|7|8|3|4|6|5|3|6,FALSE,2,1,
2241,11,3|1|9|5|6|4|3|8|5|4|5|7|1|6|2|6|7|2|8|5|9|9|7|9|4|3|8|1|2|4|7|2|1|3|8|6,FALSE,2,1,
2242,14,7|11|1|10|3|9|4|2|12|1|5|2|4|11|4|10|7|6|10|9|5|12|3|1|5|3|1|9|7|8|10|5|8|3|7|2|2|12|6|4|6|8|12|11|11|6|9|8,FALSE,2,1,
2243,11,8|3|4|6|2|1|8|6|3|7|1|9|3|6|2|9|9|6|7|8|4|7|2|4|5|7|9|5|8|5|1|3|1|5|4|2,FALSE,2,1,
2244,14,2|10|8|12|2|11|1|3|5|10|1|6|4|6|7|10|11|4|9|5|8|9|4|9|5|3|7|9|3|11|3|11|7|8|12|7|6|12|12|4|8|6|1|10|1|2|2|5,FALSE,2,1,
2245,11,2|8|5|2|9|1|4|3|1|3|1|5|9|8|8|2|4|7|5|4|7|7|4|3|7|9|1|3|6|2|6|6|8|5|9|6,FALSE,2,1,
2246,14,2|12|4|8|9|5|11|7|9|4|9|8|7|8|3|6|1|5|4|7|12|10|11|6|10|1|3|8|5|6|2|2|5|6|4|2|7|3|12|3|9|10|1|11|11|12|10|1,FALSE,2,1,
2247,14,9|2|10|10|1|1|7|1|4|9|1|3|7|2|12|5|9|5|8|7|4|9|12|10|11|3|8|12|6|7|10|2|3|4|2|5|11|6|5|11|12|6|4|8|3|11|8|6,FALSE,2,1,
2248,11,5|3|9|9|3|1|8|6|5|6|4|5|1|4|9|8|2|7|3|6|3|1|6|7|9|4|2|7|2|1|2|7|8|8|4|5,FALSE,2,3,
2249,11,8|1|3|5|8|5|5|4|7|3|9|3|7|9|7|6|7|9|2|2|9|4|8|4|1|6|2|2|3|4|6|5|6|1|8|1,FALSE,2,1,
2250,14,9|6|1|1|6|3|9|5|4|1|10|5|10|7|7|8|2|7|11|11|2|10|11|9|4|2|6|7|12|2|8|6|5|3|3|8|3|1|11|12|4|12|10|4|8|9|12|5,FALSE,2,2,
2251,14,11|9|9|3|5|6|8|2|10|4|11|8|8|7|9|12|2|7|1|1|11|3|7|3|6|5|6|12|12|7|1|4|10|6|5|2|3|5|4|2|9|12|4|8|10|10|11|1,FALSE,2,1,
2252,11,6|6|2|3|1|2|5|5|7|5|8|9|4|7|8|3|2|8|4|9|4|1|9|7|6|6|8|7|4|5|3|1|9|2|1|3,FALSE,2,1,
2253,11,5|1|4|4|2|4|8|9|3|5|9|8|1|5|4|7|8|3|7|2|6|9|5|6|3|1|3|6|2|7|6|9|7|2|1|8,FALSE,2,3,
2254,14,4|2|1|10|4|5|2|10|7|6|3|1|5|8|5|7|8|5|9|3|3|10|9|3|9|1|8|2|7|12|6|12|2|8|12|11|7|11|12|9|10|4|6|11|11|1|6|4,FALSE,2,1,
2255,11,2|4|9|6|5|4|5|5|9|7|2|8|8|7|8|6|6|7|5|3|1|6|3|2|2|4|8|9|3|1|3|4|1|9|7|1,FALSE,2,1,
2256,14,5|12|9|5|10|5|4|3|7|11|4|12|11|2|11|8|10|10|2|8|6|1|5|2|7|1|9|12|6|9|12|3|4|3|1|4|1|9|6|6|11|7|2|7|10|8|8|3,FALSE,2,1,
2257,14,9|8|11|1|4|11|3|3|5|1|6|10|12|3|4|8|12|10|7|12|8|2|10|11|5|2|5|1|1|2|6|7|10|6|11|7|7|9|12|3|5|9|2|4|4|9|8|6,FALSE,2,2,
2258,11,8|7|8|9|2|3|1|5|6|7|2|6|5|3|7|4|7|2|1|1|4|3|9|8|9|9|5|1|4|5|6|8|3|6|4|2,FALSE,2,1,
2259,14,6|9|10|5|11|8|4|2|9|10|1|12|12|2|2|11|1|1|8|1|5|11|4|9|11|3|4|7|3|2|4|6|5|7|12|3|5|10|8|7|10|7|8|12|9|3|6|6,FALSE,2,1,
2260,11,7|5|2|3|2|3|8|7|6|9|6|2|1|1|4|7|1|6|9|3|4|1|4|2|5|4|9|7|8|8|5|6|3|8|9|5,FALSE,2,1,
2261,11,2|8|7|7|7|2|6|2|5|9|8|3|3|6|9|8|4|1|4|8|5|4|1|1|7|3|4|9|5|3|1|5|6|2|6|9,FALSE,2,1,
2262,11,5|7|8|2|2|5|8|4|2|1|1|9|3|5|3|7|8|1|6|6|1|7|6|4|4|9|5|9|7|4|2|3|8|6|9|3,FALSE,2,3,
2263,14,8|7|5|2|8|5|7|6|4|11|3|11|6|2|11|6|4|6|7|9|5|4|3|10|8|10|4|3|7|12|1|5|10|1|9|9|11|2|1|12|9|2|3|10|12|12|8|1,FALSE,2,1,
2264,14,9|11|8|9|10|3|12|12|10|8|6|7|7|1|9|11|2|12|4|8|11|6|9|3|1|5|7|3|5|11|3|5|2|5|4|6|1|12|8|10|2|4|6|4|10|1|7|2,FALSE,2,1,
2265,11,5|5|1|4|9|9|4|7|9|7|1|2|7|6|6|8|4|8|5|3|2|8|5|7|8|3|2|4|6|2|3|1|9|6|3|1,FALSE,2,1,
2266,11,5|8|4|2|4|2|9|6|4|7|1|6|9|4|5|3|7|9|2|6|9|5|8|5|1|3|3|1|1|3|6|8|2|8|7|7,FALSE,2,1,
2267,14,6|2|6|3|10|11|10|8|7|12|12|11|5|1|9|4|8|4|10|1|12|9|1|4|7|3|2|2|7|5|10|11|8|3|5|7|9|11|12|2|3|9|1|5|4|6|6|8,FALSE,2,1,
2268,14,5|6|3|4|2|10|10|1|5|8|11|1|2|10|4|12|12|1|8|9|6|8|10|2|12|9|4|6|3|5|7|3|9|6|5|7|3|11|12|1|11|7|11|8|4|2|7|9,FALSE,2,2,
2269,11,2|3|3|7|7|2|6|9|3|5|2|5|1|6|1|9|5|9|4|8|9|4|4|1|8|2|4|3|6|5|7|1|6|7|8|8,FALSE,2,1,
2270,14,2|1|8|1|12|8|12|3|3|10|6|2|4|7|10|9|9|5|9|4|11|10|11|9|7|7|6|12|2|3|1|12|11|5|8|2|5|5|3|8|7|1|10|4|4|6|6|11,FALSE,2,1,
2271,14,2|8|7|8|6|11|7|4|3|6|12|3|1|4|4|11|2|9|5|3|3|9|9|10|12|4|10|1|5|6|12|7|5|11|8|5|10|11|9|1|7|10|1|2|6|12|2|8,FALSE,2,1,
2272,11,6|1|4|9|8|8|2|3|2|9|5|5|9|6|9|7|7|3|2|6|1|5|7|8|2|8|7|4|4|6|1|3|1|3|4|5,FALSE,2,1,
2273,11,4|9|3|9|4|8|6|2|3|3|9|1|5|8|7|7|3|7|7|5|2|6|5|8|1|4|1|5|1|9|2|8|6|2|6|4,FALSE,2,1,
2274,11,7|9|8|4|1|1|6|6|2|6|7|2|4|3|3|6|2|8|9|7|2|5|1|4|8|3|5|9|4|1|5|5|3|9|8|7,FALSE,2,1,
2275,14,1|8|9|7|4|10|10|5|4|1|12|11|7|11|11|9|12|12|6|8|4|5|11|3|3|2|7|2|9|10|3|5|8|7|6|6|9|6|12|1|8|2|4|1|2|5|3|10,FALSE,2,1,
2276,14,4|11|4|5|7|1|10|2|3|12|9|11|10|12|3|8|1|4|1|7|5|6|11|9|6|6|6|4|11|8|2|7|9|3|10|12|9|8|10|7|5|2|8|3|12|1|2|5,FALSE,2,1,
2277,14,5|10|8|12|4|11|1|2|5|9|3|4|5|12|9|11|8|6|1|1|7|7|10|4|7|9|11|6|10|6|1|3|3|3|9|7|8|6|2|5|8|12|4|11|10|2|12|2,FALSE,2,1,
2278,11,4|3|4|3|2|1|8|7|2|8|2|3|4|9|6|7|1|5|5|8|1|8|6|5|9|9|9|3|2|4|1|7|5|7|6|6,FALSE,2,3,
2279,11,2|2|9|4|1|3|9|3|1|8|5|1|4|7|7|5|9|6|8|4|5|2|2|8|1|6|6|7|3|8|5|3|9|7|6|4,FALSE,2,2,
2280,14,12|2|6|11|1|1|10|8|3|10|4|1|12|3|3|6|10|2|6|5|7|11|2|2|5|9|4|12|11|11|4|7|8|1|9|8|9|4|8|5|7|10|7|6|9|3|12|5,FALSE,2,1,
2281,14,2|8|1|4|8|10|1|12|11|5|7|6|3|8|2|12|5|11|4|11|10|6|7|7|10|7|12|5|8|11|4|3|3|4|5|9|6|6|9|1|3|2|9|10|9|12|1|2,FALSE,2,1,
2282,11,4|3|5|9|3|7|5|7|1|6|4|9|9|7|2|5|8|4|6|3|2|4|7|5|9|8|3|1|6|8|1|2|2|1|6|8,FALSE,2,3,
2283,11,6|3|5|7|5|3|2|5|7|1|7|1|4|9|9|6|6|7|8|4|2|4|8|1|1|8|5|3|3|4|9|9|6|8|2|2,FALSE,2,1,
2284,14,6|8|7|9|2|12|9|3|1|10|2|7|9|6|6|3|6|5|12|7|8|4|1|8|11|11|11|4|5|5|8|12|3|11|3|4|2|5|1|9|10|4|7|1|10|10|12|2,FALSE,2,1,
2285,14,12|11|4|3|8|1|5|4|9|8|10|12|7|8|1|1|12|6|7|9|2|10|12|2|3|4|7|6|2|8|6|10|5|2|11|1|5|10|3|11|9|7|6|9|4|3|5|11,FALSE,2,1,
2286,11,5|6|1|6|7|3|8|9|2|1|4|3|8|7|1|3|4|4|9|5|2|5|6|2|8|7|8|3|9|5|4|9|7|6|2|1,FALSE,2,1,
2287,11,2|2|6|2|9|9|1|6|6|4|5|4|5|6|4|8|4|3|9|7|7|8|2|3|9|7|3|1|7|8|1|3|8|5|1|5,FALSE,2,1,
2288,14,6|6|10|3|5|4|7|3|2|12|1|2|5|9|1|1|4|11|8|10|11|3|4|8|9|12|9|11|10|8|7|6|2|7|3|12|10|4|5|6|7|8|2|12|5|1|9|11,FALSE,2,1,
2289,11,2|9|3|8|1|5|7|6|7|2|3|8|2|1|2|1|4|1|5|4|3|9|9|6|4|8|5|5|4|7|3|6|6|9|8|7,FALSE,2,1,
2290,11,9|8|8|2|5|5|7|2|3|2|1|9|3|9|1|6|7|9|6|7|1|4|3|3|4|8|5|4|6|5|8|1|2|4|6|7,FALSE,2,1,
2291,14,6|3|11|10|10|1|2|7|8|5|5|1|4|3|8|11|3|12|2|10|4|9|2|9|11|8|12|8|11|7|1|9|4|5|2|12|6|6|3|1|7|7|5|4|6|9|12|10,FALSE,2,1,
2292,14,11|1|2|1|2|7|7|2|11|6|4|1|8|3|7|5|11|4|3|11|12|3|6|10|5|8|9|10|12|8|4|5|7|5|3|8|1|10|6|9|6|2|9|12|12|10|4|9,FALSE,2,1,
2293,11,6|3|8|7|2|4|6|3|7|8|9|4|9|2|2|5|2|1|7|4|7|3|8|9|8|6|1|3|4|6|5|1|9|5|1|5,FALSE,2,1,
2294,11,7|9|3|5|5|4|8|1|6|4|8|2|6|4|9|2|8|7|3|5|8|9|3|6|1|1|5|4|9|1|3|2|6|7|2|7,FALSE,2,1,
2295,14,1|9|12|7|4|12|1|10|9|10|9|1|5|8|12|11|8|6|3|11|3|6|4|11|3|2|7|6|5|5|9|2|2|3|2|10|11|4|4|8|7|5|7|8|10|1|6|12,FALSE,2,1,
2296,14,6|2|5|10|9|1|3|12|3|5|4|7|1|9|11|5|12|10|6|9|10|5|10|1|6|8|2|11|4|7|7|8|3|11|12|2|9|8|2|3|8|11|12|1|4|6|4|7,FALSE,2,1,
2297,11,6|7|1|3|5|9|6|7|8|5|1|4|2|7|4|8|2|9|3|1|3|8|1|4|6|5|2|2|6|3|5|4|8|9|7|9,FALSE,2,1,
2298,14,11|10|1|3|2|9|5|11|10|5|1|11|6|12|6|12|7|9|11|1|12|10|6|4|9|8|4|7|4|7|8|3|3|8|2|2|8|4|6|9|2|5|5|7|1|12|10|3,FALSE,2,2,
2299,14,7|4|5|5|2|10|10|8|11|12|10|1|6|5|4|7|5|11|11|12|3|6|9|9|1|12|3|1|8|3|2|3|9|12|2|11|1|4|2|7|10|9|6|8|7|4|6|8,FALSE,2,3,
2300,11,9|2|5|1|3|4|1|4|9|3|9|6|8|4|5|6|3|5|1|7|7|5|3|2|7|2|6|1|7|8|8|4|2|8|9|6,FALSE,2,1,
2301,14,2|3|6|8|2|5|2|4|9|3|12|8|11|10|2|7|3|11|10|10|6|9|12|1|6|8|9|11|3|1|1|8|10|4|12|5|7|4|5|1|9|7|5|6|11|12|4|7,FALSE,2,1,
2302,11,9|4|1|2|7|7|5|4|8|7|3|4|1|8|5|9|1|5|6|3|8|4|6|3|1|2|9|9|5|2|6|6|7|2|8|3,FALSE,2,1,
2303,14,7|2|2|8|12|9|10|11|1|12|10|7|7|1|5|6|12|7|8|8|6|1|11|4|1|3|5|10|9|2|3|4|3|6|11|10|6|11|12|5|5|4|3|2|9|4|8|9,FALSE,2,1,
2304,11,5|5|8|7|2|5|6|3|3|3|1|1|6|3|7|4|4|9|7|5|9|8|2|7|4|9|9|2|6|8|1|6|1|2|4|8,FALSE,2,2,
2305,11,9|4|5|3|1|7|4|7|5|9|5|8|1|6|2|6|5|3|2|4|2|8|1|9|4|3|8|8|1|7|7|9|2|6|6|3,FALSE,2,1,
2306,14,12|1|7|3|12|1|7|11|5|12|5|8|12|8|4|9|2|9|2|9|6|11|4|10|9|3|6|1|2|7|10|4|7|5|6|1|3|4|11|5|2|3|8|11|8|10|10|6,FALSE,2,3,
2307,14,1|9|6|5|7|11|11|12|6|2|2|4|7|8|5|8|3|9|6|7|12|2|6|12|3|5|10|8|10|2|11|10|8|4|1|3|1|10|11|3|12|9|1|9|5|4|4|7,FALSE,2,2,
2308,11,5|7|9|4|3|4|3|7|2|2|6|1|9|8|5|8|2|4|8|1|3|6|7|6|5|9|5|7|2|9|6|1|8|4|1|3,FALSE,2,1,
2309,11,5|8|1|1|8|1|5|8|3|5|2|2|7|6|4|9|7|2|3|6|9|1|5|3|9|4|7|4|2|7|8|9|6|6|3|4,FALSE,2,1,
2310,14,9|11|3|5|2|4|7|5|8|6|4|11|9|11|3|10|9|1|4|8|12|8|1|2|6|7|12|5|1|7|7|10|3|12|9|10|12|2|4|11|2|5|6|1|10|3|8|6,FALSE,2,3,
2311,14,4|11|8|12|2|7|10|9|7|1|2|9|3|11|4|7|10|2|8|6|5|6|5|3|6|12|4|12|1|9|9|5|3|6|11|12|10|1|11|4|10|3|7|2|8|5|8|1,FALSE,2,1,
2312,11,4|3|8|8|9|1|5|1|1|7|7|4|2|8|2|3|6|7|3|9|3|8|7|4|4|6|1|2|2|9|5|6|9|5|6|5,FALSE,2,2,
2313,14,2|3|12|8|4|7|6|6|5|11|4|2|6|3|10|2|3|11|3|8|11|8|4|9|5|9|1|1|5|5|9|2|12|12|8|10|10|7|1|7|11|1|12|9|4|6|10|7,FALSE,2,3,
2314,11,5|9|1|8|6|3|5|4|6|6|2|9|5|2|3|9|1|3|5|3|4|7|7|4|2|8|7|7|6|8|8|4|9|2|1|1,FALSE,2,1,
2315,14,3|9|5|2|11|8|10|6|11|11|5|8|7|6|10|3|8|4|6|4|7|12|7|2|12|2|12|12|9|1|6|3|1|1|10|4|3|8|11|2|4|9|9|10|1|7|5|5,FALSE,2,2,
2316,11,6|7|3|5|2|7|6|1|7|5|9|1|4|3|2|8|1|3|1|5|4|2|4|7|4|9|2|6|6|9|8|9|8|8|5|3,FALSE,2,1,
2317,14,11|7|9|4|5|12|9|7|10|2|8|3|8|1|6|3|6|2|2|4|1|11|5|1|10|3|6|4|6|7|10|9|11|12|11|12|12|9|5|8|4|10|3|5|2|8|7|1,FALSE,2,1,
2318,11,4|6|3|8|3|3|4|4|7|1|2|8|7|9|5|8|5|4|1|5|2|3|6|2|6|9|2|7|1|5|7|9|8|1|9|6,FALSE,2,1,
2319,11,8|8|6|4|6|3|9|4|8|1|8|2|4|5|1|9|2|7|3|3|2|5|9|4|5|2|6|7|7|3|1|1|7|5|9|6,FALSE,2,1,
2320,14,7|9|3|1|11|6|12|7|3|1|7|4|11|8|2|12|4|8|4|10|11|5|3|6|2|5|8|1|7|2|10|11|6|10|5|1|12|4|5|3|6|2|9|12|9|8|10|9,FALSE,2,3,
2321,11,7|2|6|3|1|2|7|3|9|4|9|5|6|5|4|6|8|8|8|5|5|6|9|4|1|1|3|4|7|3|2|2|8|1|7|9,FALSE,2,2,
2322,14,12|3|3|11|10|11|10|10|11|10|6|9|2|7|4|7|2|5|12|4|2|5|1|12|5|3|9|11|7|6|1|9|5|6|9|8|2|1|12|8|3|8|7|1|4|8|4|6,FALSE,2,1,
2323,14,7|10|12|6|2|2|12|11|8|1|6|3|6|4|12|1|10|9|3|12|5|2|11|11|1|5|10|4|9|7|1|5|9|8|9|8|6|4|11|5|7|3|10|8|7|2|4|3,FALSE,2,1,
2324,11,9|6|8|3|2|7|7|6|1|1|9|1|8|5|3|4|5|9|6|5|2|9|4|4|3|4|7|6|2|8|1|2|8|7|5|3,FALSE,2,1,
2325,14,9|11|7|11|1|8|11|12|6|1|2|3|6|3|5|2|7|5|4|3|4|10|10|10|8|4|4|1|12|1|8|11|12|9|6|3|12|7|5|2|10|8|9|6|9|5|7|2,FALSE,2,1,
2326,11,8|9|7|7|6|4|3|7|4|8|2|4|7|1|5|5|8|9|8|6|3|5|2|1|4|2|9|6|6|9|3|1|1|3|2|5,FALSE,2,1,
2327,11,8|3|7|1|7|3|2|2|5|4|8|8|3|6|6|1|1|5|3|9|4|5|9|1|7|7|4|9|2|6|8|5|2|6|4|9,FALSE,2,3,
2328,14,11|5|11|4|1|11|1|4|4|12|7|10|9|9|3|2|10|3|12|6|8|12|10|5|2|2|10|12|2|1|9|3|8|7|6|8|7|7|5|1|8|6|9|4|11|5|3|6,FALSE,2,1,
2329,11,1|3|1|2|6|7|3|7|5|1|3|5|9|6|4|2|5|6|3|6|2|9|1|8|2|7|9|4|8|4|7|5|4|8|8|9,FALSE,2,1,
2330,11,9|8|3|3|4|1|1|7|8|5|3|9|2|9|9|7|5|6|4|2|4|5|3|7|7|2|6|2|8|8|6|5|1|4|6|1,FALSE,2,2,
2331,14,4|8|10|11|7|2|5|10|11|9|3|6|8|9|12|4|5|8|2|7|12|10|5|1|11|12|6|7|9|9|8|6|3|4|2|3|5|11|7|1|4|2|12|1|3|6|10|1,FALSE,2,3,
2332,14,2|4|11|3|6|10|10|9|10|3|1|4|2|5|9|6|5|7|8|4|3|8|7|12|5|2|1|6|1|12|7|11|8|11|12|9|12|4|9|10|11|6|1|3|8|7|2|5,FALSE,2,2,
2333,14,7|10|3|1|12|9|8|12|9|7|11|3|10|1|12|1|10|2|11|5|6|6|9|8|11|9|4|7|4|2|4|3|6|2|11|8|5|10|1|5|2|7|4|5|8|6|12|3,FALSE,2,1,
2334,11,9|5|7|7|8|2|1|9|6|3|5|2|4|6|3|2|8|1|6|5|6|7|8|8|1|4|5|9|2|1|4|4|3|9|7|3,FALSE,2,2,
2335,11,3|7|1|8|5|4|1|6|6|2|2|3|5|9|9|5|4|2|3|9|8|7|2|1|8|1|6|9|3|4|6|7|4|8|5|7,FALSE,2,1,
2336,14,12|5|1|6|7|11|6|10|6|8|4|5|10|9|2|6|1|9|4|8|4|4|8|11|7|10|2|9|1|1|12|2|7|11|9|12|8|3|3|2|3|7|11|5|5|10|3|12,FALSE,2,3,
2337,14,1|4|2|4|8|2|8|3|2|7|3|11|8|1|6|1|12|5|9|7|10|5|3|10|11|1|3|11|9|5|6|12|7|6|4|5|12|10|4|12|10|7|11|8|6|9|9|2,FALSE,2,1,
2338,11,9|2|2|2|8|4|6|4|9|6|4|8|1|7|1|7|8|2|8|5|5|5|6|1|3|4|7|3|3|9|6|9|5|7|3|1,FALSE,2,1,
2339,11,5|6|7|7|1|8|4|9|6|1|1|8|8|2|2|3|4|6|7|5|6|9|4|3|5|8|2|1|4|2|3|7|9|9|5|3,FALSE,2,1,
2340,14,10|1|8|9|2|3|12|4|9|10|5|12|8|4|9|11|7|11|4|1|11|6|5|11|1|8|8|7|12|7|6|3|3|10|5|3|9|6|7|1|4|5|2|2|12|10|2|6,FALSE,2,3,
2341,11,1|6|9|7|7|9|5|5|7|8|3|2|4|9|1|1|2|3|3|9|4|5|8|1|8|2|5|2|4|6|7|8|3|6|6|4,FALSE,2,1,
2342,11,8|7|2|3|9|2|4|8|6|5|9|5|4|7|6|3|9|3|6|8|1|5|3|2|1|4|5|1|8|4|2|9|1|6|7|7,FALSE,2,1,
2343,14,1|11|6|4|12|12|2|9|12|6|9|9|5|5|1|3|7|3|9|8|11|2|2|11|7|8|10|5|8|4|10|8|1|3|1|6|10|7|4|3|7|4|12|11|2|6|5|10,FALSE,2,1,
2344,14,11|5|1|3|5|11|10|7|1|2|6|7|4|12|11|3|4|10|5|8|11|2|3|12|10|10|5|12|7|4|1|9|4|8|12|9|2|3|6|6|7|9|9|8|2|1|6|8,FALSE,2,1,
2345,11,8|2|4|3|6|3|1|2|8|3|5|3|6|7|5|4|5|5|2|9|4|7|1|9|7|2|8|9|4|7|8|1|6|1|6|9,FALSE,2,1,
2346,11,5|2|6|9|2|9|3|5|1|8|3|7|5|4|6|1|4|2|4|5|8|2|1|7|6|6|9|9|3|7|7|4|8|3|1|8,FALSE,2,1,
2347,14,1|12|2|2|6|8|4|12|6|10|1|3|1|11|6|7|3|2|5|9|5|6|1|10|12|8|11|3|7|11|8|9|7|5|4|12|10|4|9|9|10|8|11|7|5|4|3|2,FALSE,2,2,
2348,14,3|1|8|12|11|6|7|3|7|4|10|10|2|11|9|2|4|10|7|1|3|12|9|2|10|11|5|5|12|5|6|1|8|7|4|2|5|4|11|3|6|8|6|1|12|8|9|9,FALSE,2,1,
2349,14,2|5|6|1|6|2|8|4|6|7|5|4|4|5|12|10|12|9|1|11|3|4|9|11|7|7|10|9|11|3|1|6|3|12|9|10|8|12|8|8|10|1|2|7|2|5|11|3,FALSE,2,3,
2350,14,3|8|8|4|5|10|9|9|5|3|12|12|6|10|10|7|11|12|1|1|4|3|9|1|9|11|7|7|5|2|6|5|3|7|8|6|12|2|4|4|1|2|8|2|6|11|10|11,FALSE,2,1,
2351,11,5|5|6|9|1|7|5|6|3|7|7|8|1|8|9|3|6|4|5|4|1|4|9|8|3|2|8|3|1|6|2|2|4|7|2|9,FALSE,2,1,
2352,11,1|4|3|5|7|4|3|2|6|6|4|2|9|8|5|1|7|5|6|9|7|9|4|8|3|1|1|5|2|3|9|8|8|6|2|7,FALSE,2,1,
2353,11,3|2|4|1|3|8|5|9|9|1|7|2|8|6|6|5|8|4|9|7|1|2|9|5|4|7|1|3|5|3|6|4|6|8|2|7,FALSE,2,2,
2354,14,12|9|10|1|4|3|12|7|10|1|8|8|6|9|1|5|4|6|9|4|11|6|7|12|1|8|5|2|7|10|5|7|3|10|9|2|6|3|4|3|12|8|11|2|2|11|5|11,FALSE,2,1,
2355,14,10|4|1|5|10|2|9|9|11|2|6|12|5|7|8|1|7|2|11|12|6|6|8|1|3|7|4|12|11|7|2|12|10|10|8|4|11|3|5|9|3|9|8|5|6|1|3|4,FALSE,2,3,
2356,11,4|1|5|9|8|9|8|8|9|5|3|3|6|6|7|4|4|7|7|2|8|5|2|2|2|1|9|6|3|4|6|5|7|1|1|3,FALSE,2,1,
2357,11,8|7|9|2|3|7|4|6|3|6|4|1|5|5|6|2|2|1|1|8|2|5|5|6|4|4|7|1|9|9|3|8|7|8|9|3,FALSE,2,1,
2358,14,1|1|12|6|2|10|5|4|3|7|11|3|9|4|1|2|11|5|2|8|3|3|7|2|11|1|6|9|4|12|9|12|8|10|6|10|8|11|5|9|8|12|6|4|7|7|5|10,FALSE,2,1,
2359,11,5|3|8|3|2|6|9|8|7|1|7|1|6|3|8|3|5|8|6|9|2|5|9|4|1|4|4|7|5|6|1|9|2|2|7|4,FALSE,2,3,
2360,14,11|4|11|8|10|1|5|11|1|1|6|8|3|12|3|2|9|2|5|3|7|12|9|2|11|7|6|9|8|12|9|5|10|1|3|6|5|4|10|2|4|7|4|12|10|8|7|6,FALSE,2,2,
2361,14,7|8|10|12|1|12|9|4|7|8|4|5|7|2|4|8|7|9|5|6|2|3|12|8|6|9|11|6|12|10|1|5|3|2|4|6|3|11|3|2|9|11|11|10|1|10|1|5,FALSE,2,1,
2362,11,6|1|1|4|9|4|4|7|3|2|2|2|2|3|5|8|3|7|9|1|7|6|4|8|9|9|5|7|8|5|6|1|6|8|3|5,FALSE,2,1,
2363,11,5|4|7|8|3|7|6|3|3|2|2|4|1|2|8|1|2|9|6|3|6|9|7|7|6|1|9|4|9|5|1|8|4|8|5|5,FALSE,2,2,
2364,14,4|6|9|1|3|3|1|6|8|8|4|6|1|11|4|7|10|10|7|5|11|9|2|11|2|10|2|3|4|5|12|12|10|12|9|9|7|8|11|7|5|1|8|2|12|3|5|6,FALSE,2,1,
2365,14,2|12|7|10|4|7|6|1|8|7|5|6|4|4|6|3|11|9|12|10|3|8|12|2|8|1|3|11|8|2|5|2|11|6|5|1|10|7|12|10|11|9|9|1|4|5|9|3,FALSE,2,1,
2366,11,3|2|8|7|9|3|4|6|7|9|8|3|8|9|1|5|5|3|4|6|2|5|7|2|5|4|6|1|1|8|6|1|7|4|2|9,FALSE,2,1,
2367,14,6|10|1|5|9|8|7|6|12|8|12|11|3|8|10|4|4|4|12|3|7|2|5|2|7|6|4|1|10|5|11|6|7|9|3|8|9|1|11|2|9|10|2|1|3|12|11|5,FALSE,2,1,
2368,11,6|6|3|7|4|2|5|4|1|7|2|1|8|8|8|2|9|5|1|3|2|9|9|4|8|7|7|6|6|9|3|3|5|1|5|4,FALSE,2,1,
2369,11,2|9|8|6|8|7|7|9|1|5|1|4|2|4|1|4|9|8|8|1|7|3|4|7|6|3|3|6|2|2|5|3|5|6|5|9,FALSE,2,3,
2370,14,11|1|5|12|6|8|8|9|4|11|6|2|5|1|7|10|2|4|2|3|10|4|8|9|8|7|5|6|9|3|1|3|1|7|6|2|11|5|12|10|4|9|7|10|12|11|3|12,FALSE,2,1,
2371,11,9|4|1|2|2|4|3|9|8|4|6|3|9|5|5|7|8|3|2|6|7|3|6|8|1|1|7|8|5|9|7|4|2|1|6|5,FALSE,2,1,
2372,14,1|3|2|4|10|7|3|1|6|11|3|11|1|12|7|6|7|9|5|6|11|9|3|10|10|6|12|8|9|5|10|12|4|8|5|9|1|8|11|2|2|7|8|4|5|4|2|12,FALSE,2,1,
2373,11,8|9|3|6|1|2|8|8|7|8|6|3|1|7|6|2|2|4|5|1|9|3|7|3|7|2|1|4|4|5|4|9|9|5|5|6,FALSE,2,1,
2374,11,2|1|2|6|9|7|3|2|9|3|1|7|8|7|5|9|7|6|8|4|5|8|6|4|3|1|8|5|3|1|9|2|4|4|6|5,FALSE,2,1,
2375,14,7|3|7|6|8|5|1|1|6|12|6|4|3|4|10|7|2|11|8|7|1|4|6|2|11|5|11|10|4|2|9|11|10|1|12|9|12|8|10|3|12|3|2|9|5|5|9|8,FALSE,2,1,
2376,14,7|6|3|11|7|8|2|12|10|6|8|2|5|9|2|9|1|5|1|12|3|9|11|5|8|11|1|12|4|3|2|4|10|6|8|1|7|9|7|3|4|5|12|6|11|10|10|4,FALSE,2,1,
2377,14,11|2|12|8|12|8|2|6|9|7|2|5|4|1|4|11|10|4|5|10|6|1|12|2|10|7|3|6|5|9|9|1|7|10|7|12|9|11|3|8|1|3|4|11|3|8|6|5,FALSE,2,1,
2378,14,3|11|1|1|10|4|9|5|7|4|11|12|8|6|8|3|4|12|2|9|5|7|3|1|10|6|9|12|11|10|4|7|5|8|3|1|9|2|8|6|2|7|10|12|6|2|11|5,FALSE,2,1,
2379,11,4|1|4|5|6|3|6|1|5|7|4|2|6|8|3|1|3|5|9|7|8|4|2|7|6|9|8|9|2|2|3|5|9|7|1|8,FALSE,2,1,
2380,11,2|3|1|8|1|2|7|1|6|9|4|1|8|9|3|8|5|9|8|3|6|5|4|7|6|2|3|6|7|5|4|4|7|9|2|5,FALSE,2,2,
2381,14,9|5|6|3|12|4|6|12|7|1|10|5|11|6|5|2|10|10|3|8|3|5|11|7|9|9|8|2|8|1|10|9|3|4|4|2|12|11|12|2|7|8|4|6|1|1|7|11,FALSE,2,1,
2382,14,12|1|9|10|3|11|8|8|5|11|5|1|3|2|4|3|5|9|12|7|6|6|11|10|4|6|8|2|9|12|10|1|11|5|2|6|2|8|7|4|1|9|4|7|12|3|10|7,FALSE,2,1,
2383,11,7|2|6|1|8|4|7|4|5|7|6|9|4|9|8|2|5|3|8|2|1|5|8|9|5|3|9|7|3|1|2|6|4|1|3|6,FALSE,2,1,
2384,11,7|8|4|9|2|6|8|7|8|9|3|1|6|2|5|9|5|1|6|3|2|5|5|3|7|4|2|6|1|4|4|9|8|7|3|1,FALSE,2,3,
2385,14,7|7|5|12|2|1|4|6|12|9|2|6|3|12|10|9|1|8|11|3|10|5|8|3|7|6|8|6|11|1|4|9|9|12|2|4|11|10|5|3|10|11|4|8|5|7|2|1,FALSE,2,1,
2386,14,12|8|4|10|10|8|3|6|1|1|1|11|2|2|6|8|6|10|2|1|5|9|7|5|4|8|7|3|9|5|7|2|12|11|4|3|3|11|4|9|11|9|12|10|6|7|5|12,FALSE,2,1,
2387,11,4|8|3|7|2|5|9|4|9|1|1|9|6|4|6|3|3|8|1|7|4|7|6|8|2|5|2|5|2|9|7|5|1|8|6|3,FALSE,2,1,
2388,11,5|1|6|3|2|5|9|2|9|4|9|1|7|7|9|8|3|3|8|7|6|1|3|4|8|4|8|2|2|7|6|5|5|4|6|1,FALSE,2,1,
2389,11,8|7|9|6|5|7|3|6|9|6|1|9|3|2|5|2|5|9|7|1|7|6|3|4|8|1|4|4|8|8|4|5|1|2|2|3,FALSE,2,1,
2390,14,4|4|8|10|6|10|12|2|2|1|1|1|8|5|12|11|6|9|4|9|11|3|8|3|10|2|5|7|9|5|6|7|3|12|7|10|1|6|5|9|3|7|2|11|8|4|11|12,FALSE,2,1,
2391,14,4|11|11|5|6|6|6|5|10|11|9|6|2|10|11|9|9|10|8|12|12|2|5|1|4|7|4|12|7|8|2|3|10|1|12|9|1|5|3|7|1|7|4|8|3|3|8|2,FALSE,2,2,
2392,11,7|6|3|5|9|7|2|8|3|4|1|5|5|4|6|7|6|1|2|9|4|1|9|9|4|1|2|2|6|8|3|3|8|8|7|5,FALSE,2,1,
2393,11,4|8|4|7|6|5|3|2|8|8|1|6|5|8|4|1|3|7|5|9|7|5|1|6|2|9|6|9|4|2|3|2|7|3|1|9,FALSE,2,1,
2394,14,12|1|10|7|5|4|7|1|2|8|8|4|10|8|4|5|8|3|12|9|7|9|12|3|1|6|3|12|11|6|2|11|11|2|9|3|4|6|2|1|10|9|11|5|7|5|10|6,FALSE,2,1,
2395,14,5|11|9|9|6|6|2|12|4|3|11|1|5|9|7|6|2|8|3|11|12|5|7|3|2|10|9|6|2|10|7|8|4|12|11|10|10|12|5|8|4|1|7|3|1|1|4|8,FALSE,2,1,
2396,11,3|6|9|8|8|7|6|2|6|9|6|7|2|5|7|8|9|5|2|5|2|3|4|5|3|1|4|1|7|4|8|9|4|1|1|3,FALSE,2,1,
2397,11,9|4|2|2|9|8|6|8|4|7|9|5|1|2|7|3|1|8|3|6|1|3|3|4|7|7|4|8|1|6|2|6|5|5|9|5,FALSE,2,1,
2398,11,1|3|7|8|3|2|8|9|1|9|5|6|2|5|7|7|4|1|8|3|9|7|2|4|1|4|6|8|6|6|2|3|9|4|5|5,FALSE,2,3,
2399,14,11|3|6|1|9|10|9|8|10|2|9|12|5|3|11|12|10|3|4|7|1|4|11|9|5|7|7|3|8|7|4|5|6|8|5|8|4|1|6|2|6|12|12|10|2|11|2|1,FALSE,2,1,
2400,14,12|10|5|2|4|9|5|8|4|3|4|11|10|6|12|2|5|1|11|2|3|5|11|8|6|1|1|8|6|10|12|4|9|6|10|8|9|2|3|7|12|7|7|1|3|7|11|9,FALSE,2,1,
2401,11,2|4|9|7|9|4|7|6|5|5|1|6|5|7|1|9|9|8|6|4|3|2|6|8|5|3|1|1|3|3|2|4|7|8|8|2,FALSE,2,1,
2402,11,8|8|5|6|6|6|3|4|2|2|1|4|5|4|2|5|6|8|1|8|7|1|7|7|3|7|1|5|9|9|9|3|2|3|4|9,FALSE,2,1,
2403,14,10|7|9|11|2|1|4|3|7|4|3|8|2|11|8|1|3|6|9|5|12|1|7|1|5|11|8|6|4|2|12|10|5|10|12|6|11|3|8|10|7|9|6|4|12|9|2|5,FALSE,2,1,
2404,14,5|4|6|1|8|6|7|2|8|12|5|7|10|3|9|3|7|1|10|9|2|3|10|4|6|1|11|2|11|12|4|5|12|11|2|11|9|1|7|3|8|4|9|5|12|8|6|10,FALSE,2,2,
2405,11,5|3|3|4|2|6|6|5|1|8|5|4|9|7|3|2|4|4|6|7|1|7|1|1|2|8|8|7|9|8|6|5|3|2|9|9,FALSE,2,1,
2406,11,9|1|3|5|1|7|2|6|2|8|6|7|4|4|5|1|8|5|4|6|1|9|6|9|7|2|2|8|5|7|3|9|8|3|3|4,FALSE,2,1,
2407,14,12|1|5|3|10|7|2|11|2|10|5|8|11|10|5|2|7|9|12|8|1|6|4|4|4|3|6|9|8|1|9|11|2|11|6|5|7|12|3|8|3|10|4|1|6|7|12|9,FALSE,2,1,
2408,14,6|3|2|12|9|8|1|7|7|10|12|9|11|10|3|6|5|11|2|6|2|8|10|8|4|5|5|1|7|2|4|10|1|12|11|7|11|3|12|9|5|6|4|9|8|1|3|4,FALSE,2,1,
2409,14,10|9|12|5|10|6|3|6|8|4|8|2|7|8|2|1|5|1|11|7|9|11|5|12|1|1|7|2|9|3|2|6|11|10|10|9|8|3|12|12|6|3|11|4|4|7|5|4,FALSE,2,1,
2410,11,8|2|4|1|5|6|3|7|5|8|9|5|2|2|8|3|4|2|1|5|3|3|9|6|8|4|6|9|1|7|1|9|7|7|6|4,FALSE,2,1,
2411,11,8|4|8|4|7|5|9|1|8|1|3|8|1|7|6|6|2|6|2|1|9|6|5|9|4|3|3|3|5|4|9|5|2|7|2|7,FALSE,2,1,
2412,14,1|3|11|10|5|2|3|2|5|6|4|10|8|3|5|2|12|7|9|6|11|6|1|9|1|11|9|3|8|4|4|9|12|2|7|5|7|8|8|1|12|10|4|7|6|10|11|12,FALSE,2,1,
2413,11,6|4|1|9|7|9|1|9|4|1|7|7|6|7|3|3|5|4|2|8|1|6|4|5|6|3|8|2|5|2|5|9|8|8|3|2,FALSE,2,1,
2414,14,10|2|9|7|12|12|7|1|5|8|6|4|2|2|10|10|1|8|11|12|10|5|9|7|3|6|12|6|11|11|6|1|3|4|8|5|9|3|2|4|7|9|11|5|8|1|4|3,FALSE,2,1,
2415,14,7|2|8|8|9|6|5|2|11|3|2|4|1|9|12|6|10|5|8|5|1|11|7|11|7|2|7|12|1|6|6|10|4|1|3|8|11|9|4|3|12|9|4|10|3|5|10|12,FALSE,2,1,
2416,11,4|1|2|9|8|8|6|7|1|2|1|7|7|8|2|6|3|5|9|9|5|7|2|4|6|4|8|3|3|6|4|5|9|1|3|5,FALSE,2,1,
2417,11,6|7|5|9|7|8|1|3|5|4|2|8|9|2|3|8|7|4|6|2|7|5|1|1|6|9|1|4|9|3|2|6|5|4|3|8,FALSE,2,1,
2418,11,8|8|6|1|5|4|8|6|9|5|7|7|4|1|2|9|6|3|3|2|7|5|2|4|4|1|6|9|5|3|7|1|2|8|3|9,FALSE,2,1,
2419,14,10|6|11|9|11|3|6|1|9|2|4|5|8|4|1|6|12|12|2|12|2|3|10|1|8|7|3|8|5|10|8|7|4|3|12|4|2|5|6|9|5|7|11|9|7|11|10|1,FALSE,2,1,
2420,14,12|12|2|1|2|5|5|9|2|11|11|4|4|8|1|11|1|3|5|4|7|1|4|9|6|7|7|3|10|10|3|2|3|8|8|7|10|11|12|6|12|10|5|8|6|6|9|9,FALSE,2,1,
2421,14,2|6|2|9|8|1|9|5|10|8|10|6|1|7|4|10|2|3|7|4|5|2|3|9|3|4|12|11|11|5|4|6|12|11|8|12|6|10|11|3|7|5|8|12|1|9|1|7,FALSE,2,1,
2422,11,9|7|1|4|4|1|9|1|2|9|3|5|6|1|4|4|5|7|5|8|2|7|7|6|8|9|6|3|5|6|3|2|2|8|8|3,FALSE,2,1,
2423,11,5|5|9|9|8|2|1|5|4|4|7|8|1|7|1|2|2|4|8|2|6|7|6|3|4|5|9|1|6|9|3|8|3|6|7|3,FALSE,2,1,
2424,14,7|8|5|5|7|8|4|2|10|2|8|10|3|4|12|9|8|11|9|6|4|11|3|3|1|2|4|12|7|11|5|1|5|11|9|1|10|2|12|3|1|12|7|9|6|6|6|10,FALSE,2,1,
2425,14,3|11|6|7|9|12|4|1|3|3|2|5|6|2|10|8|12|7|8|11|12|11|8|7|12|10|5|6|4|11|1|3|4|8|9|2|1|5|1|10|10|5|2|6|4|9|7|9,FALSE,2,1,
2426,11,2|5|7|9|2|6|3|2|8|1|7|2|4|1|6|3|9|8|5|1|5|1|4|4|3|8|6|5|8|4|7|9|6|7|9|3,FALSE,2,1,
2427,14,9|3|8|11|6|12|9|7|11|6|7|12|5|6|10|8|5|10|9|8|2|9|12|1|2|11|1|4|1|7|4|1|6|2|8|7|2|10|5|12|3|11|5|4|4|10|3|3,FALSE,2,1,
2428,11,4|6|6|5|8|8|7|1|5|2|3|9|3|8|4|7|3|7|8|9|4|1|2|5|5|1|2|1|3|2|9|4|6|6|9|7,FALSE,2,1,
2429,11,6|4|4|2|1|5|8|9|4|7|5|1|3|2|7|7|4|9|2|9|6|3|3|1|5|7|5|6|3|1|8|9|6|8|8|2,FALSE,2,1,
2430,14,9|4|6|8|3|2|7|10|3|10|5|11|4|8|6|2|6|6|12|3|1|1|1|4|10|5|2|12|7|11|3|7|12|8|9|2|9|9|5|1|11|7|5|10|8|12|11|4,FALSE,2,1,
2431,11,4|3|7|8|5|3|8|3|3|1|2|5|1|5|7|8|1|4|6|7|9|4|6|7|8|5|9|6|9|4|2|6|9|2|1|2,FALSE,2,1,
2432,14,11|3|7|5|8|9|2|4|11|2|3|3|10|10|1|3|10|1|7|5|8|6|7|12|9|7|6|6|4|11|11|4|4|12|12|5|1|2|2|12|1|6|8|5|8|9|10|9,FALSE,2,1,
2433,11,9|4|8|1|7|3|2|6|7|9|4|8|3|1|2|3|6|8|6|2|4|5|1|3|7|9|5|7|2|5|8|5|9|6|1|4,FALSE,2,1,
2434,11,6|4|4|3|3|1|1|6|5|1|2|7|4|1|7|5|6|2|7|9|8|9|9|6|8|2|8|4|8|5|5|7|3|9|2|3,FALSE,2,1,
2435,14,5|1|11|4|7|9|8|4|10|5|6|8|2|1|2|2|6|11|7|5|3|12|12|3|10|1|8|10|4|7|4|5|12|9|8|11|7|1|6|11|6|3|12|3|10|2|9|9,FALSE,2,1,
2436,14,12|4|9|1|2|1|9|3|3|8|10|2|7|6|11|8|5|7|5|11|12|7|12|2|1|8|6|12|8|4|11|1|3|4|4|10|11|9|5|7|10|2|6|6|3|10|5|9,FALSE,2,3,
2437,14,2|2|11|10|5|5|1|8|12|11|7|8|10|4|1|12|9|6|12|3|4|1|12|5|9|6|3|11|7|1|7|5|2|7|10|10|4|9|2|3|3|4|6|9|8|11|8|6,FALSE,2,2,
2438,14,2|10|11|11|10|1|8|7|6|6|4|4|1|2|9|11|10|9|5|9|2|5|2|12|3|8|8|12|3|1|8|11|6|6|7|9|4|10|1|7|12|3|12|4|7|5|5|3,FALSE,2,1,
2439,11,5|3|9|2|3|1|9|7|9|4|8|8|2|2|5|5|4|2|6|5|7|7|1|4|1|8|7|8|6|6|4|6|3|1|9|3,FALSE,2,1,
2440,11,6|3|4|3|9|5|5|3|9|6|9|2|2|3|7|4|1|4|7|5|1|7|1|9|8|1|7|5|8|6|8|4|8|6|2|2,FALSE,2,1,
2441,11,9|3|6|9|1|1|2|4|8|4|9|6|5|7|6|5|3|8|8|5|8|2|1|1|7|7|4|2|4|3|7|5|2|9|3|6,FALSE,2,1,
2442,14,2|9|3|1|12|1|8|6|4|12|7|11|10|11|8|2|4|1|3|5|2|4|7|5|6|10|9|11|8|10|8|6|9|7|6|5|12|5|9|3|3|12|1|2|4|10|11|7,FALSE,2,1,
2443,11,3|8|7|2|8|6|9|2|5|7|7|4|9|3|1|6|3|5|5|6|4|3|6|7|1|4|9|4|1|2|5|2|1|8|9|8,FALSE,2,1,
2444,14,8|5|9|4|7|7|9|6|10|6|12|11|2|8|2|6|1|10|12|2|11|5|1|2|3|10|10|3|12|3|3|7|5|5|4|12|8|4|4|1|6|11|9|1|7|9|8|11,FALSE,2,1,
2445,11,2|9|4|6|5|8|7|3|7|2|9|9|8|9|3|2|5|4|8|1|3|1|7|6|8|1|5|3|4|6|7|1|2|5|6|4,FALSE,2,1,
2446,14,6|7|5|10|3|3|4|2|1|9|6|4|11|3|9|5|12|7|10|10|12|12|3|2|7|5|8|11|11|2|5|1|4|9|11|7|9|8|2|12|8|4|6|10|8|6|1|1,FALSE,2,1,
2447,11,6|8|7|6|1|1|3|9|3|3|6|4|7|9|1|8|7|4|3|8|2|9|6|5|2|2|4|2|5|1|8|5|9|5|7|4,FALSE,2,1,
2448,14,6|4|7|12|4|3|1|7|8|10|5|1|3|10|6|3|8|6|8|4|8|9|7|5|1|11|12|4|11|2|12|5|3|11|9|9|6|11|12|7|10|2|2|5|9|10|1|2,FALSE,2,1,
2449,11,1|3|4|2|4|8|1|6|5|3|6|9|9|5|6|1|9|7|6|7|9|4|8|8|8|7|2|1|4|3|2|3|2|5|5|7,FALSE,2,1,
2450,11,9|8|3|5|7|3|6|1|6|4|5|2|9|8|3|2|2|4|1|5|7|5|9|6|9|1|7|2|1|7|4|6|3|8|8|4,FALSE,2,1,
2451,14,3|9|11|8|11|11|6|11|10|8|3|8|2|4|3|7|7|1|9|6|10|12|12|4|1|3|1|1|9|6|5|6|10|5|10|9|2|4|5|4|5|7|2|8|2|12|12|7,FALSE,2,1,
2452,14,12|5|4|9|7|2|7|8|1|11|2|1|12|2|12|6|4|3|2|6|4|4|11|8|10|1|6|5|10|1|5|3|6|11|8|3|9|10|10|3|7|9|9|5|8|7|12|11,FALSE,2,1,
2453,11,3|2|6|3|8|1|8|5|2|7|9|4|9|2|7|9|5|3|4|1|1|9|4|6|3|8|7|5|5|7|8|1|6|2|6|4,FALSE,2,1,
2454,14,11|8|2|10|7|12|7|1|5|2|11|7|12|1|1|4|7|9|6|6|3|4|9|6|10|6|3|8|12|2|10|8|4|9|5|3|5|12|10|8|11|2|9|4|11|5|3|1,FALSE,2,1,
2455,11,5|5|9|5|4|4|4|6|8|1|6|8|3|3|7|6|7|1|9|3|9|2|7|2|1|6|4|2|2|8|7|3|5|1|8|9,FALSE,2,1,
2456,14,7|11|10|9|3|1|8|10|3|1|12|4|9|11|2|12|8|7|7|5|9|1|1|5|12|6|8|7|11|9|5|10|6|4|3|8|2|5|6|11|2|2|12|10|6|4|3|4,FALSE,2,1,
2457,14,3|4|4|5|6|1|9|2|4|3|11|3|8|1|9|7|5|12|11|10|1|7|10|8|7|10|10|11|3|8|2|9|2|9|12|6|7|12|6|1|11|2|4|5|5|12|6|8,FALSE,2,1,
2458,11,9|5|4|7|3|4|1|6|2|5|2|3|6|1|1|8|6|3|8|4|1|6|2|8|9|4|9|7|5|7|8|3|5|7|2|9,FALSE,2,1,
2459,11,2|4|5|3|3|9|7|6|1|4|4|5|6|1|4|2|9|2|8|8|6|5|9|8|1|3|6|1|7|7|3|8|2|7|9|5,FALSE,2,3,
2460,14,10|6|8|12|2|10|5|11|7|6|1|12|8|2|1|5|7|5|3|3|7|5|4|1|9|12|12|9|6|9|4|7|2|4|11|4|6|10|3|11|9|1|8|3|11|10|2|8,FALSE,2,1,
2461,14,12|12|4|1|4|2|3|2|5|5|7|1|5|8|7|11|9|4|11|3|1|8|11|10|7|10|10|6|6|8|12|6|10|2|3|2|6|8|1|9|11|4|12|9|7|5|3|9,FALSE,2,1,
2462,11,8|5|9|1|7|3|9|5|7|3|2|6|6|5|1|9|8|8|3|4|6|1|4|4|2|2|1|6|7|9|4|5|3|7|8|2,FALSE,2,1,
2463,11,7|9|2|8|1|6|5|2|6|6|1|2|3|7|9|3|5|9|4|7|6|8|7|5|2|8|4|4|8|5|3|3|1|1|9|4,FALSE,2,1,
2464,14,7|10|4|3|5|7|8|2|1|11|12|8|6|6|12|12|2|3|2|12|3|5|11|10|9|9|3|6|1|5|7|9|4|10|10|8|7|8|9|11|4|1|4|6|11|1|5|2,FALSE,2,1,
2465,14,3|4|6|7|1|11|9|3|10|2|5|1|8|10|8|5|7|10|11|9|12|1|9|8|9|3|11|2|7|4|12|2|10|3|5|12|4|12|1|6|5|4|6|2|6|7|11|8,FALSE,2,1,
2466,14,10|11|5|10|12|12|4|5|8|3|4|11|7|7|9|9|2|7|8|10|8|10|12|2|11|6|11|6|6|1|3|7|4|5|3|2|3|12|1|4|9|2|1|8|9|6|1|5,FALSE,2,1,
2467,11,6|9|7|7|3|2|9|9|1|8|1|3|9|3|5|6|7|2|6|3|5|2|1|7|5|4|4|8|8|2|4|8|4|6|1|5,FALSE,2,1,
2468,11,6|1|4|4|1|3|7|2|7|2|3|3|8|8|1|6|5|6|2|5|8|5|9|6|9|2|5|3|4|1|7|8|9|7|9|4,FALSE,2,1,
2469,14,8|2|4|12|12|1|3|5|5|6|1|1|11|7|9|9|2|2|1|7|6|7|7|2|3|3|11|5|3|10|12|9|4|12|6|8|11|10|8|10|4|9|6|4|5|10|8|11,FALSE,2,1,
2470,14,7|11|4|12|1|8|5|8|1|12|8|6|4|9|11|2|9|12|3|10|9|10|4|3|3|12|8|5|3|6|4|2|7|2|2|1|5|10|7|5|6|11|10|7|6|11|1|9,FALSE,2,1,
2471,11,6|1|6|7|8|2|6|1|9|5|8|2|3|5|9|2|9|3|4|4|2|4|7|8|6|7|3|4|5|8|7|1|9|3|5|1,FALSE,2,1,
2472,11,9|6|4|5|1|3|9|3|8|1|7|6|2|8|3|6|8|3|5|6|4|8|2|7|5|2|1|9|4|7|9|4|1|2|7|5,FALSE,2,1,
2473,14,12|12|9|7|10|11|3|3|10|4|8|12|1|5|9|6|11|8|4|5|5|8|1|12|6|6|7|2|7|9|7|11|3|4|1|1|4|2|11|10|9|2|3|6|8|5|10|2,FALSE,2,2,
2474,14,2|12|2|11|3|6|7|1|1|8|9|10|8|6|12|10|5|12|1|11|4|1|12|10|5|8|4|4|6|9|9|3|11|6|7|5|3|8|11|7|5|4|10|2|7|9|3|2,FALSE,2,1,
2475,11,3|9|8|1|6|4|8|4|3|7|9|5|1|7|8|9|3|3|6|6|1|6|7|2|4|9|7|1|2|4|2|5|5|5|2|8,FALSE,2,1,
2476,11,1|5|3|8|2|8|9|1|4|6|6|7|6|4|9|9|3|4|3|5|2|8|7|5|7|8|9|7|5|1|4|3|2|1|2|6,FALSE,2,1,
2477,11,2|4|4|9|7|3|8|3|7|9|2|8|1|7|7|6|8|4|6|5|9|6|5|2|2|1|5|6|1|5|4|3|8|3|9|1,FALSE,2,1,
2478,14,10|3|9|9|7|9|11|10|10|2|3|2|7|6|6|1|2|8|6|4|8|5|3|6|12|4|11|2|12|8|5|7|4|7|11|1|1|5|5|10|12|4|1|3|11|12|8|9,FALSE,2,1,
2479,14,12|10|11|1|1|1|1|9|5|12|10|12|9|3|3|2|5|6|9|11|8|8|11|10|6|7|4|8|4|7|2|3|3|12|5|9|8|4|11|4|5|6|2|7|7|2|10|6,FALSE,2,1,
2480,11,4|9|3|1|5|3|6|7|2|2|8|6|4|7|2|1|1|8|6|1|6|4|9|8|5|8|5|7|3|3|9|7|5|4|2|9,FALSE,2,1,
2481,14,9|6|4|8|7|11|7|8|12|12|11|6|7|3|4|2|1|9|5|6|10|4|5|6|3|8|2|9|2|11|5|10|11|12|8|10|4|10|12|1|3|9|3|5|7|1|1|2,FALSE,2,3,
2482,14,12|9|7|5|12|11|6|7|4|5|1|12|2|9|8|11|7|10|9|1|3|2|6|3|4|8|2|10|10|12|8|8|3|9|11|6|3|6|10|5|4|4|2|5|1|1|7|11,FALSE,2,1,
2483,11,2|3|6|1|2|9|8|9|6|1|4|7|4|9|8|6|4|7|2|8|5|6|8|3|3|3|7|1|9|5|7|1|5|5|2|4,FALSE,2,1,
2484,11,1|4|3|9|2|6|7|7|1|2|1|4|8|9|8|8|5|4|6|5|8|5|2|9|9|6|5|4|7|3|3|3|2|7|1|6,FALSE,2,1,
2485,14,4|11|7|3|7|6|4|12|9|8|5|6|9|5|7|11|10|2|12|7|3|4|5|9|5|8|4|6|11|1|8|12|9|11|2|10|12|10|1|1|1|3|10|6|8|2|3|2,FALSE,2,1,
2486,11,3|8|2|3|6|1|4|9|8|7|9|2|4|8|6|1|5|9|3|6|8|7|7|5|3|1|4|2|5|6|2|4|9|1|7|5,FALSE,2,1,
2487,14,3|6|7|1|12|4|1|6|4|1|7|2|3|3|10|9|10|11|2|11|10|10|11|9|5|6|11|8|4|1|2|9|6|2|12|7|4|8|8|12|3|9|5|12|5|8|7|5,FALSE,2,1,
2488,11,6|5|6|3|2|2|6|9|9|1|8|3|5|5|7|6|4|5|9|7|4|9|3|8|7|8|1|1|4|1|4|2|3|7|2|8,FALSE,2,1,
2489,14,1|9|4|12|8|4|2|7|8|5|4|3|5|11|7|10|12|3|2|1|12|10|12|9|2|3|6|1|9|5|10|4|11|7|6|2|10|9|7|8|6|3|11|11|1|8|5|6,FALSE,2,1,
2490,14,10|11|2|6|10|1|8|3|4|1|10|1|2|12|2|12|3|7|9|3|6|5|9|6|6|5|7|9|4|4|3|7|11|8|5|12|11|12|4|5|11|1|10|7|8|8|2|9,FALSE,2,1,
2491,11,8|1|6|9|2|5|1|9|8|4|7|7|5|9|8|3|5|3|6|3|1|2|3|7|4|4|6|8|4|7|2|9|6|2|1|5,FALSE,2,1,
2492,11,7|2|5|1|2|4|4|6|4|3|3|7|8|8|8|3|4|9|1|6|7|1|5|6|6|2|7|8|5|2|9|9|5|1|9|3,FALSE,2,1,
2493,14,2|6|12|3|2|5|7|5|10|5|9|5|1|8|12|2|10|4|9|12|11|6|10|4|11|8|12|2|10|7|4|3|11|9|3|1|3|4|8|9|11|7|8|7|1|1|6|6,FALSE,2,1,
2494,11,8|2|1|5|1|5|2|2|6|5|6|7|3|7|3|8|4|6|4|6|9|2|9|1|7|9|3|1|8|7|4|5|9|3|4|8,FALSE,2,1,
2495,11,3|2|3|8|6|4|2|8|2|5|5|7|9|1|6|9|6|6|3|8|8|3|5|1|4|4|2|1|5|7|7|1|9|7|4|9,FALSE,2,1,
2496,14,3|6|12|4|4|10|11|8|3|7|5|3|2|6|11|9|2|7|5|11|10|8|1|8|12|3|1|4|9|2|6|7|8|9|1|5|1|2|11|5|7|10|4|10|9|6|12|12,FALSE,2,1,
2497,11,9|8|7|1|1|4|2|8|5|7|3|9|2|3|7|6|6|6|6|8|2|3|8|4|4|5|1|4|1|3|5|7|5|9|2|9,FALSE,2,1,
2498,14,2|5|7|11|1|4|5|3|11|9|10|6|2|1|1|4|5|2|4|8|12|11|5|1|3|6|6|11|7|7|9|6|9|8|10|3|12|8|3|8|9|7|2|10|12|4|10|12,FALSE,2,1,
2499,14,9|10|10|2|4|12|6|5|1|2|8|6|4|9|12|8|8|5|7|7|11|5|1|6|11|11|7|8|7|3|3|1|12|4|1|2|3|12|10|6|4|5|9|11|10|3|2|9,FALSE,2,1,
2500,11,3|2|9|4|6|7|1|8|3|5|7|8|3|8|1|6|6|8|4|2|5|2|4|3|7|1|5|5|4|9|1|7|2|6|9|9,FALSE,2,1,
2501,14,9|12|10|10|2|2|5|4|9|8|3|6|7|7|12|1|8|3|6|11|4|9|3|12|4|11|4|5|7|1|12|1|2|5|3|8|5|6|6|1|7|11|10|8|9|10|11|2,FALSE,2,1,
2502,14,10|10|6|12|7|1|4|2|5|12|10|5|6|8|1|6|4|9|8|12|7|2|1|9|7|2|1|11|11|3|8|10|9|5|2|3|5|6|11|3|9|11|4|7|4|12|8|3,FALSE,2,1,
2503,11,1|9|2|5|2|2|9|3|1|3|6|2|8|9|1|5|1|5|5|3|7|4|4|6|8|8|6|9|3|7|7|7|4|8|4|6,FALSE,2,2,
2504,11,7|7|2|7|8|7|5|2|8|6|3|6|9|1|6|4|5|9|9|2|1|9|6|4|8|3|3|4|2|1|5|4|5|8|1|3,FALSE,2,1,
2505,11,9|5|5|1|7|7|9|8|2|3|4|1|2|7|7|6|2|1|8|5|4|8|6|5|6|3|9|8|2|4|4|1|6|9|3|3,FALSE,2,1,
2506,11,9|7|9|1|6|7|6|4|3|7|8|4|6|4|5|3|2|9|8|5|5|7|9|3|8|1|2|6|8|1|3|1|4|2|2|5,FALSE,2,1,
2507,14,4|2|9|8|7|12|11|12|2|2|5|6|2|5|4|11|11|5|12|10|5|9|12|8|1|7|9|3|4|10|9|8|1|8|1|4|3|10|7|1|7|6|6|10|3|11|3|6,FALSE,2,1,
2508,14,3|1|4|8|9|6|6|2|1|2|2|5|4|10|11|4|9|1|7|8|6|5|8|2|10|11|7|11|10|7|8|11|12|3|5|9|9|7|10|4|12|5|3|3|12|6|12|1,FALSE,2,1,
2509,11,4|6|2|7|9|7|6|5|5|7|4|9|2|3|6|1|7|2|9|3|8|2|6|8|5|5|9|8|4|3|1|1|4|8|3|1,FALSE,2,1,
2510,14,10|11|10|7|1|6|2|8|3|3|10|2|3|9|8|6|7|1|9|4|1|6|11|5|11|12|7|1|8|8|12|10|6|5|4|9|11|4|5|2|9|12|2|7|12|5|3|4,FALSE,2,1,
2511,14,9|2|1|4|9|8|11|4|1|2|9|4|10|3|8|6|7|12|11|12|7|10|1|1|5|5|8|11|7|12|5|6|3|2|3|11|2|10|10|8|12|4|6|6|3|5|7|9,FALSE,2,1,
2512,11,6|9|3|9|7|2|8|2|4|4|6|1|9|1|5|6|9|6|3|5|3|1|5|7|7|8|1|2|7|4|2|4|8|5|3|8,FALSE,2,1,
2513,14,1|1|9|11|10|7|3|10|6|12|11|3|11|6|10|2|7|8|5|2|11|6|4|12|3|8|4|9|2|7|5|9|6|4|9|7|8|2|5|8|4|10|1|3|5|12|1|12,FALSE,2,1,
2514,14,1|2|8|7|6|8|3|7|9|1|4|5|1|10|4|3|8|6|11|2|6|1|5|12|2|4|2|12|11|10|7|6|11|8|5|10|7|3|3|10|5|9|9|12|4|11|12|9,FALSE,2,1,
2515,11,3|9|6|8|5|6|1|8|4|4|5|5|4|7|5|3|7|6|9|3|7|1|3|4|2|9|2|1|2|7|1|2|6|8|9|8,FALSE,2,1,
2516,11,8|5|8|3|5|1|7|6|9|1|7|7|1|6|2|4|3|7|6|6|2|5|9|3|4|5|9|8|3|2|4|1|8|9|2|4,FALSE,2,1,
2517,14,9|1|2|1|10|3|6|9|3|2|1|11|11|7|7|4|4|11|12|8|9|7|5|8|8|6|2|12|7|3|5|8|6|9|1|12|3|10|4|5|10|10|11|2|4|5|12|6,FALSE,2,1,
2518,11,4|4|2|1|9|8|1|3|9|2|6|6|4|5|5|8|6|7|1|2|5|3|9|3|6|8|7|1|4|8|3|5|7|2|9|7,FALSE,2,1,
2519,14,12|9|2|2|8|4|4|5|10|5|5|11|10|3|4|6|9|2|12|7|10|2|12|1|3|8|4|3|1|8|11|12|11|11|3|6|7|9|8|6|7|7|1|1|10|5|6|9,FALSE,2,1,
2520,11,1|6|2|3|8|4|2|5|2|8|3|6|1|9|7|8|3|6|7|5|3|5|7|5|2|1|6|1|7|4|9|8|9|4|4|9,FALSE,2,1,
2521,11,7|5|7|5|2|8|4|7|1|8|4|7|6|1|3|8|9|3|6|9|1|3|8|6|9|5|9|5|2|2|4|3|1|6|2|4,FALSE,2,1,
2522,11,9|8|7|8|9|6|5|6|7|2|3|8|3|1|1|1|4|2|9|8|5|4|3|3|4|1|6|6|5|7|7|9|5|2|2|4,FALSE,2,1,
2523,14,11|8|5|11|12|1|11|9|9|2|7|4|7|11|4|12|8|5|5|2|8|1|3|10|3|10|7|2|3|6|8|10|1|9|6|4|5|12|9|7|6|10|3|4|2|1|12|6,FALSE,2,1,
2524,14,8|2|5|1|11|2|10|2|3|4|10|9|4|8|4|11|6|5|7|6|3|9|7|12|1|2|6|5|6|4|7|12|1|11|11|7|8|3|12|3|10|9|12|5|9|1|10|8,FALSE,2,1,
2525,14,1|11|8|8|7|7|9|11|3|3|7|4|12|3|10|4|9|4|10|12|6|6|7|11|1|5|2|8|11|2|3|6|5|5|12|10|2|10|1|5|4|2|1|9|12|9|6|8,FALSE,2,1,
2526,11,5|7|1|2|9|8|4|3|3|4|8|1|1|7|1|2|2|9|2|4|3|9|8|5|7|7|5|4|6|8|6|6|9|5|6|3,FALSE,2,1,
2527,14,9|10|5|2|4|12|1|12|3|12|5|5|10|11|10|4|2|9|4|8|1|7|3|2|6|7|3|5|6|11|9|8|6|8|9|1|11|4|8|12|7|1|6|2|7|10|3|11,FALSE,2,3,
2528,11,4|4|9|4|6|6|5|6|6|7|8|3|1|2|5|9|5|2|7|1|3|3|1|8|2|5|4|1|7|7|3|8|2|8|9|9,FALSE,2,1,
2529,11,3|7|6|2|3|4|5|6|2|1|6|8|3|4|7|7|1|8|5|1|8|2|4|2|9|8|7|6|1|9|9|9|5|4|5|3,FALSE,2,1,
2530,14,2|9|5|5|9|5|1|7|2|12|1|10|7|3|8|8|10|6|4|10|2|8|7|3|3|4|6|6|7|11|11|10|3|9|12|1|6|11|12|4|1|12|2|9|8|4|11|5,FALSE,2,1,
2531,11,2|4|4|3|9|2|6|8|5|7|7|6|8|1|2|6|8|1|7|9|1|9|3|1|5|5|4|7|2|4|3|8|9|6|5|3,FALSE,2,1,
2532,14,2|10|9|7|6|6|1|2|12|4|4|5|9|11|4|11|1|9|5|8|3|6|1|7|5|1|3|2|3|10|8|11|6|9|2|8|12|5|11|7|10|10|3|7|4|12|12|8,FALSE,2,1,
2533,11,1|8|9|4|2|5|3|4|6|8|9|6|8|1|1|2|9|3|4|5|7|4|7|7|9|2|7|8|6|3|2|5|1|6|3|5,FALSE,2,1,
2534,14,11|9|8|4|2|8|8|4|1|3|9|8|7|2|6|10|1|6|3|4|12|6|2|7|12|12|1|11|3|6|11|2|5|3|9|5|11|9|5|4|1|10|7|7|12|5|10|10,FALSE,2,1,
2535,11,6|2|7|9|5|9|3|6|4|5|5|5|1|7|7|1|8|9|3|9|2|1|8|7|6|4|4|1|2|8|2|3|4|3|8|6,FALSE,2,1,
2536,14,3|6|8|12|2|3|4|9|4|5|9|8|2|10|11|10|9|7|11|11|3|1|8|11|6|5|5|3|10|12|2|7|9|8|4|4|10|1|5|7|6|6|7|12|2|1|1|12,FALSE,2,1,
2537,11,8|8|3|4|9|4|3|5|9|1|7|6|6|6|1|7|3|7|5|9|3|2|1|6|4|4|7|8|2|2|9|5|1|8|2|5,FALSE,2,1,
2538,14,11|2|6|6|10|7|5|10|6|12|5|4|3|11|10|1|8|9|11|8|11|5|4|12|2|4|1|2|3|10|1|8|9|2|1|7|6|8|9|4|5|12|7|3|7|9|12|3,FALSE,2,1,
2539,14,6|1|11|10|3|11|4|1|3|12|1|9|10|4|7|2|7|6|10|10|2|7|12|4|2|11|9|6|12|8|5|11|8|6|9|12|4|8|8|7|3|5|5|2|3|1|9|5,FALSE,2,1,
2540,11,5|9|3|2|4|6|1|3|3|3|7|1|1|7|6|9|4|2|1|9|8|4|8|9|4|7|6|2|2|5|6|8|5|8|7|5,FALSE,2,1,
2541,11,6|9|2|2|7|6|8|5|9|1|7|5|6|8|1|4|6|9|1|2|8|9|5|3|1|4|4|7|3|5|3|7|3|8|2|4,FALSE,2,1,
2542,11,5|7|3|1|6|8|5|4|9|8|1|8|4|3|6|4|9|9|6|5|8|7|5|3|3|2|1|7|6|2|2|4|1|2|9|7,FALSE,2,1,
2543,14,9|11|11|9|12|11|1|3|11|2|12|5|6|7|8|5|3|12|9|7|4|8|4|2|5|2|7|10|8|9|7|1|6|3|10|12|2|6|6|4|10|5|3|4|1|1|8|10,FALSE,2,1,
2544,14,11|3|2|9|3|11|12|4|6|1|12|4|6|9|10|2|10|10|5|2|8|12|6|7|12|1|4|8|11|1|10|2|8|3|5|7|7|1|5|8|7|9|6|11|4|9|5|3,FALSE,2,1,
2545,11,4|4|1|7|8|3|8|8|9|4|8|3|9|1|2|1|7|1|2|6|7|5|5|5|3|7|2|6|9|5|4|6|9|3|6|2,FALSE,2,1,
2546,11,9|5|5|1|9|1|2|7|3|9|2|4|3|6|3|2|8|7|1|9|5|4|6|2|1|4|4|8|3|7|8|8|6|6|7|5,FALSE,2,1,
2547,14,12|11|7|5|11|2|12|10|2|7|9|9|4|10|7|6|3|5|12|3|6|5|10|1|1|6|12|2|4|8|8|6|1|7|3|3|11|11|1|5|2|4|10|8|9|8|4|9,FALSE,2,1,
2548,14,5|1|11|2|4|2|8|11|12|11|4|1|7|7|3|11|5|9|9|9|1|4|4|9|10|12|7|5|6|8|8|5|6|2|10|1|3|8|6|3|10|6|12|12|2|3|7|10,FALSE,2,1,
2549,11,7|5|5|6|9|7|8|8|8|1|8|3|3|4|9|7|2|6|9|5|1|3|2|6|9|1|1|3|4|7|4|6|4|5|2|2,FALSE,2,1,
2550,14,6|12|11|5|3|9|10|1|2|2|9|4|7|12|5|4|10|6|1|7|1|2|11|4|11|5|7|4|6|8|8|7|8|9|12|5|1|3|11|2|6|3|10|9|3|12|10|8,FALSE,2,1,
2551,14,7|5|4|5|2|2|3|6|11|9|4|3|7|5|2|11|3|7|8|5|6|12|6|10|8|11|8|9|9|7|10|10|2|3|1|11|1|12|10|6|1|8|1|12|4|12|4|9,FALSE,2,1,
2552,11,2|6|4|5|7|5|3|7|6|9|2|9|9|4|3|3|7|5|9|7|4|8|1|4|8|2|1|6|2|3|8|6|1|8|5|1,FALSE,2,1,
2553,11,9|7|9|3|6|7|1|9|8|1|4|3|5|6|5|5|6|4|4|4|7|8|1|5|2|8|9|2|8|3|2|6|7|3|1|2,FALSE,2,1,
2554,11,6|5|8|4|9|3|6|3|9|9|5|1|4|6|8|3|8|7|8|1|6|5|7|2|7|5|9|1|4|2|2|1|3|2|4|7,FALSE,2,1,
2555,14,8|3|5|4|8|10|8|12|10|9|6|4|12|10|9|4|5|6|4|7|3|7|8|11|10|11|9|12|11|7|7|3|2|5|2|1|2|2|6|6|1|3|9|1|12|1|11|5,FALSE,2,1,
2556,14,9|6|2|7|2|12|4|10|8|4|1|1|5|4|7|8|12|9|3|1|5|2|12|3|8|7|12|9|9|11|11|5|10|5|10|4|8|1|11|2|6|11|6|7|3|10|6|3,FALSE,2,1,
2557,11,4|4|9|6|2|8|8|2|3|7|2|4|9|9|5|5|8|1|5|5|1|4|3|1|6|2|7|6|9|8|3|1|7|3|6|7,FALSE,2,1,
2558,11,2|9|8|7|4|3|7|1|9|6|8|7|5|5|8|6|2|8|9|5|1|6|2|1|9|6|3|1|4|3|5|4|4|7|3|2,FALSE,2,1,
2559,14,5|5|11|10|2|2|6|6|9|1|9|12|10|3|10|4|12|6|5|9|7|8|4|2|3|1|4|6|8|11|7|5|8|11|10|12|1|3|7|1|3|2|4|8|11|7|12|9,FALSE,2,1,
2560,14,3|5|5|9|5|8|2|1|9|6|7|3|6|2|8|7|11|12|12|1|1|4|7|11|9|4|10|5|6|10|12|12|8|11|7|3|6|11|4|10|9|4|1|2|8|3|2|10,FALSE,2,1,
2561,14,9|4|11|9|12|11|3|7|10|1|11|5|6|3|6|7|11|10|2|4|3|1|12|12|10|12|7|5|6|8|10|9|5|8|4|7|2|8|3|2|1|1|8|4|6|2|9|5,FALSE,2,1,
2562,11,6|4|6|3|6|5|5|9|2|5|9|3|8|7|5|8|1|2|2|1|8|8|3|6|7|4|7|1|1|2|4|9|7|4|3|9,FALSE,2,1,
2563,14,12|1|3|10|5|2|4|8|6|7|9|8|7|10|2|6|6|3|5|1|5|9|8|4|9|1|11|4|12|2|1|4|10|3|5|6|3|12|10|8|2|11|12|11|9|11|7|7,FALSE,2,1,
2564,11,7|1|4|5|6|2|9|4|6|6|2|7|3|4|9|3|1|7|5|6|8|1|5|8|9|3|9|3|8|5|8|1|2|4|2|7,FALSE,2,1,
2565,11,7|3|4|1|4|8|5|1|8|9|7|2|4|6|4|3|2|7|8|6|3|9|2|9|8|6|1|5|5|9|1|7|6|5|3|2,FALSE,2,1,
2566,14,9|12|5|11|2|4|5|11|10|4|1|1|7|1|4|3|2|7|7|6|9|3|7|8|10|12|8|10|1|8|5|12|3|11|12|2|3|6|11|9|5|2|10|9|6|8|4|6,FALSE,2,1,
2567,14,8|11|4|7|10|7|10|8|12|9|2|9|11|7|5|7|3|9|6|4|3|12|10|2|9|11|5|2|10|1|1|4|1|5|12|4|11|6|3|12|1|6|8|5|6|8|2|3,FALSE,2,1,
2568,11,7|3|8|6|3|5|8|2|2|2|1|1|4|5|6|4|3|5|9|7|8|3|1|9|6|4|6|1|9|4|8|7|5|2|9|7,FALSE,2,1,
2569,11,4|5|9|1|4|7|6|5|4|6|8|3|6|2|2|2|9|8|9|7|4|5|7|2|5|3|1|8|3|1|9|6|1|8|7|3,FALSE,2,1,
2570,14,11|2|12|5|7|10|8|6|3|4|5|6|6|9|10|3|9|1|3|12|9|11|2|1|7|8|11|1|2|3|4|4|12|2|8|12|7|7|10|9|8|1|10|11|5|4|6|5,FALSE,2,1,
2571,14,1|4|3|6|10|7|11|6|9|3|3|10|4|12|5|1|9|10|12|4|12|11|5|6|11|2|11|6|1|8|8|2|2|7|4|12|1|2|8|7|5|5|7|9|8|3|9|10,FALSE,2,1,
2572,11,8|2|3|7|9|3|3|9|2|5|9|1|6|4|5|3|7|8|4|5|4|2|6|2|4|7|9|8|1|8|7|6|5|1|6|1,FALSE,2,1,
2573,11,6|4|2|3|1|1|7|9|9|5|6|5|6|9|1|4|3|5|8|2|7|5|7|8|4|2|7|3|8|6|9|3|2|1|8|4,FALSE,2,1,
2574,14,7|8|3|4|11|6|9|5|1|12|12|4|2|8|1|8|9|3|11|10|1|12|6|11|6|2|3|7|6|3|11|10|7|4|7|10|9|5|8|10|4|9|12|5|5|2|2|1,FALSE,2,1,
2575,14,7|5|2|3|3|1|7|5|9|4|3|8|2|5|9|1|11|7|3|2|4|9|11|10|1|12|12|7|1|8|10|6|8|6|12|8|2|11|12|9|11|6|4|5|10|4|10|6,FALSE,2,1,
2576,11,9|5|2|4|4|7|4|7|3|5|1|6|9|1|7|9|2|1|6|1|8|6|3|3|9|7|6|3|2|8|8|5|8|2|4|5,FALSE,2,1,
2577,14,10|1|6|12|5|2|12|12|2|8|7|4|8|6|7|6|2|9|7|4|5|4|2|1|3|9|9|11|10|1|11|10|5|5|8|9|11|3|12|8|10|7|6|1|4|3|3|11,FALSE,2,1,
2578,11,7|7|5|1|8|3|3|4|9|9|8|2|6|6|4|8|4|2|1|9|7|6|6|4|1|3|2|5|7|2|5|9|5|8|1|3,FALSE,2,1,
2579,11,2|3|6|9|5|1|2|5|4|3|4|6|3|7|7|3|6|1|9|4|7|9|1|6|5|1|2|8|5|8|2|8|9|7|4|8,FALSE,2,1,
2580,14,2|10|6|10|1|5|7|11|9|2|6|8|7|5|5|1|8|6|5|1|1|10|8|4|12|7|7|4|3|9|12|2|9|12|9|3|3|8|11|2|11|4|4|12|11|10|3|6,FALSE,2,1,
2581,11,5|2|2|6|8|6|9|2|1|7|1|9|5|7|8|3|3|2|1|5|3|9|5|7|9|4|4|6|4|6|7|4|1|3|8|8,FALSE,2,1,
2582,11,6|5|3|9|3|1|2|5|9|4|2|2|7|6|6|5|9|6|4|4|9|7|3|8|7|2|8|1|1|4|1|5|7|3|8|8,FALSE,2,1,
2583,14,2|3|10|8|2|1|6|1|12|2|8|1|11|11|10|12|4|5|2|9|10|3|9|6|5|8|5|6|5|1|7|9|8|7|11|11|4|9|3|7|4|10|6|4|12|12|3|7,FALSE,2,1,
2584,14,8|7|11|8|9|3|8|2|7|4|8|1|7|5|4|5|6|3|2|9|4|4|10|6|10|2|12|7|12|1|11|12|1|5|3|9|5|10|3|6|11|9|6|2|12|10|1|11,FALSE,2,1,
2585,11,6|5|7|1|7|3|7|5|2|6|8|5|3|7|4|8|4|1|9|3|8|9|2|6|3|1|4|9|5|9|8|2|1|4|2|6,FALSE,2,1,
2586,14,9|9|10|6|7|3|3|4|11|5|9|6|10|12|7|11|12|7|1|5|5|8|4|3|2|2|5|6|8|12|8|12|9|7|2|1|11|1|10|6|2|4|11|3|4|10|8|1,FALSE,2,1,
2587,14,8|5|11|12|1|7|4|3|1|9|5|7|11|11|12|5|1|4|6|8|6|12|9|1|4|10|11|5|10|8|10|6|2|7|10|4|9|12|3|7|2|3|2|3|8|6|9|2,FALSE,2,1,
2588,11,1|5|1|7|3|3|8|2|8|5|2|4|2|7|4|6|6|5|7|1|1|8|5|6|3|9|9|9|8|3|4|7|4|9|6|2,FALSE,2,1,
2589,14,6|10|4|9|11|6|2|1|7|8|11|5|6|8|4|2|1|5|3|3|10|2|1|10|9|7|8|7|11|12|9|3|12|5|3|12|7|8|1|11|5|9|4|4|12|2|6|10,FALSE,2,1,
2590,11,9|6|4|8|8|3|5|2|2|9|3|5|8|9|2|3|6|7|7|9|2|7|1|1|1|4|4|6|1|8|7|3|6|5|4|5,FALSE,2,1,
2591,14,5|6|3|1|6|6|7|12|11|4|4|7|10|9|3|2|12|8|5|11|2|9|11|6|4|10|12|11|8|3|7|1|8|9|12|10|10|2|8|5|3|2|1|7|4|5|9|1,FALSE,2,1,
2592,11,6|8|2|6|8|5|2|1|5|8|6|3|6|1|1|5|7|9|5|4|3|8|9|4|4|9|3|7|2|7|3|2|9|1|7|4,FALSE,2,1,
2593,11,5|4|5|7|1|3|7|8|4|3|6|4|9|4|2|6|2|1|5|5|9|6|7|8|1|8|2|3|9|1|6|7|8|2|3|9,FALSE,2,1,
2594,14,2|1|9|4|5|10|1|8|12|11|6|1|3|6|7|7|5|1|8|11|3|12|12|4|3|12|7|8|11|5|2|6|9|9|3|7|2|10|4|5|4|10|2|11|9|6|10|8,FALSE,2,1,
2595,11,1|4|5|1|7|3|7|6|7|8|4|9|7|8|4|8|8|3|2|3|9|9|1|6|5|5|2|5|4|2|3|6|1|2|6|9,FALSE,2,1,
2596,14,12|4|10|10|2|11|12|2|9|9|6|9|1|6|5|10|8|4|7|2|1|3|7|4|7|1|11|12|8|6|12|3|5|7|11|2|1|9|10|5|8|8|4|11|5|6|3|3,FALSE,2,1,
2597,14,8|6|8|7|6|5|5|12|1|1|12|4|10|11|12|11|3|10|6|8|1|3|5|7|11|8|7|9|9|1|4|4|2|5|2|4|12|10|2|7|2|6|9|10|9|3|11|3,FALSE,2,1,
2598,14,7|10|12|2|12|3|1|5|2|11|4|2|4|5|3|7|8|6|9|6|2|12|1|11|1|10|4|3|10|3|8|9|7|11|9|8|11|9|5|6|8|6|10|12|7|1|5|4,FALSE,2,1,
2599,11,3|5|4|3|9|8|8|6|2|4|1|7|6|5|7|7|2|5|3|6|2|6|7|5|1|9|1|3|9|8|4|2|8|1|9|4,FALSE,2,1,
2600,11,6|4|8|4|8|1|2|5|9|7|8|5|9|1|3|3|6|5|8|4|2|7|2|3|1|4|7|2|7|6|9|1|3|9|5|6,FALSE,2,1,
2601,11,6|9|1|5|9|1|1|7|3|9|6|5|5|8|4|6|4|3|6|7|2|7|4|1|2|9|2|8|8|3|8|7|5|3|2|4,FALSE,2,1,
2602,11,9|2|7|4|7|6|9|6|3|8|7|9|7|1|3|6|6|8|5|4|4|1|3|1|2|2|8|9|4|3|5|2|5|8|5|1,FALSE,2,1,
2603,14,2|3|9|12|11|8|1|12|5|1|5|11|3|8|4|7|12|3|4|4|4|11|10|2|11|8|10|1|2|2|3|6|9|12|5|9|1|7|7|10|8|5|6|9|6|7|6|10,FALSE,2,1,
2604,14,5|12|1|8|11|4|1|1|1|3|2|10|5|11|10|11|7|6|7|9|4|3|2|12|4|9|12|7|2|3|7|6|6|4|11|9|12|5|2|8|8|10|3|6|5|8|10|9,FALSE,2,1,
2605,11,7|2|8|8|9|6|3|9|1|2|4|2|2|3|9|9|3|1|8|8|4|1|5|6|5|7|4|6|5|7|3|7|1|4|5|6,FALSE,2,1,
2606,14,5|5|8|4|10|2|3|11|3|4|4|11|2|1|3|7|9|12|5|2|11|3|1|6|7|8|1|12|4|7|1|6|6|9|5|8|8|12|10|6|10|11|9|10|7|2|12|9,FALSE,2,1,
2607,14,7|11|8|3|9|10|8|6|7|11|5|4|6|5|2|4|1|3|3|3|9|8|12|9|1|12|8|10|12|5|6|5|1|12|4|2|10|7|7|4|10|2|11|6|11|2|9|1,FALSE,2,1,
2608,11,4|3|3|6|1|4|7|4|3|9|9|5|4|6|8|1|3|5|9|2|7|5|7|8|9|8|2|6|1|7|2|8|2|6|5|1,FALSE,2,1,
2609,14,8|3|9|2|2|4|1|4|10|10|7|8|6|9|5|1|1|9|4|5|11|11|2|12|6|7|12|5|5|3|1|7|4|9|3|8|10|2|10|7|8|6|12|3|6|11|12|11,FALSE,2,1,
2610,14,5|10|3|7|11|12|11|8|12|4|6|10|6|1|9|7|4|2|5|11|12|11|8|1|3|3|1|10|9|7|7|2|1|8|12|4|6|5|2|5|6|9|10|8|2|9|4|3,FALSE,2,1,
2611,11,3|5|1|6|9|5|3|7|8|9|1|8|7|2|1|4|7|5|1|6|2|2|8|4|7|3|6|2|6|3|4|9|5|8|9|4,FALSE,2,1,
2612,11,4|3|7|2|6|2|8|8|1|7|5|3|8|7|6|8|9|6|5|3|9|9|5|7|1|1|9|1|4|4|6|4|2|3|2|5,FALSE,2,1,
2613,14,8|9|7|7|4|1|5|2|6|3|10|5|6|6|12|5|1|11|3|9|2|4|8|8|10|12|7|10|3|10|3|2|6|12|4|9|12|1|11|11|1|8|2|7|5|11|9|4,FALSE,2,1,
2614,11,3|3|8|7|1|7|4|8|7|9|5|1|6|2|9|8|6|5|3|3|6|2|5|4|5|1|4|1|9|4|2|7|9|8|6|2,FALSE,2,1,
2615,11,6|2|3|3|2|1|7|4|6|2|5|7|9|2|9|5|4|8|9|1|8|3|5|7|8|5|4|7|9|8|6|3|1|4|6|1,FALSE,2,1,
2616,14,4|5|11|4|10|12|7|2|5|4|2|1|7|5|10|9|10|3|8|12|6|10|6|1|1|9|3|9|8|1|12|2|3|11|4|3|12|11|6|7|2|6|7|11|8|5|9|8,FALSE,2,1,
2617,11,9|7|8|6|7|8|2|6|1|5|3|9|4|4|1|2|1|9|8|3|3|2|5|4|8|3|4|2|9|7|1|6|7|5|6|5,FALSE,2,1,
2618,14,4|6|12|5|3|2|7|4|5|10|5|4|7|8|7|9|9|1|4|5|8|12|6|10|10|1|8|2|11|3|11|9|7|10|12|6|8|3|11|3|1|2|12|2|9|1|11|6,FALSE,2,1,
2619,11,5|5|9|5|4|6|8|4|2|9|8|2|7|7|7|3|1|3|8|1|2|3|4|3|2|8|1|9|4|9|6|1|6|7|5|6,FALSE,2,1,
2620,14,6|7|8|1|11|11|3|6|5|11|10|12|4|10|8|5|9|9|2|11|3|9|3|8|1|7|1|12|4|12|5|2|12|7|2|8|5|2|4|7|6|10|4|6|10|1|9|3,FALSE,2,1,
2621,14,6|2|12|11|3|10|7|7|2|4|10|2|12|5|1|8|12|10|4|9|4|3|7|12|1|3|5|9|7|9|5|10|5|11|8|6|1|11|8|1|4|6|2|3|8|6|9|11,FALSE,2,1,
2622,14,5|8|2|6|6|1|11|1|12|5|9|10|1|3|4|11|2|10|5|4|4|3|6|7|2|10|8|10|6|4|1|8|11|5|9|11|7|3|9|8|7|9|12|2|12|3|12|7,FALSE,2,1,
2623,11,1|1|6|4|6|6|1|7|4|2|9|9|7|8|8|5|8|2|8|9|7|3|2|1|5|4|7|3|9|6|3|5|3|4|2|5,FALSE,2,1,
2624,11,5|4|8|3|2|2|4|7|9|6|2|3|7|4|9|2|5|5|3|8|6|1|7|1|4|9|6|7|3|8|9|5|6|1|1|8,FALSE,2,1,
2625,11,2|9|4|5|8|6|9|7|3|6|1|2|7|2|7|6|3|1|9|8|3|4|1|5|1|4|9|7|5|2|8|8|5|4|6|3,FALSE,2,3,
2626,14,2|7|6|7|6|7|10|2|9|8|2|1|9|10|5|11|7|6|9|8|5|11|4|3|11|8|12|1|5|11|4|1|2|9|10|4|8|12|12|12|3|3|10|6|3|4|5|1,FALSE,2,1,
2627,14,9|1|7|11|11|2|5|4|3|11|5|8|12|6|7|5|9|8|6|12|10|7|4|9|10|12|3|7|8|10|6|3|6|2|8|12|3|1|4|1|9|1|10|2|4|2|11|5,FALSE,2,2,
2628,11,3|7|1|9|8|1|2|5|6|4|6|9|8|3|6|4|7|4|2|4|2|3|6|8|5|7|7|2|5|9|1|5|9|8|1|3,FALSE,2,1,
2629,14,10|5|11|8|2|5|2|12|4|12|7|1|3|3|8|2|5|12|6|9|9|1|11|6|4|6|1|7|4|10|9|8|8|3|1|10|10|11|3|6|5|9|12|11|4|7|7|2,FALSE,2,1,
2630,11,6|3|2|1|8|7|1|9|4|5|8|6|5|8|6|9|3|4|3|2|4|4|1|7|7|1|2|6|7|5|2|9|5|8|3|9,FALSE,2,1,
2631,11,2|2|3|8|3|3|6|6|3|5|1|4|9|9|4|8|9|1|8|9|1|5|7|5|2|6|7|4|2|7|6|4|1|8|7|5,FALSE,2,1,
2632,14,2|12|12|8|7|8|1|2|10|10|1|11|7|5|9|11|10|2|3|3|9|9|2|3|4|12|8|11|8|7|1|4|10|9|5|5|4|5|4|6|3|6|1|11|12|6|6|7,FALSE,2,1,
2633,14,4|5|7|12|2|1|1|9|6|1|7|7|2|10|11|3|11|3|1|4|8|7|2|3|4|12|11|5|10|6|6|10|9|9|12|6|8|5|8|11|5|9|12|10|8|4|2|3,FALSE,2,1,
2634,14,9|9|1|4|6|7|5|7|3|4|8|10|12|7|8|9|10|1|2|10|6|10|1|11|2|12|5|1|6|12|7|2|11|12|8|6|4|3|5|3|11|5|2|11|9|4|8|3,FALSE,2,1,
2635,11,4|7|5|9|3|1|7|6|5|8|3|8|4|4|4|7|3|9|8|2|2|2|8|3|5|6|9|1|7|6|9|6|5|2|1|1,FALSE,2,1,
2636,11,5|9|2|1|2|8|3|8|2|7|4|6|3|4|9|4|7|5|3|6|5|1|7|9|4|7|6|3|1|2|1|9|8|8|5|6,FALSE,2,1,
2637,14,5|6|1|4|8|8|10|12|12|11|1|6|2|12|8|2|1|9|4|7|9|5|9|4|10|7|10|7|2|3|8|6|2|5|11|3|7|6|9|11|4|12|1|3|10|5|3|11,FALSE,2,1,
2638,11,6|9|2|4|6|4|7|6|3|7|3|5|9|5|1|2|1|5|9|5|1|2|3|4|4|2|8|7|1|8|3|7|6|8|9|8,FALSE,2,1,
2639,11,2|2|4|4|9|3|6|9|3|7|4|5|6|1|9|7|7|5|8|6|5|3|4|8|1|8|8|2|1|1|3|6|9|2|5|7,FALSE,2,1,
2640,14,1|3|3|10|3|7|2|12|3|5|2|6|12|1|2|8|7|8|10|9|9|10|4|6|10|2|1|8|5|1|6|12|5|7|8|12|6|11|5|4|11|4|11|9|7|9|4|11,FALSE,2,1,
2641,14,7|11|10|2|12|4|4|4|10|7|8|5|3|11|8|12|8|7|3|6|5|9|4|1|1|10|6|5|3|6|12|2|7|11|9|6|2|1|5|9|3|2|8|10|11|9|12|1,FALSE,2,3,
2642,14,2|7|12|8|3|5|5|12|6|10|3|10|3|4|10|6|9|4|12|11|8|11|3|7|11|5|8|2|9|1|5|4|10|11|6|6|2|4|1|8|12|9|1|9|7|2|7|1,FALSE,2,1,
2643,11,7|5|2|8|5|4|9|4|4|1|2|1|4|1|7|5|6|9|2|9|6|3|3|6|3|5|1|6|7|8|7|3|9|8|8|2,FALSE,2,2,
2644,11,1|8|1|9|1|7|8|5|6|3|2|4|2|4|6|2|7|6|5|5|6|7|9|9|1|3|9|7|8|2|8|5|3|3|4|4,FALSE,2,1,
2645,14,10|9|4|9|10|3|2|3|4|8|5|2|9|10|6|1|2|11|8|6|12|5|11|5|12|2|5|11|7|7|3|6|10|1|8|8|12|4|9|11|1|7|3|4|1|12|7|6,FALSE,2,1,
2646,11,8|7|2|6|7|6|5|9|1|1|3|5|2|1|5|4|9|9|5|6|4|6|8|3|2|7|4|3|1|7|4|9|2|3|8|8,FALSE,2,1,
2647,11,6|9|3|2|3|7|5|8|1|9|8|1|8|7|6|4|2|6|8|2|2|4|5|3|7|1|6|5|4|5|4|7|3|1|9|9,FALSE,2,1,
2648,14,8|11|10|4|9|6|12|6|11|10|4|11|9|4|5|5|7|8|7|3|2|8|12|2|1|1|1|9|6|9|7|2|2|10|11|5|12|12|7|4|3|3|8|1|10|3|5|6,FALSE,2,1,
2649,11,1|4|6|6|8|6|9|7|1|1|5|8|9|4|8|4|9|5|6|1|5|7|2|2|8|2|3|3|3|5|9|7|3|4|7|2,FALSE,2,1,
2650,11,9|7|4|7|5|2|2|7|4|8|6|4|9|3|5|6|6|2|6|1|1|3|2|7|8|3|8|1|9|8|3|9|4|5|5|1,FALSE,2,1,
2651,14,8|8|6|8|3|3|7|12|3|7|1|6|2|7|2|9|4|4|10|11|3|11|5|5|11|12|4|10|9|2|6|12|11|8|6|9|1|10|5|2|1|4|7|12|10|1|5|9,FALSE,2,1,
2652,11,7|5|2|6|2|4|3|5|6|8|8|4|2|9|9|7|8|1|3|7|2|1|9|3|4|8|7|9|1|3|5|1|6|4|6|5,FALSE,2,1,
2653,11,2|5|8|1|6|4|5|6|7|9|2|3|5|2|4|3|1|8|3|9|3|4|6|6|7|7|8|7|5|8|1|9|2|4|1|9,FALSE,2,2,
2654,14,8|10|6|5|6|11|10|4|1|2|2|8|7|5|6|1|10|7|4|9|12|3|12|2|5|5|3|9|8|9|11|12|12|4|1|3|6|2|9|10|8|7|7|11|3|11|4|1,FALSE,2,1,
2655,11,6|1|4|3|8|4|2|5|2|7|8|7|4|7|2|3|1|3|1|6|8|7|1|6|9|2|5|3|9|9|9|6|5|5|4|8,FALSE,2,1,
2656,14,10|12|6|7|7|12|12|6|11|2|6|5|8|3|3|9|4|2|12|11|3|10|6|8|8|4|9|10|5|10|11|5|11|5|3|1|8|7|7|2|1|2|1|4|4|9|1|9,FALSE,2,1,
2657,11,9|8|3|9|5|6|6|7|7|4|9|7|5|8|3|2|3|7|3|8|1|9|2|8|5|1|2|5|1|4|1|4|6|6|2|4,FALSE,2,1,
2658,11,5|6|9|1|3|3|1|8|9|4|5|8|7|6|3|4|5|7|8|5|7|2|9|3|9|2|6|8|2|4|1|4|2|6|7|1,FALSE,2,3,
2659,14,1|2|9|2|4|3|4|9|3|7|10|7|2|8|10|9|6|10|11|12|12|5|1|8|6|5|8|9|5|5|11|1|7|6|6|7|4|4|12|11|8|12|1|2|3|10|11|3,FALSE,2,1,
2660,14,2|10|1|2|6|5|3|7|3|3|7|1|6|4|11|8|4|8|9|11|9|12|1|2|10|5|7|5|10|9|11|12|5|8|8|12|3|7|11|10|2|9|12|4|6|6|1|4,FALSE,2,1,
2661,11,1|9|4|1|8|9|1|1|4|2|6|3|5|3|7|4|5|5|9|3|6|8|4|7|5|8|2|8|7|7|2|2|9|3|6|6,FALSE,2,1,
2662,14,3|1|3|12|10|7|5|6|8|2|12|7|5|7|4|6|11|4|8|1|9|10|11|10|11|12|9|4|1|6|7|10|5|4|12|3|2|2|3|2|1|11|9|6|8|8|5|9,FALSE,2,1,
2663,11,9|1|3|9|5|8|7|6|4|8|4|4|1|5|2|7|2|1|8|9|7|3|9|2|6|7|3|3|4|6|5|1|6|2|8|5,FALSE,2,1,
2664,14,2|12|7|5|2|12|12|6|9|4|7|11|5|5|1|10|9|10|8|10|12|1|7|6|4|7|1|4|9|8|5|3|10|2|4|6|11|3|8|2|8|3|11|9|3|6|1|11,FALSE,2,1,
2665,14,10|7|8|10|4|4|11|11|10|8|12|7|6|4|1|9|9|4|3|3|8|2|1|1|11|9|2|3|3|6|12|12|12|1|10|7|5|2|11|5|8|7|6|9|6|2|5|5,FALSE,2,1,
2666,11,4|5|5|8|6|8|3|7|7|4|6|5|3|1|2|9|4|2|5|3|1|9|9|3|2|7|2|6|7|1|1|8|8|4|6|9,FALSE,2,1,
2667,11,8|8|2|1|4|1|8|7|3|3|1|4|2|3|6|6|8|2|9|9|5|7|5|3|7|5|4|9|5|6|4|2|9|1|7|6,FALSE,2,1,
2668,14,4|12|9|10|3|11|3|12|9|10|5|8|3|2|4|12|1|11|8|10|7|11|6|7|1|2|5|11|7|1|9|12|1|2|9|5|8|6|6|3|4|10|7|4|5|6|8|2,FALSE,2,1,
2669,11,1|7|7|2|4|5|6|3|4|5|9|5|8|6|3|7|9|1|4|4|2|9|6|2|8|8|9|8|3|3|6|7|1|2|1|5,FALSE,2,1,
2670,14,10|12|1|9|5|6|6|2|5|4|9|6|5|10|12|10|3|9|1|11|2|11|1|6|2|8|11|4|12|3|2|8|8|7|8|7|9|11|1|3|4|7|10|12|7|4|3|5,FALSE,2,3,
2671,14,8|8|9|7|1|6|9|6|2|5|8|3|9|1|4|10|11|4|3|11|7|2|2|3|12|7|11|1|10|12|6|7|5|6|2|8|9|4|5|3|11|4|1|5|10|12|12|10,FALSE,2,1,
2672,11,5|7|7|4|6|3|1|8|1|9|8|3|8|2|5|7|2|9|8|1|3|6|2|2|7|1|5|5|4|6|6|4|9|4|9|3,FALSE,2,2,
2673,11,7|8|9|3|3|5|6|1|8|9|7|8|1|5|9|2|7|3|2|6|6|4|2|7|6|4|1|5|2|9|3|5|4|1|8|4,FALSE,2,1,
2674,14,6|2|5|4|10|8|6|12|1|10|5|9|7|4|2|5|3|8|6|5|9|8|4|1|3|1|7|9|1|7|8|10|2|3|9|12|6|11|7|10|11|11|2|3|11|12|12|4,FALSE,2,1,
2675,11,4|6|1|2|4|8|3|1|9|7|5|4|5|9|2|6|5|8|3|1|8|7|1|3|4|6|9|7|8|2|2|7|9|3|6|5,FALSE,2,1,
2676,14,6|1|1|10|12|5|4|1|2|11|11|9|7|2|8|5|7|11|4|9|2|4|1|9|8|3|3|7|12|12|9|3|10|10|11|4|8|7|8|5|6|3|10|2|6|12|5|6,FALSE,2,1,
2677,14,4|2|4|2|2|5|10|10|6|10|12|3|7|11|6|9|9|5|10|7|3|1|5|6|8|8|1|7|11|6|9|3|8|1|1|8|12|9|4|3|7|5|4|12|12|2|11|11,FALSE,2,2,
2678,11,9|3|8|1|2|4|4|7|6|6|9|8|1|2|1|9|6|7|3|5|8|4|3|5|5|4|7|1|5|3|2|2|9|8|7|6,FALSE,2,1,
2679,11,1|5|5|9|7|1|2|6|3|6|5|2|2|3|8|4|3|8|1|2|9|9|6|8|1|3|9|8|6|7|4|7|5|4|4|7,FALSE,2,1,
2680,14,5|10|4|11|7|2|10|8|1|4|1|12|12|3|12|1|9|8|3|6|3|5|4|9|11|4|2|9|2|6|5|6|2|9|7|6|7|10|8|11|8|11|3|1|12|10|7|5,FALSE,2,1,
2681,11,4|9|2|3|3|5|5|7|5|3|6|1|4|9|1|2|8|9|7|7|8|8|4|6|6|2|3|5|1|8|9|1|2|6|7|4,FALSE,2,1,
2682,14,6|10|2|7|8|10|7|3|6|11|3|4|12|3|2|8|1|4|9|9|4|12|6|8|2|11|1|9|3|4|1|11|6|10|5|10|7|5|9|11|1|7|12|8|2|12|5|5,FALSE,2,1,
2683,11,2|6|3|4|6|5|9|8|8|9|2|7|8|4|5|3|3|2|4|5|1|3|2|6|1|9|5|9|7|1|4|7|7|1|6|8,FALSE,2,1,
2684,11,8|4|7|4|7|9|1|9|7|6|6|2|3|2|6|9|6|5|5|4|9|1|8|4|5|7|2|5|1|8|3|3|2|1|8|3,FALSE,2,1,
2685,14,9|3|7|2|11|9|9|10|4|11|11|8|5|6|6|1|2|5|7|1|6|3|7|2|7|4|4|5|8|1|12|3|2|9|4|1|11|8|10|8|5|6|12|3|12|12|10|10,FALSE,2,1,
2686,14,8|10|8|2|12|7|7|12|8|5|9|9|10|9|5|2|1|3|12|11|7|4|11|3|5|11|6|4|1|6|8|6|10|4|4|10|5|1|2|7|3|2|1|6|3|11|12|9,FALSE,2,1,
2687,11,8|5|5|4|1|8|7|3|3|8|6|5|1|7|1|6|7|9|2|3|4|2|6|1|9|9|8|2|9|4|5|4|3|6|2|7,FALSE,2,1,
2688,11,5|2|8|4|8|7|6|9|1|1|8|2|3|3|3|4|7|7|1|5|3|4|6|1|8|9|6|7|9|4|2|6|5|9|5|2,FALSE,2,3,
2689,11,1|1|8|7|3|8|2|4|5|8|6|3|3|9|5|6|3|6|2|5|9|8|2|6|9|1|4|4|1|7|9|7|7|2|4|5,FALSE,2,1,
2690,14,6|2|3|5|5|2|6|4|12|9|10|1|3|8|7|12|3|10|4|1|12|9|8|6|6|10|2|11|9|2|7|1|4|5|1|4|7|12|11|11|8|10|5|7|8|3|11|9,FALSE,2,1,
2691,14,12|7|10|12|8|4|9|9|8|9|11|1|6|2|8|4|5|10|5|5|12|12|6|10|1|1|11|1|11|2|3|6|5|6|10|11|3|7|4|2|4|8|7|2|3|9|7|3,FALSE,2,1,
2692,11,6|1|1|7|9|7|2|5|4|9|3|6|4|8|4|1|5|5|3|4|3|8|9|3|7|2|9|8|6|8|6|1|7|2|5|2,FALSE,2,1,
2693,14,6|8|12|10|6|6|3|2|2|5|2|1|4|9|3|8|9|11|7|11|2|6|11|10|9|5|4|3|5|8|5|4|10|1|4|11|1|3|7|1|7|12|10|9|8|7|12|12,FALSE,2,1,
2694,11,8|3|7|2|1|6|3|6|5|2|3|4|8|9|9|4|6|5|9|2|1|5|2|7|8|6|8|5|1|4|3|4|7|7|1|9,FALSE,2,1,
2695,11,5|4|3|8|4|2|1|9|5|3|8|6|7|3|6|4|9|2|7|7|2|8|1|2|1|9|7|8|3|6|9|5|4|5|1|6,FALSE,2,1,
2696,14,11|1|4|5|2|6|12|9|6|5|12|3|1|2|3|7|1|6|3|8|8|10|3|1|10|7|8|12|10|5|4|8|7|10|9|2|4|12|2|6|11|5|4|7|11|9|9|11,FALSE,2,1,
2697,11,8|3|6|1|6|9|3|7|8|4|2|5|7|7|2|8|6|4|5|1|4|9|9|2|9|1|1|7|8|2|3|5|3|4|5|6,FALSE,2,1,
2698,11,5|2|8|9|4|9|4|7|1|9|6|6|8|1|3|2|6|5|3|1|2|2|8|1|7|6|7|7|9|8|3|5|3|5|4|4,FALSE,2,1,
2699,14,3|8|8|9|7|10|7|12|10|8|5|11|9|4|11|10|10|3|8|12|3|9|6|6|1|1|4|11|12|6|2|7|4|11|5|1|5|2|2|5|7|4|2|9|3|12|6|1,FALSE,2,1,
2700,14,11|3|3|2|9|10|10|11|12|7|12|1|6|10|4|5|7|8|7|2|12|6|9|4|5|12|5|10|2|6|5|7|2|1|3|9|1|4|4|8|11|11|9|6|8|1|3|8,FALSE,2,1,
2701,14,9|11|6|10|11|3|6|2|1|9|11|10|2|1|2|12|12|5|8|5|9|3|8|3|10|4|4|7|12|11|5|1|8|2|4|6|8|10|7|3|5|7|12|9|6|4|1|7,FALSE,2,1,
2702,11,5|1|7|6|2|3|9|1|8|4|7|9|4|2|8|4|3|2|2|7|1|3|8|6|5|5|3|8|6|9|7|5|4|9|6|1,FALSE,2,1,
2703,14,7|9|6|8|1|4|1|3|5|1|6|5|10|2|8|7|9|5|4|10|10|4|11|3|6|6|3|3|9|12|8|11|7|1|5|12|11|8|11|2|9|12|7|12|4|2|10|2,FALSE,2,1,
2704,11,1|9|8|2|3|5|8|8|2|4|9|5|4|9|2|1|6|4|7|3|3|6|2|5|7|7|5|6|8|4|9|7|1|6|1|3,FALSE,2,1,
2705,14,5|7|1|7|6|2|7|1|9|4|12|8|5|1|10|8|3|5|6|3|1|12|11|5|2|3|10|9|7|12|4|10|4|9|11|2|9|3|2|12|8|11|10|6|6|11|4|8,FALSE,2,1,
2706,11,7|5|8|5|1|6|2|4|9|8|8|3|2|6|1|5|4|9|1|5|6|4|7|7|9|7|9|6|4|2|1|3|3|8|3|2,FALSE,2,1,
2707,14,1|7|10|10|12|9|7|8|5|12|2|8|7|5|12|4|3|5|3|11|6|11|11|6|1|9|2|12|11|4|4|4|10|2|10|6|9|8|1|7|9|5|1|8|6|3|3|2,FALSE,2,1,
2708,11,6|2|3|5|7|3|8|1|4|9|4|9|1|9|9|8|2|5|4|5|3|1|1|6|8|3|6|6|8|7|2|7|7|5|4|2,FALSE,2,1,
2709,14,6|10|5|1|3|8|6|2|5|1|4|4|1|3|7|2|5|12|6|8|12|12|3|11|1|12|11|7|9|7|10|10|3|8|9|4|9|2|4|6|9|2|8|10|11|7|5|11,FALSE,2,1,
2710,11,3|2|2|8|8|1|3|1|9|2|3|5|6|5|4|4|9|6|7|1|4|9|5|7|8|3|4|8|1|7|6|2|7|9|6|5,FALSE,2,1,
2711,11,1|6|1|1|9|9|8|8|7|6|2|5|7|2|3|3|9|3|2|2|9|6|4|4|3|5|6|5|7|8|7|4|5|1|8|4,FALSE,2,1,
2712,14,11|12|7|3|4|2|9|11|3|2|1|8|1|6|8|5|10|1|2|7|10|8|12|8|12|4|6|7|3|11|11|12|10|10|5|6|7|4|9|3|1|9|6|9|5|5|2|4,FALSE,2,1,
2713,14,10|3|5|9|7|4|4|2|7|4|11|12|10|3|6|3|8|1|12|2|1|2|1|5|9|2|7|10|8|9|8|12|11|4|5|6|1|12|7|9|3|8|5|6|6|11|11|10,FALSE,2,1,
2714,14,1|11|11|6|5|9|9|12|7|4|7|4|3|11|8|3|1|10|4|4|3|8|12|7|6|12|8|9|10|2|10|12|1|10|2|5|8|6|7|2|11|3|1|6|5|5|9|2,FALSE,2,1,
2715,11,3|7|2|6|8|1|9|7|2|6|8|9|6|1|2|6|5|8|3|5|5|3|9|7|1|4|4|4|9|1|5|3|7|8|2|4,FALSE,2,1,
2716,11,3|1|6|5|8|2|6|3|8|7|1|8|2|7|9|4|6|9|7|1|6|9|2|8|4|5|7|3|1|5|3|4|5|4|9|2,FALSE,2,1,
2717,11,6|9|9|6|4|1|7|8|1|9|2|6|5|9|4|8|5|3|2|1|6|4|3|7|3|2|4|7|8|5|2|5|3|7|8|1,FALSE,2,1,
2718,11,4|9|9|2|4|8|3|6|7|6|9|9|8|5|7|1|3|1|7|5|5|3|6|2|1|5|4|6|2|8|4|1|8|2|3|7,FALSE,2,1,
2719,14,10|2|3|2|9|1|5|7|7|3|2|5|6|12|4|1|5|6|12|11|11|5|12|7|3|8|2|6|6|10|9|4|10|9|8|11|4|1|8|3|10|9|1|8|12|4|7|11,FALSE,2,1,
2720,11,4|6|9|3|8|3|6|2|1|4|9|4|2|5|5|1|3|7|8|1|7|5|2|7|3|8|4|5|9|8|7|1|6|6|2|9,FALSE,2,1,
2721,11,2|9|7|8|1|2|8|1|9|4|3|5|5|3|2|8|7|6|1|7|3|6|4|8|5|1|6|5|2|9|4|3|4|7|9|6,FALSE,2,1,
2722,11,1|2|9|3|1|3|8|8|2|7|3|9|5|1|9|6|3|9|8|6|7|4|5|5|8|2|7|2|4|5|4|6|7|4|1|6,FALSE,2,1,
2723,14,6|2|12|6|6|4|2|8|7|11|5|10|9|8|4|9|11|9|12|9|3|12|5|8|3|12|3|1|2|5|11|1|4|1|1|11|10|2|4|6|7|7|7|5|8|3|10|10,FALSE,2,1,
2724,14,6|9|7|11|1|7|11|1|8|12|4|12|3|10|8|9|6|3|10|4|5|8|12|7|10|5|3|3|5|12|4|9|2|4|6|11|8|1|6|2|2|5|11|2|9|7|10|1,FALSE,2,1,
2725,14,5|7|9|6|9|2|4|8|4|7|2|8|3|9|5|10|6|6|1|2|3|4|4|1|9|8|12|12|5|6|7|11|10|1|8|12|1|10|10|3|11|2|12|11|7|11|5|3,FALSE,2,1,
2726,11,8|8|1|2|6|1|2|8|2|2|7|4|3|9|9|3|7|3|5|5|6|9|3|1|6|5|4|1|7|7|9|4|8|4|5|6,FALSE,2,1,
2727,14,9|1|11|10|1|3|12|3|2|8|10|12|7|12|4|7|6|4|8|1|2|8|5|7|3|4|10|10|2|6|9|5|11|6|5|12|6|11|4|8|5|3|9|11|9|7|1|2,FALSE,2,1,
2728,11,7|5|6|2|2|6|4|7|2|2|5|8|1|4|8|9|1|6|7|8|1|3|4|1|8|9|5|3|3|5|9|6|4|3|9|7,FALSE,2,1,
2729,14,9|12|11|8|1|10|5|10|8|10|2|3|5|1|5|7|2|11|11|7|4|8|6|5|8|3|4|4|12|10|7|7|11|6|9|1|3|2|4|12|9|6|2|6|1|12|3|9,FALSE,2,1,
2730,14,3|10|9|7|11|4|11|10|7|1|12|12|8|9|11|5|2|9|12|2|6|10|8|3|6|5|4|2|1|2|11|9|10|1|1|5|6|7|12|8|5|4|3|4|8|7|6|3,FALSE,2,1,
2731,11,8|9|8|5|1|5|7|9|7|6|1|2|2|2|8|4|9|3|3|2|9|7|6|4|8|7|4|6|3|6|1|5|3|4|5|1,FALSE,2,1,
2732,11,1|7|8|8|4|4|3|9|4|1|9|3|8|7|7|1|6|4|2|8|6|7|5|5|9|2|1|2|2|3|5|6|3|9|6|5,FALSE,2,1,
2733,11,8|2|2|4|4|7|9|7|3|8|9|2|5|6|3|9|6|4|1|6|6|1|7|3|2|5|1|7|8|5|1|3|9|8|4|5,FALSE,2,1,
2734,14,11|10|3|8|12|12|11|9|6|8|11|8|1|1|7|4|2|2|3|1|4|7|5|5|10|3|7|6|11|10|12|6|10|4|3|8|9|9|2|5|4|7|1|2|9|12|6|5,FALSE,2,2,
2735,14,5|9|11|1|6|8|2|5|2|4|4|11|9|2|7|3|6|10|3|11|3|8|6|1|12|3|4|7|1|12|10|2|8|9|5|6|12|9|10|1|4|11|5|10|12|7|7|8,FALSE,2,1,
2736,11,3|3|1|4|4|2|7|6|5|8|1|7|5|9|9|5|6|1|8|4|4|3|5|2|3|7|6|9|7|2|2|1|6|8|9|8,FALSE,2,1,
2737,14,3|4|7|1|10|9|2|2|4|6|5|12|7|3|5|2|9|4|6|11|4|2|6|11|12|10|6|8|9|11|9|12|1|7|8|5|1|12|11|10|8|3|8|7|5|3|1|10,FALSE,2,1,
2738,11,1|4|3|4|8|6|2|2|9|5|2|4|1|6|3|7|5|8|3|4|9|7|7|9|5|7|8|8|1|6|9|1|6|3|5|2,FALSE,2,1,
2739,11,3|6|5|2|7|5|9|4|2|6|1|4|7|4|6|1|3|8|5|4|7|3|8|2|7|5|9|3|6|1|8|1|8|2|9|9,FALSE,2,1,
2740,14,1|11|3|3|12|4|12|11|8|4|2|9|11|8|12|5|1|5|12|4|7|7|6|6|5|9|10|11|7|10|8|9|2|3|1|6|3|2|2|7|6|5|10|1|4|9|8|10,FALSE,2,1,
2741,11,1|8|2|5|5|6|9|6|1|5|5|4|3|2|3|1|3|4|4|8|6|7|6|8|9|1|7|8|7|2|9|4|9|7|3|2,FALSE,2,1,
2742,14,7|5|4|6|11|4|10|8|11|3|8|6|12|1|3|4|4|10|9|8|2|5|1|7|2|5|7|2|10|3|2|12|9|12|1|7|11|9|10|5|3|9|6|12|11|8|1|6,FALSE,2,1,
2743,14,1|5|7|12|6|2|3|6|11|8|7|10|9|9|4|4|1|11|10|3|4|5|6|2|5|2|12|7|9|10|5|12|2|8|12|1|3|8|1|3|6|9|10|7|11|8|11|4,FALSE,2,1,
2744,11,7|7|6|6|1|5|4|3|8|9|3|5|4|7|1|5|3|2|6|3|7|2|1|8|2|4|4|5|1|6|2|9|8|8|9|9,FALSE,2,1,
2745,14,1|11|7|10|11|1|2|8|5|11|4|5|12|12|1|4|12|3|2|9|9|4|6|7|3|7|6|9|3|8|6|11|10|8|3|10|10|6|1|7|5|8|2|2|9|5|12|4,FALSE,2,1,
2746,11,1|9|8|2|7|3|4|1|5|3|4|9|2|6|5|4|1|8|3|5|7|3|7|2|6|6|8|4|5|9|2|9|1|7|8|6,FALSE,2,1,
2747,14,11|9|8|9|1|11|3|4|2|4|12|4|7|3|3|7|1|10|8|7|6|12|2|10|5|11|12|3|1|5|9|5|6|10|7|12|6|1|8|9|10|2|11|4|2|8|5|6,FALSE,2,1,
2748,11,4|3|1|5|4|2|3|6|7|6|2|6|7|8|5|1|7|4|3|3|9|1|1|9|9|2|8|8|5|7|2|5|6|9|4|8,FALSE,2,1,
2749,11,3|3|6|9|9|1|3|9|5|8|1|4|9|3|4|7|7|8|4|7|2|1|6|2|7|5|2|2|6|6|4|5|5|8|1|8,FALSE,2,1,
2750,14,5|12|10|1|2|3|8|10|6|7|7|4|5|10|7|9|11|3|10|2|5|8|12|7|9|6|8|9|1|11|2|4|4|2|12|1|12|4|5|8|6|11|1|6|3|9|3|11,FALSE,2,1,
2751,11,3|3|7|5|4|6|7|6|9|9|1|2|5|4|9|8|3|8|4|2|6|2|7|7|9|5|2|5|3|6|8|8|1|4|1|1,FALSE,2,1,
2752,11,1|2|3|4|6|9|8|3|8|7|8|4|2|6|4|3|3|7|5|5|2|5|6|9|2|7|1|9|6|4|1|7|1|8|5|9,FALSE,2,1,
2753,11,4|7|8|3|7|4|6|3|6|6|5|5|9|4|9|1|1|2|9|7|1|2|8|2|3|8|6|1|3|2|5|5|8|4|7|9,FALSE,2,1,
2754,11,7|8|1|7|2|9|6|3|2|7|6|9|4|4|4|6|2|1|5|9|2|3|5|4|6|1|1|9|3|8|5|7|5|8|8|3,FALSE,2,1,
2755,14,12|5|2|9|12|6|10|7|3|10|10|12|9|4|3|9|6|9|4|8|1|11|8|11|2|4|7|8|1|4|2|11|10|1|6|11|5|5|3|3|12|5|1|6|8|7|2|7,FALSE,2,1,
2756,14,1|10|12|11|10|6|5|8|10|4|1|7|5|2|4|2|9|11|1|5|4|8|3|3|3|7|10|12|6|2|9|4|7|2|7|5|3|11|11|6|6|1|9|12|8|12|8|9,FALSE,2,1,
2757,11,7|9|6|7|7|8|3|7|1|6|5|5|3|4|8|3|1|9|9|5|4|2|8|1|8|6|1|5|9|2|2|4|3|2|4|6,FALSE,2,1,
2758,11,8|8|7|6|4|9|2|4|1|3|7|1|9|6|1|3|2|9|6|4|5|2|1|7|6|5|5|3|9|8|4|5|7|8|3|2,FALSE,2,1,
2759,14,7|11|9|9|3|2|12|9|11|5|3|10|8|7|4|10|5|2|8|2|9|11|3|12|1|5|5|12|6|3|6|8|2|10|1|8|4|6|10|12|4|4|7|7|1|11|1|6,FALSE,2,1,
2760,14,4|9|7|6|10|6|3|2|9|6|10|7|7|8|3|10|6|8|12|4|2|8|9|7|12|3|1|4|1|11|5|11|1|8|1|9|3|2|5|12|2|11|5|4|11|12|5|10,FALSE,2,1,
2761,14,8|10|1|9|7|9|8|1|11|12|4|3|5|5|2|11|6|9|9|6|1|11|6|12|3|8|10|12|7|3|6|10|4|3|2|1|5|8|12|5|7|4|10|2|4|7|11|2,FALSE,2,1,
2762,14,10|1|8|3|1|7|2|3|6|11|3|5|12|7|8|4|11|4|5|12|12|2|8|7|2|6|10|10|12|11|8|9|9|2|11|5|3|4|6|6|9|1|10|7|5|9|1|4,FALSE,2,1,
2763,11,2|1|7|9|6|8|3|6|9|7|1|6|5|8|2|8|2|7|4|3|6|5|4|2|5|9|3|4|1|1|4|9|7|3|8|5,FALSE,2,1,
2764,11,7|1|4|3|5|3|1|1|1|3|4|8|8|8|9|3|2|9|2|7|2|7|9|5|2|4|5|6|6|6|7|6|5|8|9|4,FALSE,2,1,
2765,11,4|1|1|8|2|7|9|5|1|5|9|3|8|9|7|5|6|9|8|2|2|7|3|7|4|2|4|6|4|6|6|5|3|1|3|8,FALSE,2,1,
2766,11,2|5|9|9|2|6|6|1|1|3|7|4|1|9|5|8|3|3|2|3|8|2|7|4|5|1|4|5|8|7|4|6|7|6|8|9,FALSE,2,1,
2767,14,4|4|1|12|7|7|8|6|8|10|9|11|6|10|9|2|4|5|6|11|9|5|8|4|11|1|8|3|9|12|2|12|12|10|6|3|5|1|3|2|1|11|3|5|7|7|10|2,FALSE,2,1,
2768,14,9|8|3|5|1|1|10|9|10|9|7|12|12|3|11|6|2|8|7|11|8|4|1|10|11|2|5|2|6|3|7|4|5|6|9|8|6|5|2|10|4|11|1|12|4|3|12|7,FALSE,2,1,
2769,11,9|7|7|4|7|5|9|3|2|4|6|8|8|6|9|4|4|1|1|3|5|5|1|2|3|1|3|5|6|7|2|8|9|6|8|2,FALSE,2,1,
2770,14,3|9|9|9|2|7|10|10|7|3|6|10|8|2|1|12|5|11|11|11|6|6|4|8|12|2|12|1|7|5|4|8|12|1|3|2|10|5|6|8|4|3|11|7|5|1|4|9,FALSE,2,1,
2771,14,4|9|12|12|8|3|11|12|6|8|10|2|2|5|5|10|4|4|4|11|9|7|7|12|2|1|7|1|8|1|11|6|11|6|8|3|7|2|1|3|9|5|5|10|3|9|10|6,FALSE,2,3,
2772,11,3|6|8|4|1|1|8|4|8|8|6|1|3|2|7|7|3|2|6|2|9|4|5|9|4|9|7|2|9|1|5|6|5|3|5|7,FALSE,2,1,
2773,11,3|8|7|7|2|9|3|8|4|7|5|7|3|6|2|5|6|3|6|8|1|9|4|1|1|1|2|6|2|5|9|8|4|4|9|5,FALSE,2,1,
2774,14,9|11|12|8|10|12|5|5|4|4|12|1|5|11|10|4|9|2|1|12|3|8|1|3|7|3|7|9|11|11|2|10|4|6|9|5|2|7|6|6|7|6|8|10|3|8|2|1,FALSE,2,1,
2775,14,9|9|8|4|6|2|7|5|5|6|10|11|4|12|1|9|8|4|9|12|7|5|2|12|7|2|10|6|3|4|1|10|11|2|11|3|8|3|8|1|7|5|10|11|6|1|12|3,FALSE,2,1,
2776,11,9|9|3|3|2|8|4|2|1|7|8|6|8|2|1|5|4|9|6|9|3|5|6|1|7|3|1|5|4|5|8|7|7|4|6|2,FALSE,2,1,
2777,11,8|7|3|3|6|5|6|1|5|5|1|9|6|2|5|1|3|4|9|7|4|7|7|6|8|8|9|1|2|8|2|4|2|9|3|4,FALSE,2,1,
2778,14,2|12|1|10|3|4|1|10|8|1|6|11|12|4|3|5|9|10|2|12|6|9|5|8|11|1|5|11|7|2|7|7|10|6|7|8|4|3|3|9|6|4|12|9|11|8|5|2,FALSE,2,1,
2779,11,2|7|4|3|5|9|9|8|5|6|3|2|3|7|6|6|5|1|9|4|7|2|3|7|2|9|4|1|4|8|8|8|6|1|1|5,FALSE,2,1,
2780,14,10|1|4|11|8|11|10|8|9|12|6|5|1|3|10|7|10|5|3|6|6|5|11|4|7|7|5|9|3|1|2|4|6|7|8|12|2|4|1|9|3|12|8|2|12|2|9|11,FALSE,2,1,
2781,11,9|2|9|1|5|3|9|2|3|4|4|1|6|2|7|9|1|7|8|5|5|1|4|7|6|7|5|8|8|8|3|3|6|2|4|6,FALSE,2,1,
2782,14,8|1|4|12|8|9|5|11|8|6|11|3|5|3|8|10|6|7|12|9|12|1|5|11|2|10|2|10|10|7|12|5|6|1|4|4|11|4|7|3|9|3|2|1|2|9|7|6,FALSE,2,1,
2783,14,1|5|8|8|2|1|10|5|11|8|7|11|3|6|2|5|6|11|3|1|3|10|8|4|6|4|10|10|7|1|6|2|5|3|9|12|12|9|7|4|9|7|9|12|2|12|4|11,FALSE,2,1,
2784,11,1|1|9|3|5|8|5|8|5|5|8|7|9|4|1|6|7|7|9|4|6|6|1|8|2|7|3|6|2|4|3|2|3|4|2|9,FALSE,2,1,
2785,11,2|8|1|9|4|4|9|8|4|7|2|9|7|3|7|4|2|5|6|3|8|5|1|6|8|5|5|1|6|7|2|3|9|1|6|3,FALSE,2,1,
2786,11,8|1|7|8|8|6|5|6|8|5|1|2|2|7|9|4|3|3|1|9|3|2|4|6|5|7|3|1|7|4|5|9|6|4|9|2,FALSE,2,1,
2787,14,4|12|4|7|3|1|4|4|7|9|6|5|11|11|9|5|5|1|7|2|1|2|8|9|10|12|2|7|2|10|3|6|11|10|10|6|11|5|9|1|12|3|6|12|8|8|8|3,FALSE,2,1,
2788,11,2|3|5|7|6|4|8|1|7|3|2|8|6|4|8|4|8|6|5|9|1|3|9|6|5|7|9|4|9|1|2|5|2|7|1|3,FALSE,2,1,
2789,14,7|12|12|7|12|9|5|9|3|1|2|9|8|12|5|2|11|3|1|6|6|8|8|3|5|8|4|6|2|11|7|10|1|9|2|7|10|4|6|11|10|3|10|1|11|4|5|4,FALSE,2,1,
2790,11,4|6|6|2|7|5|3|8|3|8|6|1|7|7|1|3|4|2|2|6|5|1|5|1|4|3|8|2|7|4|9|9|5|9|8|9,FALSE,2,1,
2791,11,3|7|8|2|4|9|6|1|5|6|8|9|4|6|3|2|1|9|7|6|1|8|4|8|9|5|7|7|1|3|5|2|4|3|2|5,FALSE,2,1,
2792,14,8|7|3|2|5|3|11|7|6|8|9|2|5|4|5|3|9|8|7|1|6|4|2|6|11|8|2|9|1|10|10|1|10|11|5|4|7|11|12|12|4|3|6|12|1|10|9|12,FALSE,2,1,
2793,14,10|1|8|2|2|4|9|10|11|6|7|7|7|7|8|12|5|8|10|11|4|5|12|3|12|1|5|6|2|6|4|8|3|12|11|9|1|1|10|6|9|11|3|4|9|2|3|5,FALSE,2,2,
2794,14,2|3|6|11|2|9|7|5|12|7|9|10|3|4|7|2|7|1|1|11|11|8|6|1|5|10|12|4|12|6|5|6|5|4|3|8|11|10|9|8|1|3|2|12|9|4|10|8,FALSE,2,1,
2795,11,2|8|5|5|9|6|5|8|1|4|9|5|3|2|4|8|7|9|9|4|1|1|1|3|7|6|2|7|7|6|4|3|3|8|6|2,FALSE,2,1,
2796,11,3|6|8|8|4|9|7|2|5|2|8|4|7|4|3|5|3|9|6|7|8|1|6|9|6|4|1|2|1|2|7|5|5|9|3|1,FALSE,2,1,
2797,14,3|5|2|9|8|4|9|4|4|10|7|11|9|7|1|12|1|7|2|11|1|8|9|8|10|12|5|2|10|11|6|6|1|12|2|6|11|3|3|12|7|10|5|6|3|5|4|8,FALSE,2,3,
2798,14,3|5|5|11|4|3|2|11|6|9|10|8|10|10|6|9|5|10|8|9|4|6|1|11|3|9|4|7|12|1|8|7|8|12|1|4|1|11|5|7|2|7|12|2|6|2|3|12,FALSE,2,1,
2799,11,3|2|7|2|9|8|6|4|8|9|1|7|7|5|3|1|3|7|1|3|5|9|4|2|9|8|8|2|4|5|6|6|5|4|1|6,FALSE,2,2,
2800,11,1|6|4|1|5|2|9|8|7|6|2|9|9|2|8|3|5|4|3|2|7|3|8|6|9|8|1|5|3|6|4|4|7|5|7|1,FALSE,2,1,
2801,14,1|2|1|10|3|9|8|12|5|2|3|8|3|12|5|11|11|5|12|2|10|6|12|8|7|10|11|4|10|6|1|9|9|7|6|4|4|5|2|9|6|7|4|7|3|1|8|11,FALSE,2,1,
2802,11,7|2|1|3|8|4|6|8|9|3|7|1|9|7|5|9|8|9|2|5|3|1|6|8|2|4|4|6|2|5|7|6|5|1|4|3,FALSE,2,3,
2803,11,6|7|2|5|7|8|1|1|6|8|4|9|9|8|5|7|4|3|8|6|1|9|3|2|3|7|5|5|1|2|9|2|3|4|4|6,FALSE,2,1,
2804,14,11|6|2|5|12|1|4|9|4|9|6|12|11|2|6|3|9|3|9|7|10|1|8|7|6|11|5|7|11|8|12|10|1|5|10|8|1|3|4|12|7|3|2|8|2|5|10|4,FALSE,2,1,
2805,11,7|7|5|2|1|6|3|5|6|5|3|9|7|9|9|5|1|6|3|9|4|2|8|4|8|3|2|2|7|4|6|8|4|1|8|1,FALSE,2,1,
2806,14,10|2|8|10|6|1|2|6|2|6|5|1|1|5|8|8|10|3|4|11|7|7|11|6|2|9|5|12|1|4|9|10|5|4|12|11|7|8|12|4|7|9|9|11|3|12|3|3,FALSE,2,1,
2807,14,10|5|1|10|11|1|4|6|3|6|4|2|8|5|11|12|5|6|1|10|1|11|9|4|2|4|5|6|8|9|2|8|11|9|7|12|10|3|9|7|3|2|12|7|3|7|8|12,FALSE,2,1,
2808,11,7|4|4|3|9|6|9|8|2|7|4|9|8|5|3|5|1|1|6|8|3|5|2|7|9|2|3|2|5|6|1|7|8|1|4|6,FALSE,2,1,
2809,11,2|8|1|9|7|8|3|1|9|1|8|2|5|7|7|9|1|5|6|4|6|4|7|4|5|6|3|5|9|2|2|3|3|6|4|8,FALSE,2,1,
2810,14,6|6|12|11|4|8|2|3|1|2|1|8|9|6|11|4|9|7|4|12|10|1|9|1|12|10|7|3|10|8|2|12|10|7|7|5|3|9|2|5|5|3|11|8|4|5|6|11,FALSE,2,1,
2811,11,5|9|3|9|8|7|5|8|2|3|2|2|6|3|6|9|9|5|7|6|1|4|1|4|1|5|7|8|6|7|4|4|1|2|8|3,FALSE,2,2,
2812,14,4|5|5|11|2|2|1|8|6|2|9|2|4|3|10|4|6|7|1|12|8|5|1|12|7|5|12|10|9|9|12|3|11|11|4|3|6|8|11|8|9|3|7|10|10|6|1|7,FALSE,2,1,
2813,11,2|8|5|7|1|4|3|7|3|2|6|4|4|6|1|7|6|3|2|8|9|1|1|9|5|5|4|8|2|6|9|8|9|3|7|5,FALSE,2,1,
2814,11,3|1|3|9|7|6|3|1|1|9|2|5|4|7|8|6|8|8|3|7|4|6|2|1|5|4|7|5|4|8|2|9|2|6|9|5,FALSE,2,1,
2815,14,4|12|10|9|6|8|5|6|3|1|3|2|7|11|8|10|11|12|11|4|2|11|12|1|9|9|1|6|3|12|7|4|10|10|1|5|2|6|4|2|7|8|5|8|7|5|9|3,FALSE,2,1,
2816,14,12|9|6|7|7|5|8|12|11|9|7|6|8|10|1|8|1|12|4|7|4|6|11|3|2|2|1|2|10|5|4|12|5|1|2|6|8|10|11|10|3|4|3|3|11|9|5|9,FALSE,2,1,
2817,11,1|3|9|7|8|6|3|2|4|8|9|4|3|7|7|9|3|5|1|4|7|4|2|5|8|6|1|6|5|2|8|1|9|6|2|5,FALSE,2,1,
2818,14,10|5|2|3|12|3|6|7|1|7|8|5|2|9|11|8|9|1|9|2|7|10|6|8|4|5|12|12|2|9|4|6|11|11|8|7|3|11|1|10|12|3|10|4|5|6|1|4,FALSE,2,1,
2819,11,4|9|7|8|4|2|1|1|6|1|8|7|6|3|4|8|7|3|1|5|9|2|5|2|3|9|4|5|7|2|6|8|9|6|5|3,FALSE,2,1,
2820,11,9|4|6|8|2|9|5|8|4|1|5|5|7|1|2|2|6|9|7|4|3|1|3|8|5|3|1|6|4|2|9|3|6|7|8|7,FALSE,2,1,
2821,14,7|10|9|6|1|9|6|8|11|5|6|3|6|5|12|4|4|11|12|2|11|9|10|11|8|1|1|7|9|2|10|7|12|2|5|8|5|3|10|4|12|3|7|4|1|2|8|3,FALSE,2,1,
2822,11,4|8|8|6|3|1|3|8|2|5|5|4|2|4|7|1|2|1|3|9|8|7|5|3|4|9|9|9|2|6|5|7|6|1|7|6,FALSE,2,1,
2823,14,11|2|10|10|10|3|9|5|8|8|3|12|9|1|7|8|4|3|6|11|9|12|1|7|6|11|4|6|12|3|4|6|2|9|10|4|2|5|5|1|7|7|5|8|11|12|2|1,FALSE,2,1,
2824,11,6|7|3|4|3|4|4|1|9|8|7|8|3|5|5|2|9|6|8|5|8|7|9|1|1|7|6|2|6|2|9|4|2|1|5|3,FALSE,2,1,
2825,14,6|8|4|7|9|5|4|10|9|10|2|11|7|1|2|1|1|2|3|7|5|3|1|6|10|8|10|5|4|11|7|2|5|4|6|9|3|12|12|12|8|11|9|11|3|12|6|8,FALSE,2,1,
2826,14,8|4|10|3|4|12|8|11|8|3|6|6|5|7|9|7|3|4|7|6|1|4|9|1|5|9|12|10|9|12|11|10|12|1|11|6|2|3|1|11|2|8|7|10|5|5|2|2,FALSE,2,1,
2827,11,4|5|8|3|7|5|6|4|7|1|5|3|5|6|8|2|7|1|9|9|1|4|7|1|6|8|4|9|2|3|6|2|9|2|3|8,FALSE,2,1,
2828,11,2|3|5|9|6|5|3|8|2|6|6|6|7|7|4|4|7|2|5|9|1|3|2|1|8|7|4|8|3|1|1|9|4|9|8|5,FALSE,2,1,
2829,14,4|12|11|3|7|7|7|10|10|8|9|6|6|8|12|3|10|2|4|1|11|4|6|10|7|8|2|12|1|4|5|8|5|1|9|11|2|5|9|5|3|6|2|9|3|1|11|12,FALSE,2,3,
2830,14,10|11|1|6|12|3|2|8|1|7|10|8|4|10|5|2|2|5|6|10|9|5|12|12|4|6|3|1|9|9|6|7|4|11|5|7|11|8|9|3|1|4|11|2|7|12|3|8,FALSE,2,1,
2831,11,9|4|1|5|9|4|3|2|5|7|7|5|4|3|8|9|6|2|3|6|6|1|8|3|2|4|1|8|6|5|1|8|2|7|7|9,FALSE,2,1,
2832,11,6|6|7|2|3|6|9|5|7|5|8|9|5|8|2|1|8|3|4|1|4|6|1|2|7|1|5|9|3|8|4|9|4|7|2|3,FALSE,2,1,
2833,11,3|5|9|2|2|4|4|1|9|6|6|5|5|7|6|4|1|8|3|7|2|7|2|9|5|4|9|1|3|8|7|6|8|8|1|3,FALSE,2,1,
2834,14,12|6|2|1|4|6|9|5|9|1|7|6|3|4|10|8|5|10|12|12|11|8|11|10|3|6|8|10|3|4|1|4|7|2|9|5|2|9|12|11|2|7|8|7|5|11|1|3,FALSE,2,1,
2835,11,8|4|6|5|3|2|4|4|1|5|3|9|1|7|8|1|6|5|7|2|1|5|2|6|8|9|2|6|9|7|8|9|4|7|3|3,FALSE,2,1,
2836,14,5|10|4|1|9|1|10|8|9|8|6|12|8|2|3|6|1|12|7|5|7|3|11|2|11|4|5|7|10|3|11|3|2|9|7|4|4|10|5|8|6|2|6|1|12|9|11|12,FALSE,2,1,
2837,11,6|4|4|8|3|2|7|2|7|6|3|3|1|2|6|7|5|6|4|1|5|9|9|5|5|9|1|7|3|1|4|2|9|8|8|8,FALSE,2,1,
2838,14,5|7|11|6|9|2|2|3|4|10|1|8|1|7|8|1|12|6|6|8|10|5|9|8|9|1|3|4|12|6|11|11|11|5|10|12|4|7|3|9|4|5|7|10|2|3|12|2,FALSE,2,1,
2839,14,8|1|6|3|11|6|12|5|10|10|9|12|5|8|1|10|7|9|3|5|4|1|9|3|12|2|8|4|7|10|2|3|5|12|1|4|7|4|11|11|2|9|7|2|6|11|8|6,FALSE,2,1,
2840,11,4|5|4|9|6|9|7|1|3|6|2|9|8|3|5|4|5|6|8|8|7|2|9|8|3|6|4|1|7|7|1|1|3|2|2|5,FALSE,2,1,
2841,11,7|5|8|7|9|3|1|3|7|8|2|4|6|1|4|1|4|8|6|5|9|2|6|4|6|5|7|3|2|2|1|3|9|8|5|9,FALSE,2,1,
2842,11,9|3|2|7|8|9|1|7|7|4|5|4|5|5|4|2|2|9|1|1|3|2|9|4|3|8|8|6|8|1|6|7|6|6|5|3,FALSE,2,1,
2843,14,11|4|3|8|6|6|3|3|11|12|2|10|2|5|7|8|3|7|7|9|4|5|2|5|9|6|4|9|5|4|8|8|10|2|10|11|12|7|11|12|10|9|6|1|12|1|1|1,FALSE,2,1,
2844,14,7|2|6|9|10|12|12|5|4|9|11|4|10|8|8|4|12|8|6|4|11|2|5|11|3|7|3|3|1|7|6|5|1|1|5|9|11|7|3|2|8|10|1|12|6|2|10|9,FALSE,2,1,
2845,14,11|9|7|8|4|8|5|12|9|5|11|7|2|9|1|3|9|4|10|12|6|6|1|4|5|3|11|3|2|7|5|11|6|2|7|10|4|1|10|6|10|3|1|12|8|12|2|8,FALSE,2,1,
2846,11,5|7|7|9|2|9|8|8|1|4|2|1|5|3|2|2|7|1|9|7|9|8|6|6|3|5|4|6|4|5|1|8|4|3|3|6,FALSE,2,1,
2847,14,8|4|6|2|11|3|1|6|2|3|7|2|2|4|7|11|4|5|5|6|11|11|9|5|1|7|8|10|12|12|10|6|8|5|12|1|9|7|3|9|12|3|8|10|1|4|10|9,FALSE,2,1,
2848,11,8|1|8|2|4|4|9|8|4|6|9|9|1|7|4|6|2|1|5|5|6|3|3|6|3|8|5|1|3|7|9|7|2|7|5|2,FALSE,2,1,
2849,11,7|4|6|4|7|8|1|4|8|3|6|7|1|6|6|2|3|9|1|7|3|5|2|9|9|8|5|5|8|2|4|2|1|3|9|5,FALSE,2,1,
2850,14,5|2|1|4|7|11|9|5|8|1|11|3|5|2|3|5|3|11|8|3|11|7|12|1|4|12|4|9|10|4|12|6|12|7|7|2|10|6|6|9|6|9|10|1|8|2|10|8,FALSE,2,1,
2851,11,3|2|6|1|4|9|2|8|7|2|7|4|4|7|8|5|9|6|1|6|8|6|5|7|8|3|2|3|4|5|1|9|5|3|1|9,FALSE,2,1,
2852,14,6|2|2|4|10|1|3|1|10|11|9|6|5|4|8|5|2|8|2|11|7|12|12|9|7|7|7|3|6|8|4|12|3|1|4|9|10|11|10|9|1|8|6|5|3|12|11|5,FALSE,2,1,
2853,11,2|5|5|1|8|1|3|3|3|7|6|9|1|5|9|6|7|3|8|6|7|2|9|8|2|6|5|8|4|2|4|9|7|1|4|4,FALSE,2,1,
2854,11,1|5|1|1|8|1|2|7|4|7|2|5|4|2|2|6|6|4|7|6|9|9|8|7|4|3|8|6|5|8|9|5|3|9|3|3,FALSE,2,1,
2855,11,8|3|8|7|6|5|8|1|2|4|8|1|7|9|3|3|9|9|5|6|4|4|2|7|2|7|5|4|3|6|1|2|9|6|1|5,FALSE,2,1,
2856,14,5|9|2|2|8|4|1|3|11|12|6|8|6|3|10|12|3|7|9|12|4|5|6|10|1|11|7|7|1|2|3|9|7|10|1|4|4|8|6|12|2|10|11|11|5|9|8|5,FALSE,2,1,
2857,11,3|2|8|9|6|2|9|5|1|8|6|2|1|4|4|7|7|5|6|4|2|9|3|4|6|7|3|8|1|9|8|3|7|5|1|5,FALSE,2,1,
2858,14,5|1|3|7|12|1|11|6|9|3|5|8|4|6|9|10|2|12|9|7|4|5|1|4|8|6|12|7|3|10|4|5|10|6|7|11|11|3|8|12|1|8|10|2|2|11|2|9,FALSE,2,1,
2859,14,5|12|2|8|4|2|12|8|6|10|11|5|7|11|7|10|1|8|9|1|4|6|2|3|12|5|9|6|6|9|10|1|3|5|2|7|4|9|1|7|11|3|3|11|4|8|10|12,FALSE,2,1,
2860,11,8|3|6|6|7|5|3|9|8|9|3|2|5|2|6|8|7|4|4|5|8|7|2|1|2|1|4|9|6|3|1|1|5|4|7|9,FALSE,2,2,
2861,14,7|1|6|10|9|12|4|1|9|3|3|5|2|2|1|9|6|6|11|2|4|8|11|11|7|3|10|5|12|4|10|7|5|5|8|10|9|7|11|6|12|4|8|3|12|2|8|1,FALSE,2,3,
2862,11,4|4|6|4|1|9|6|3|6|5|1|3|7|5|5|8|7|9|8|6|8|9|5|1|2|7|3|2|8|1|2|9|7|3|2|4,FALSE,2,1,
2863,11,9|5|3|2|1|5|2|2|8|4|6|6|2|1|6|7|4|9|9|8|4|3|3|5|7|7|9|5|6|4|7|1|3|8|8|1,FALSE,2,1,
2864,14,7|6|7|12|2|11|11|12|6|4|10|6|2|4|9|8|5|9|6|1|10|8|5|1|1|11|8|1|10|4|2|3|2|12|7|10|3|12|5|7|5|3|3|9|8|9|4|11,FALSE,2,1,
2865,14,5|4|4|1|7|3|11|10|10|12|3|10|1|11|7|4|2|7|10|8|4|6|5|12|3|6|11|6|11|9|6|2|8|3|2|1|5|12|7|9|2|9|8|9|12|8|1|5,FALSE,2,1,
2866,14,8|3|2|11|8|6|7|1|2|11|3|11|4|1|8|2|9|10|6|5|4|9|12|7|10|5|1|5|4|3|11|5|10|6|1|12|7|7|8|2|3|9|9|12|10|6|12|4,FALSE,2,2,
2867,11,6|7|4|8|3|1|1|8|8|9|5|7|4|2|2|1|9|5|9|2|6|9|7|1|6|2|8|4|4|3|6|3|7|5|5|3,FALSE,2,1,
2868,11,2|6|7|4|9|5|5|2|2|1|3|4|1|1|7|9|6|4|3|8|1|3|9|9|8|6|8|4|6|5|2|7|5|8|7|3,FALSE,2,1,
2869,14,2|6|1|4|12|5|3|8|9|3|8|8|11|4|6|12|12|11|2|5|8|7|10|6|1|7|7|6|10|10|9|1|4|2|12|11|3|3|10|1|4|2|7|9|9|11|5|5,FALSE,2,1,
2870,11,8|2|3|6|3|2|6|5|5|3|8|2|2|4|9|8|9|1|5|4|1|7|6|4|1|4|9|9|6|7|7|5|3|7|1|8,FALSE,2,1,
2871,11,3|4|6|6|6|1|2|6|1|1|2|3|4|3|8|2|1|8|8|5|2|8|5|9|4|7|5|5|7|9|9|7|9|4|7|3,FALSE,2,1,
2872,14,8|4|10|6|11|11|8|3|3|1|8|6|5|10|4|6|7|4|11|12|12|5|10|3|1|12|2|4|5|1|2|9|3|6|12|9|7|11|1|9|8|2|5|2|9|7|10|7,FALSE,2,1,
2873,14,3|2|8|4|10|4|2|8|11|1|8|9|7|9|6|1|11|11|1|5|3|9|6|8|7|5|12|4|6|3|2|12|1|9|6|7|4|11|12|10|5|12|7|3|10|2|5|10,FALSE,2,1,
2874,11,9|2|3|7|9|3|1|7|4|5|2|2|4|7|1|8|4|1|8|3|6|1|5|2|5|8|7|8|4|6|6|9|6|9|5|3,FALSE,2,1,
2875,14,1|8|11|12|4|2|7|10|9|12|5|10|6|10|3|3|3|6|2|10|7|1|3|1|12|12|1|8|9|2|11|2|4|8|9|11|11|6|5|7|5|6|4|5|9|7|4|8,FALSE,2,3,
2876,11,7|5|5|9|3|5|2|9|4|8|1|9|2|1|3|4|1|3|8|7|7|6|6|8|3|5|8|1|4|9|6|2|4|2|6|7,FALSE,2,1,
2877,11,9|2|3|7|1|4|8|6|9|8|2|1|7|6|8|1|5|1|7|2|3|4|2|6|4|5|6|5|7|9|8|4|9|3|3|5,FALSE,2,1,
2878,14,5|9|4|4|5|10|11|3|10|8|8|12|7|3|1|4|12|2|12|12|6|2|2|1|7|9|10|2|1|11|11|8|8|6|4|6|3|10|5|9|1|7|5|3|9|11|7|6,FALSE,2,1,
2879,11,5|6|2|5|2|8|7|9|9|7|6|8|3|4|6|5|4|6|3|3|4|2|1|1|5|4|9|8|9|1|1|3|7|8|7|2,FALSE,2,3,
2880,14,11|12|5|10|3|7|10|8|2|12|1|6|1|12|5|4|9|8|5|3|4|7|11|2|8|7|9|3|10|9|11|3|1|2|11|4|6|9|6|6|12|2|4|1|8|7|5|10,FALSE,2,2,
2881,11,1|4|1|5|7|2|8|4|9|2|5|4|3|8|5|9|7|8|7|6|3|2|6|4|8|5|6|3|9|1|6|3|1|7|2|9,FALSE,2,1,
2882,11,8|4|9|3|3|6|7|5|6|2|2|8|6|4|1|2|9|5|8|6|8|4|2|3|5|1|9|7|1|4|3|1|5|7|7|9,FALSE,2,1,
2883,14,7|11|5|5|8|4|8|3|4|1|5|11|11|5|2|6|6|9|6|4|8|10|1|9|2|2|7|8|12|10|3|10|3|9|1|12|1|6|7|10|4|9|12|11|2|7|3|12,FALSE,2,1,
2884,14,2|2|9|8|10|8|6|9|5|7|5|11|6|1|11|10|3|2|1|8|1|10|1|6|3|6|4|12|3|7|12|4|4|2|5|10|12|11|5|7|9|11|12|9|7|8|3|4,FALSE,2,1,
2885,14,10|7|9|2|11|5|2|1|8|8|3|3|5|1|8|10|7|9|7|2|12|3|8|6|2|4|10|11|4|3|12|4|6|9|5|11|9|12|6|1|1|11|7|10|5|4|6|12,FALSE,2,1,
2886,11,2|7|2|1|8|6|3|5|9|5|2|6|3|1|3|8|8|6|7|4|8|9|2|7|5|4|1|6|9|7|9|5|3|1|4|4,FALSE,2,1,
2887,11,9|2|6|3|4|2|7|8|1|6|2|9|1|5|5|9|1|7|7|4|3|4|3|8|1|6|2|8|8|6|5|9|4|3|5|7,FALSE,2,1,
2888,11,1|6|6|7|2|9|7|4|7|5|3|4|6|9|3|6|8|4|3|1|5|2|5|9|4|2|2|8|1|8|1|3|7|8|9|5,FALSE,2,1,
2889,11,1|1|1|8|2|7|5|8|6|4|9|9|5|7|4|6|3|3|6|7|7|8|3|4|2|5|3|9|4|5|2|9|1|6|2|8,FALSE,2,1,
2890,14,5|9|5|6|7|10|3|3|5|11|11|11|12|10|2|8|7|4|6|8|2|1|7|2|4|4|8|5|1|10|8|7|3|6|10|2|12|11|9|12|12|3|4|9|1|1|6|9,FALSE,2,1,
2891,14,4|7|2|2|8|1|9|9|3|2|3|7|5|4|8|3|8|12|4|6|12|12|10|5|12|5|10|1|11|10|6|1|1|11|7|11|2|3|6|11|4|10|9|6|5|9|7|8,FALSE,2,1,
2892,11,5|2|6|9|7|1|9|8|3|5|4|5|1|5|2|2|9|7|2|6|3|4|6|4|7|7|3|8|1|8|1|9|6|8|4|3,FALSE,2,1,
2893,14,7|10|12|2|3|4|6|1|11|8|1|3|6|1|9|11|6|9|11|9|11|12|2|2|7|10|8|6|3|5|4|5|12|7|10|12|8|5|10|5|4|2|3|4|9|7|1|8,FALSE,2,1,
2894,14,12|5|6|2|9|11|8|11|9|1|4|7|6|7|10|2|9|7|6|3|8|8|9|7|10|8|3|11|3|11|10|2|1|4|12|2|1|5|10|12|3|6|5|4|1|12|4|5,FALSE,2,1,
2895,11,5|7|4|5|5|2|4|1|7|7|9|9|6|4|3|8|1|5|2|3|3|4|8|9|2|8|7|1|8|6|6|9|3|1|6|2,FALSE,2,1,
2896,11,2|9|7|8|1|4|2|5|7|7|7|5|3|8|1|4|4|6|3|3|8|8|6|6|6|1|4|5|9|2|9|1|3|9|2|5,FALSE,2,1,
2897,14,8|3|9|11|12|7|4|12|4|1|2|2|9|3|12|11|10|7|6|1|1|11|4|10|6|8|1|10|7|2|9|8|12|5|7|3|9|11|5|5|4|10|6|8|5|2|6|3,FALSE,2,1,
2898,11,7|4|4|2|9|5|8|9|5|7|3|1|2|6|6|1|5|3|2|5|8|1|8|3|1|9|4|8|3|7|6|2|7|6|4|9,FALSE,2,1,
2899,11,2|8|4|1|9|9|8|3|5|4|4|7|9|6|3|3|1|6|5|7|4|2|6|2|5|7|9|8|8|1|1|6|7|3|5|2,FALSE,2,1,
2900,14,4|12|6|1|12|9|12|7|2|12|7|11|5|4|1|10|3|6|8|6|10|5|1|11|3|7|2|8|3|8|3|9|2|8|10|2|1|5|6|4|10|11|9|9|7|4|5|11,FALSE,2,1,
2901,14,3|2|5|11|10|11|12|11|1|5|12|4|1|7|11|7|7|5|9|4|9|6|10|3|9|6|8|8|10|1|5|7|3|4|2|4|3|12|6|1|10|8|6|2|12|9|8|2,FALSE,2,1,
2902,11,3|5|3|9|5|4|9|1|1|8|2|1|2|5|8|6|4|7|9|8|7|5|2|8|2|9|3|4|6|7|6|4|6|7|1|3,FALSE,2,1,
2903,14,2|6|7|3|12|11|3|10|5|10|2|6|10|4|3|10|5|7|4|4|8|2|11|8|6|4|3|5|1|12|5|12|8|1|1|2|9|11|6|7|7|9|12|1|9|8|11|9,FALSE,2,1,
2904,11,6|6|1|7|2|4|3|8|5|8|9|5|6|9|8|7|4|4|3|9|3|2|5|6|1|7|2|7|1|4|9|8|3|2|1|5,FALSE,2,1,
2905,14,7|8|10|7|2|2|8|3|5|12|12|11|7|12|3|9|10|5|2|6|10|9|4|6|8|5|8|4|1|9|1|12|3|6|11|4|4|1|10|11|11|1|2|9|3|5|7|6,FALSE,2,1,
2906,14,11|8|10|9|1|6|3|4|6|6|8|3|2|11|7|8|1|10|10|2|11|6|4|12|1|2|5|8|3|7|4|12|9|12|7|5|5|9|7|9|1|10|11|5|2|12|4|3,FALSE,2,1,
2907,11,1|1|8|4|3|7|2|1|1|3|9|3|8|6|9|6|4|5|2|7|9|8|5|2|2|5|6|9|7|7|4|8|3|4|5|6,FALSE,2,1,
2908,11,2|4|1|8|3|8|7|7|1|9|8|4|6|6|4|1|2|9|7|5|5|8|3|5|5|1|2|6|9|6|3|9|7|3|4|2,FALSE,2,1,
2909,11,7|1|2|3|7|1|6|4|8|2|9|9|8|4|1|4|8|2|8|5|5|9|3|3|6|6|7|3|4|5|6|9|5|1|2|7,FALSE,2,1,
2910,11,8|4|3|2|2|5|1|1|4|9|7|1|8|6|7|3|6|7|2|5|6|7|3|4|5|8|1|6|9|3|4|8|9|9|2|5,FALSE,2,1,
2911,14,4|2|10|4|3|11|6|8|2|10|10|2|1|11|12|5|8|5|3|4|5|4|3|12|7|9|1|5|8|7|1|12|11|8|7|10|9|6|3|7|2|6|12|6|9|9|1|11,FALSE,2,1,
2912,14,5|12|8|7|4|10|3|1|8|8|11|9|7|4|2|2|11|6|12|9|8|7|1|5|3|12|3|10|2|12|5|3|10|4|6|10|5|9|9|6|1|2|6|11|1|4|7|11,FALSE,2,1,
2913,14,8|9|12|3|11|10|6|11|12|5|5|7|8|11|2|9|2|1|1|4|4|6|7|4|6|11|5|8|4|10|10|2|5|6|9|8|3|9|12|7|3|7|12|1|3|1|10|2,FALSE,2,1,
2914,14,1|12|7|12|8|4|1|6|10|5|8|6|10|11|12|3|11|3|12|11|5|6|1|9|2|7|1|5|2|2|5|8|10|7|6|9|3|9|7|3|11|8|2|4|4|9|4|10,FALSE,2,1,
2915,11,2|4|7|8|6|8|7|2|5|6|5|2|7|9|2|9|6|5|9|1|3|4|1|4|3|4|1|5|8|7|6|1|9|3|8|3,FALSE,2,1,
2916,11,5|9|7|6|8|1|9|3|3|3|2|2|3|6|5|5|2|2|9|4|8|4|6|1|8|7|8|7|6|1|7|4|4|5|1|9,FALSE,2,1,
2917,11,8|3|5|8|7|1|9|9|7|4|6|9|5|9|6|2|4|7|1|4|1|6|2|3|6|3|1|8|7|2|5|3|5|2|4|8,FALSE,2,1,
2918,14,1|6|1|6|12|1|7|5|9|11|12|11|10|6|9|2|8|6|5|10|7|2|5|11|11|12|7|4|1|9|2|10|3|8|3|4|3|7|9|12|8|4|3|2|5|10|8|4,FALSE,2,1,
2919,11,5|7|4|2|4|2|5|8|1|9|7|8|4|9|3|7|2|6|8|6|5|7|2|9|3|5|8|1|4|3|6|1|9|6|3|1,FALSE,2,1,
2920,14,4|11|8|8|6|9|10|11|12|3|1|2|3|1|3|10|11|6|7|7|9|5|11|4|12|10|10|7|9|2|1|6|5|12|8|4|7|4|5|2|8|5|12|3|1|2|9|6,FALSE,2,2,
2921,14,8|3|7|12|1|11|11|12|6|3|9|4|7|12|7|1|6|6|9|11|7|2|9|2|5|3|2|4|4|1|5|5|4|2|8|3|12|11|10|10|10|1|9|8|6|5|8|10,FALSE,2,1,
2922,11,6|9|4|5|2|6|3|3|2|9|7|5|4|1|2|6|6|5|9|7|8|8|9|2|7|4|1|5|1|7|1|3|8|8|4|3,FALSE,2,1,
2923,11,7|4|3|1|6|5|4|3|2|5|6|2|2|4|6|8|1|1|9|9|9|5|7|7|8|6|2|3|7|8|9|8|4|1|5|3,FALSE,2,1,
2924,14,1|5|4|2|8|11|11|11|9|6|3|7|7|9|8|8|12|8|3|3|3|6|1|10|1|11|10|6|9|2|4|4|5|12|12|12|7|4|2|1|5|6|10|10|9|7|5|2,FALSE,2,1,
2925,11,6|4|3|1|7|9|8|8|6|5|7|2|1|9|8|2|5|5|8|3|2|7|9|4|4|3|1|9|7|5|6|6|3|1|4|2,FALSE,2,1,
2926,11,4|1|5|8|2|7|9|2|6|7|5|8|5|3|6|8|3|8|3|6|3|2|9|4|9|1|1|4|7|1|4|7|5|9|2|6,FALSE,2,1,
2927,14,9|8|10|3|1|7|4|2|7|6|10|8|10|3|12|7|2|5|11|4|9|4|9|3|5|1|8|11|12|7|11|3|5|1|2|10|12|12|6|11|6|5|8|1|6|2|9|4,FALSE,2,1,
2928,11,3|1|4|4|5|9|7|9|7|8|1|9|7|5|4|6|2|3|2|1|3|9|2|6|8|5|4|8|7|8|2|1|6|5|3|6,FALSE,2,1,
2929,11,8|7|4|1|5|1|9|7|3|6|2|4|7|3|5|3|1|5|8|5|1|6|7|9|2|9|6|4|3|8|8|2|2|6|9|4,FALSE,2,1,
2930,14,12|8|6|6|9|2|5|4|4|6|5|3|3|12|2|8|1|4|3|6|9|11|7|7|7|10|5|8|3|8|4|12|10|7|5|10|1|11|1|2|10|11|2|12|11|9|9|1,FALSE,2,1,
2931,11,8|7|8|9|6|3|7|2|1|6|9|7|8|3|4|5|4|6|9|2|5|3|9|5|2|6|4|5|1|1|4|7|3|8|1|2,FALSE,2,1,
2932,14,2|5|4|2|5|3|1|10|9|4|11|6|1|2|12|7|6|12|9|4|1|2|12|8|11|8|4|1|7|10|12|9|9|3|10|7|3|3|5|10|5|8|11|8|6|7|11|6,FALSE,2,1,
2933,11,2|3|8|6|1|9|5|2|3|4|3|7|8|9|8|2|6|5|1|5|9|4|4|7|8|7|6|4|6|9|5|1|7|1|3|2,FALSE,2,1,
2934,11,1|2|6|6|4|1|9|8|3|7|4|8|9|8|1|5|5|7|7|1|9|9|6|3|8|3|5|2|5|3|2|7|6|4|2|4,FALSE,2,1,
2935,14,9|10|10|6|6|4|3|3|10|3|11|9|7|11|11|1|8|12|8|1|1|2|2|5|4|4|7|3|8|2|9|7|11|5|4|12|7|6|5|5|9|6|10|12|2|1|12|8,FALSE,2,1,
2936,14,2|8|1|4|7|6|2|5|4|3|4|6|12|6|3|8|1|9|7|10|8|6|11|1|12|9|1|2|2|12|9|5|5|11|9|8|3|7|4|12|11|10|11|5|10|7|10|3,FALSE,2,1,
2937,11,8|9|6|9|2|6|9|5|3|8|4|5|1|5|5|2|4|3|4|1|9|2|1|3|6|4|3|1|2|7|8|8|7|6|7|7,FALSE,2,1,
2938,14,12|11|7|12|1|9|10|4|8|3|2|9|12|2|11|2|7|1|7|8|7|4|10|5|1|6|5|8|5|11|6|3|6|8|9|6|4|1|3|10|12|11|3|9|2|5|10|4,FALSE,2,1,
2939,11,9|3|6|4|8|3|9|3|1|5|5|5|1|7|7|2|8|1|8|2|2|5|6|6|9|7|9|2|8|4|7|1|4|4|6|3,FALSE,2,1,
2940,14,5|4|7|11|5|9|11|5|2|8|11|3|1|11|6|9|8|7|9|12|10|5|7|7|3|6|6|10|4|1|10|4|6|3|8|8|1|2|2|2|12|12|10|3|1|4|9|12,FALSE,2,1,
2941,14,8|5|3|9|11|7|10|11|9|12|2|12|11|7|10|5|4|2|5|11|4|1|5|3|10|6|1|9|8|8|7|4|12|7|4|6|12|9|6|3|8|2|1|6|1|3|10|2,FALSE,2,1,
2942,11,3|2|7|5|3|1|2|9|1|2|4|6|7|6|9|1|7|5|5|5|7|3|2|9|8|8|4|8|3|1|9|4|4|6|6|8,FALSE,2,1,
2943,14,11|4|9|8|2|6|2|5|2|2|7|9|10|5|6|1|11|8|3|9|11|9|7|4|1|7|3|11|5|7|12|3|4|10|1|12|12|5|8|4|8|6|12|10|1|10|3|6,FALSE,2,1,
2944,11,6|3|3|9|8|6|1|7|4|8|5|4|3|5|9|8|2|6|6|7|4|2|1|9|3|7|9|4|1|8|1|7|5|2|5|2,FALSE,2,1,
2945,11,7|3|9|7|8|1|2|8|1|6|4|9|7|1|6|6|7|9|4|8|2|2|5|9|5|1|5|4|3|3|2|6|4|3|5|8,FALSE,2,1,
2946,14,5|1|7|11|11|4|5|4|6|12|6|2|12|9|7|10|3|5|1|1|9|6|10|8|8|6|2|5|10|8|8|4|3|10|7|3|12|2|2|9|7|12|11|4|1|9|11|3,FALSE,2,1,
2947,14,3|12|8|12|7|10|5|9|10|12|10|8|8|9|3|1|1|11|1|1|5|11|3|2|4|7|6|8|7|4|11|11|2|4|6|3|2|6|12|5|9|6|4|10|2|5|7|9,FALSE,2,1,
2948,11,5|5|8|1|8|7|8|2|3|4|3|6|9|4|2|4|6|9|6|4|5|5|2|1|6|2|7|1|7|9|8|3|1|9|3|7,FALSE,2,1,
2949,11,2|4|8|9|4|1|1|4|1|5|8|9|8|9|6|3|3|9|7|5|7|2|3|6|7|4|5|2|6|5|2|7|3|6|1|8,FALSE,2,1,
2950,14,4|7|12|1|3|7|8|11|6|6|9|12|6|5|8|6|5|10|5|2|3|2|12|10|3|7|9|5|4|9|1|2|3|1|8|11|11|11|8|2|12|10|4|9|1|4|7|10,FALSE,2,1,
2951,11,4|9|9|9|3|4|7|5|7|6|4|5|2|8|9|3|6|5|1|5|6|2|4|8|3|7|2|2|7|3|6|8|8|1|1|1,FALSE,2,1,
2952,14,3|2|7|4|10|7|1|3|1|12|1|11|9|11|12|6|10|2|5|7|6|3|10|8|12|6|2|5|4|8|5|3|11|10|2|4|12|6|7|8|11|5|9|9|1|9|4|8,FALSE,2,1,
2953,11,4|8|8|2|5|2|9|7|1|5|4|6|3|4|6|8|7|2|6|5|7|6|1|2|9|9|3|5|3|1|8|4|3|9|1|7,FALSE,2,1,
2954,14,6|2|5|9|8|4|5|3|7|11|12|9|1|11|3|11|9|6|1|4|4|1|2|12|8|2|8|5|12|10|5|6|6|1|12|4|10|11|8|7|3|7|3|10|9|10|2|7,FALSE,2,1,
2955,11,8|8|2|9|3|6|5|7|8|1|3|5|1|8|4|7|4|9|7|7|3|1|6|4|5|1|9|6|2|3|6|2|2|9|4|5,FALSE,2,1,
2956,11,4|1|9|7|2|8|1|7|7|8|7|6|3|5|6|4|9|2|3|6|8|3|6|4|1|5|5|4|3|5|9|2|1|9|2|8,FALSE,2,1,
2957,11,3|2|7|5|3|2|6|4|9|5|8|2|2|4|9|1|7|9|5|8|6|1|3|7|9|1|8|5|3|4|4|1|8|6|6|7,FALSE,2,1,
2958,11,5|6|2|9|5|7|7|8|4|2|6|2|3|9|1|3|6|9|2|6|9|7|3|7|8|1|5|5|8|4|4|3|8|1|4|1,FALSE,2,1,
2959,14,11|1|12|2|7|11|7|3|3|3|4|2|2|1|4|10|9|7|5|6|9|10|8|5|6|5|5|8|12|4|4|11|12|1|11|2|6|10|8|6|9|3|8|7|1|12|9|10,FALSE,2,1,
2960,14,12|9|10|8|5|1|3|5|1|7|10|2|6|6|8|4|2|4|1|8|9|11|11|2|4|2|3|3|11|12|10|1|8|4|9|9|7|6|12|5|7|3|11|5|10|7|6|12,FALSE,2,1,
2961,14,11|9|4|12|11|7|11|12|7|3|1|1|9|1|8|10|5|2|12|3|4|8|6|5|10|8|12|1|8|3|9|11|2|6|10|10|5|7|4|3|9|6|2|2|4|5|6|7,FALSE,2,1,
2962,11,4|3|6|7|3|4|1|9|2|6|5|6|1|3|5|8|3|7|2|9|8|6|4|5|9|2|1|9|5|4|8|2|7|1|7|8,FALSE,2,1,
2963,14,9|11|11|3|1|2|2|1|7|4|6|9|5|12|10|8|4|4|7|5|7|1|12|8|2|12|12|9|3|9|10|6|3|2|6|10|5|10|8|3|8|6|11|5|4|7|1|11,FALSE,2,1,
2964,11,4|3|2|2|7|6|1|9|6|4|6|5|1|3|2|9|7|5|4|3|8|8|8|4|1|5|2|7|1|7|9|8|5|9|6|3,FALSE,2,1,
2965,11,6|3|6|7|4|7|8|5|2|8|1|7|1|4|2|7|3|8|5|5|2|6|9|2|4|9|1|1|9|3|6|5|3|8|9|4,FALSE,2,1,
2966,14,1|11|8|3|4|8|5|12|7|4|10|3|12|8|6|1|8|4|11|2|9|7|5|9|11|2|2|9|4|7|12|3|12|7|6|11|1|10|1|5|2|9|6|6|5|10|10|3,FALSE,2,1,
2967,11,2|5|6|4|4|5|6|3|3|2|3|8|3|9|8|2|2|5|4|8|7|6|4|8|7|6|1|1|7|7|5|1|9|1|9|9,FALSE,2,1,
2968,14,7|8|7|4|5|3|7|6|8|11|2|12|1|4|11|5|10|3|4|1|7|6|11|10|8|1|2|12|9|5|4|12|1|10|9|3|12|9|11|2|6|5|2|8|3|9|6|10,FALSE,2,1,
2969,14,6|4|9|4|12|11|5|3|2|1|4|2|11|10|7|5|1|5|2|2|8|8|8|9|11|10|7|1|5|12|3|9|7|4|10|3|12|8|11|6|6|3|7|12|9|1|6|10,FALSE,2,1,
2970,11,7|3|7|8|7|5|6|2|8|3|5|2|6|4|4|7|2|1|1|1|5|4|9|6|1|8|4|5|9|6|3|9|2|9|8|3,FALSE,2,1,
2971,11,8|7|4|6|2|9|6|9|5|4|1|5|2|1|4|3|8|3|3|7|5|9|1|2|7|3|8|5|4|9|1|6|7|8|2|6,FALSE,2,1,
2972,14,6|12|7|11|9|12|3|10|9|6|1|4|4|10|8|2|8|5|11|9|2|6|1|2|7|8|1|6|12|3|10|7|1|4|8|12|10|2|5|4|5|3|3|11|7|11|5|9,FALSE,2,1,
2973,14,5|2|7|10|5|9|10|7|1|6|3|3|5|9|1|2|6|4|10|11|5|4|9|12|10|12|7|12|8|12|2|6|1|4|8|1|6|2|8|7|9|4|11|3|11|8|11|3,FALSE,2,1,
2974,14,11|4|11|5|12|2|5|3|4|10|3|2|8|5|6|9|7|10|5|4|11|1|6|7|3|4|8|8|1|12|2|10|2|12|7|1|6|9|6|10|9|7|12|1|9|11|8|3,FALSE,2,1,
2975,11,9|5|4|8|4|6|8|3|1|7|9|2|1|1|8|7|7|2|3|3|1|6|9|6|3|8|2|4|2|7|5|9|6|4|5|5,FALSE,2,1,
2976,11,3|2|6|7|2|5|6|9|9|6|2|4|3|1|8|5|4|7|9|8|3|8|5|7|6|4|3|7|5|4|1|1|1|8|9|2,FALSE,2,1,
2977,11,7|7|5|4|5|8|3|9|3|1|2|2|7|2|7|2|6|9|4|4|5|9|6|8|8|6|8|5|1|3|1|6|1|9|3|4,FALSE,2,1,
2978,14,7|12|5|8|1|5|8|8|7|4|2|5|4|6|10|6|9|1|6|12|7|10|10|9|3|7|9|4|12|2|3|1|4|9|2|12|11|10|11|8|11|1|2|3|11|6|5|3,FALSE,2,1,
2979,14,7|8|11|11|9|12|5|8|10|1|7|2|9|5|7|2|2|7|5|9|5|10|8|4|4|4|10|10|3|3|9|1|12|3|6|6|1|6|3|2|8|12|12|11|4|1|11|6,FALSE,2,1,
2980,11,4|1|6|4|8|6|2|9|8|5|5|1|5|8|2|9|2|9|9|3|3|1|8|4|7|2|7|7|3|4|7|6|6|1|5|3,FALSE,2,1,
2981,11,2|1|6|5|2|7|9|2|8|7|8|4|7|4|6|8|3|7|9|1|4|9|8|2|1|6|3|1|9|6|5|5|4|3|3|5,FALSE,2,1,
2982,11,7|2|8|3|3|7|4|5|1|1|6|2|6|5|4|9|2|1|8|3|7|8|9|6|4|7|5|2|9|4|6|3|8|1|5|9,FALSE,2,1,
2983,14,1|10|4|1|12|2|1|2|9|10|10|5|3|8|7|5|8|6|9|4|6|2|5|4|7|8|11|7|11|12|10|3|7|11|3|3|6|8|2|11|4|12|6|9|12|9|5|1,FALSE,2,1,
2984,14,4|9|3|2|10|1|8|6|5|6|4|1|7|7|8|3|2|7|9|2|1|11|10|10|12|3|6|6|5|10|4|9|11|12|12|11|2|5|11|3|8|9|4|8|5|7|12|1,FALSE,2,1,
2985,14,4|2|3|4|5|11|8|11|7|10|1|12|9|3|5|12|7|11|1|6|1|7|11|3|12|6|9|4|5|2|3|5|10|9|2|6|4|2|8|8|7|10|12|10|6|1|9|8,FALSE,2,1,
2986,11,9|5|5|6|1|9|3|6|4|2|9|1|2|3|5|3|4|6|8|8|9|2|2|7|4|1|5|6|7|7|4|8|7|1|3|8,FALSE,2,1,
2987,11,6|6|5|6|9|9|5|1|3|9|3|5|7|4|8|7|4|2|8|7|8|4|5|1|9|1|8|1|3|2|6|4|2|3|2|7,FALSE,2,1,
2988,14,12|6|2|9|4|10|8|10|9|3|4|1|3|8|7|6|8|1|6|9|12|2|4|10|3|11|12|9|4|5|7|5|1|7|11|12|11|7|3|5|2|6|11|1|5|10|2|8,FALSE,2,1,
2989,14,7|2|7|10|10|1|7|3|11|11|6|11|6|12|4|1|7|8|2|5|9|4|5|9|6|8|5|12|1|3|4|9|5|11|3|12|6|12|10|9|3|4|2|10|2|1|8|8,FALSE,2,1,
2990,11,3|3|9|5|1|6|7|4|2|4|8|7|4|2|1|8|5|2|1|9|5|6|7|9|3|4|9|6|8|8|7|6|1|2|5|3,FALSE,2,1,
2991,11,3|1|3|2|9|3|4|4|1|5|4|6|8|2|8|7|8|1|2|9|5|4|3|6|8|9|9|6|1|2|5|5|6|7|7|7,FALSE,2,1,
2992,14,11|4|7|2|3|1|8|1|1|12|2|5|12|8|8|1|5|12|4|2|10|9|6|7|4|6|10|11|11|2|10|12|11|7|3|7|9|3|4|5|9|6|10|6|8|3|9|5,FALSE,2,1,
2993,11,7|7|4|2|7|5|1|1|4|8|2|6|6|7|9|9|8|5|8|2|4|9|1|5|3|3|1|8|2|3|5|6|6|9|4|3,FALSE,2,1,
2994,11,7|9|9|5|3|5|6|2|7|3|8|6|4|7|6|8|6|9|2|2|5|3|4|8|3|9|2|1|8|1|4|1|1|4|7|5,FALSE,2,1,
2995,11,9|7|2|1|5|4|9|2|4|9|6|8|4|2|4|1|5|6|5|3|7|8|6|3|3|9|8|1|3|1|6|2|7|5|8|7,FALSE,2,1,
2996,14,7|11|4|8|10|2|9|4|6|11|1|10|9|9|3|12|8|7|10|6|3|3|9|12|7|3|8|5|12|5|5|11|5|1|7|1|6|4|8|4|2|11|2|6|1|12|10|2,FALSE,2,1,
2997,14,11|9|2|10|6|4|2|7|11|9|11|1|10|8|7|6|12|12|1|7|2|11|5|8|5|5|4|9|4|7|12|3|1|10|4|3|3|5|9|3|12|6|1|2|6|10|8|8,FALSE,2,1,
2998,11,8|1|3|4|7|6|5|2|1|8|5|6|7|1|9|4|9|2|9|6|5|3|1|3|3|7|7|2|2|5|9|6|4|8|8|4,FALSE,2,1,
2999,14,4|2|5|1|12|11|4|9|12|5|7|9|2|11|5|7|1|1|8|6|6|3|4|5|4|11|9|1|3|7|10|7|8|8|11|2|10|10|6|9|8|3|12|3|2|6|10|12,FALSE,2,1,
3000,11,8|7|9|3|5|1|5|8|7|8|6|2|9|6|7|9|1|4|4|7|2|8|6|9|3|4|5|1|2|1|6|3|5|3|2|4,FALSE,2,1,
3001,11,2|5|1|5|9|1|1|6|6|4|4|4|3|8|7|9|2|8|9|4|7|2|5|6|1|9|7|2|3|3|8|7|6|5|3|8,FALSE,2,1,
3002,14,9|11|11|6|2|10|4|8|5|12|6|1|2|4|8|8|9|7|7|11|5|10|12|7|1|6|3|4|8|7|2|10|12|5|10|3|5|6|11|3|1|3|9|2|1|4|9|12,FALSE,2,1,
3003,11,9|5|2|8|4|6|4|1|3|2|3|5|8|4|3|2|6|1|6|1|7|5|5|9|7|9|9|6|2|3|8|8|4|7|1|7,FALSE,2,1,
3004,14,1|7|8|11|12|3|5|7|11|1|2|10|8|11|3|12|4|12|11|2|4|9|6|8|9|10|8|7|9|4|6|7|6|1|5|5|4|1|9|3|10|3|12|5|10|2|6|2,FALSE,2,1,
3005,11,1|6|4|1|4|9|1|2|5|8|6|7|3|1|3|2|7|5|4|9|2|8|7|3|9|3|6|8|9|8|5|2|4|7|6|5,FALSE,2,1,
3006,14,11|11|5|9|8|1|7|2|1|12|8|6|4|1|7|1|3|10|9|4|11|12|6|10|10|9|2|7|8|11|8|3|2|6|9|12|10|4|6|12|3|4|3|5|5|5|2|7,FALSE,2,1,
3007,11,8|1|9|6|8|1|9|2|7|2|3|5|7|3|4|9|3|2|9|7|2|4|4|8|4|5|3|5|6|7|6|6|1|8|5|1,FALSE,2,1,
3008,14,1|2|6|8|1|1|7|10|11|6|6|3|8|9|10|8|8|2|4|2|1|11|7|6|7|3|9|5|10|3|12|4|7|12|4|12|4|9|2|9|5|11|5|10|11|5|12|3,FALSE,2,1,
3009,14,5|3|2|1|1|10|9|2|4|12|5|5|9|8|2|4|10|9|12|11|6|4|7|1|7|6|4|5|6|11|3|12|8|7|6|10|8|8|1|9|11|10|7|12|3|2|11|3,FALSE,2,1,
3010,11,3|8|1|5|5|9|5|3|8|4|4|4|7|9|8|2|8|9|3|7|4|2|6|6|5|2|1|1|7|2|1|9|7|6|3|6,FALSE,2,1,
3011,11,4|8|5|1|2|6|6|4|9|5|8|3|6|8|5|3|3|4|9|7|9|9|2|1|5|3|7|7|1|2|1|8|6|4|2|7,FALSE,2,1,
3012,14,10|10|8|9|1|9|12|4|1|3|12|10|9|5|5|6|4|7|5|5|7|2|1|7|11|11|3|3|2|4|12|12|7|1|6|11|10|6|2|8|8|4|9|11|6|3|2|8,FALSE,2,1,
3013,14,8|6|4|6|7|12|9|5|3|8|3|6|1|4|12|1|11|11|7|4|4|10|10|6|3|1|8|10|11|7|8|3|2|9|11|9|5|10|12|9|7|5|2|12|2|1|2|5,FALSE,2,3,
3014,14,10|2|10|9|12|1|1|8|6|4|12|7|9|7|2|11|3|12|3|2|5|10|8|12|5|8|5|11|11|9|8|4|7|6|10|5|3|9|1|4|2|6|7|6|1|4|3|11,FALSE,2,1,
3015,11,8|6|4|3|9|8|1|5|9|1|3|4|9|2|4|5|8|6|7|1|5|3|7|1|7|4|3|6|5|2|2|6|8|9|7|2,FALSE,2,1,
3016,11,4|6|6|9|1|1|3|8|9|5|7|2|2|2|1|4|1|2|7|9|6|5|9|6|5|3|7|4|4|3|8|3|8|7|5|8,FALSE,2,1,
3017,14,12|7|3|6|5|4|2|6|1|8|9|8|10|1|12|5|8|1|2|4|6|2|7|11|3|12|6|7|7|9|9|8|10|11|9|10|3|10|2|11|3|12|1|5|4|4|5|11,FALSE,2,1,
3018,14,1|2|7|8|10|7|11|10|7|9|10|5|8|5|7|11|1|5|4|6|12|2|11|3|3|3|12|12|9|1|6|12|2|9|4|10|8|3|8|6|4|9|5|4|11|1|6|2,FALSE,2,1,
3019,11,6|3|2|1|8|8|7|3|9|6|6|4|5|5|7|9|5|1|4|4|2|8|9|7|4|2|2|5|8|9|3|3|1|7|6|1,FALSE,2,2,
3020,11,6|9|5|7|2|3|4|6|9|1|8|6|5|9|9|7|2|1|5|4|3|1|2|1|4|8|3|8|3|6|4|5|7|2|7|8,FALSE,2,1,
3021,11,5|2|2|8|7|8|1|9|9|4|6|1|3|3|7|5|9|2|5|3|4|8|1|5|1|7|3|7|4|8|4|2|9|6|6|6,FALSE,2,1,
3022,14,11|10|11|12|2|7|3|1|2|12|3|6|7|6|10|10|11|1|1|1|5|5|12|3|4|8|9|5|6|11|2|7|4|9|2|6|4|8|3|9|12|8|8|10|4|7|9|5,FALSE,2,1,
3023,11,4|5|3|2|1|7|5|5|4|9|9|6|2|8|2|6|6|7|1|7|3|9|8|4|4|1|5|3|9|7|1|8|8|6|3|2,FALSE,2,1,
3024,11,8|4|9|9|1|1|6|2|9|6|3|7|7|5|1|8|3|6|7|4|8|6|4|7|2|3|1|9|2|5|8|4|3|5|2|5,FALSE,2,1,
3025,11,6|9|7|8|2|5|7|4|4|6|8|7|3|9|1|1|5|2|6|8|3|6|5|3|3|2|2|1|5|4|9|1|9|7|4|8,FALSE,2,1,
3026,11,6|3|9|5|5|6|4|7|9|8|7|3|7|5|6|1|5|3|8|2|8|8|4|2|3|4|9|4|1|1|9|2|7|6|1|2,FALSE,2,1,
3027,14,4|2|11|1|7|1|11|10|9|5|6|8|1|3|4|3|7|3|4|8|5|9|2|6|12|12|9|11|11|5|12|2|7|6|7|10|8|9|12|10|6|1|8|4|3|2|5|10,FALSE,2,1,
3028,14,2|5|11|8|7|2|6|12|9|4|3|5|7|1|2|2|10|3|5|4|8|9|10|7|8|6|9|1|4|4|3|12|12|8|10|7|11|10|11|12|11|3|6|9|6|1|5|1,FALSE,2,1,
3029,14,7|8|2|2|11|1|5|4|7|11|4|3|6|11|9|2|7|12|8|3|6|8|6|7|5|10|3|9|11|3|12|12|8|1|9|10|5|1|10|1|6|4|5|4|12|2|9|10,FALSE,2,1,
3030,11,1|6|4|8|7|5|7|3|5|4|8|9|8|5|1|9|1|3|2|9|4|8|3|6|2|2|2|9|1|6|6|7|4|7|5|3,FALSE,2,1,
3031,11,4|9|2|4|1|1|2|1|9|2|5|4|3|7|8|6|7|8|5|6|9|3|8|7|1|6|5|2|4|3|3|5|8|6|7|9,FALSE,2,1,
3032,14,2|4|8|12|6|2|9|12|11|10|7|10|4|6|7|7|5|9|6|1|11|7|4|11|5|11|8|3|5|5|4|10|3|2|8|1|1|3|8|10|12|12|6|9|1|9|3|2,FALSE,2,1,
3033,14,5|3|8|2|9|8|10|12|6|1|11|12|7|7|4|11|6|2|7|12|10|2|6|12|4|9|4|1|7|10|1|6|3|8|8|1|2|4|9|9|10|3|5|11|5|3|11|5,FALSE,2,1,
3034,11,9|3|9|6|9|8|7|2|2|4|4|3|7|1|5|7|6|1|2|3|5|3|1|7|6|1|9|8|4|2|5|5|8|6|8|4,FALSE,2,1,
3035,11,8|8|6|6|7|1|2|3|7|9|3|7|1|7|5|4|4|5|6|1|5|9|3|8|2|2|5|2|8|6|9|9|1|4|4|3,FALSE,2,1,
3036,14,2|11|10|3|1|7|12|7|6|1|6|3|8|7|2|9|12|5|8|1|8|10|6|3|5|5|9|2|9|2|9|6|8|3|7|11|4|10|12|12|11|4|4|5|11|1|4|10,FALSE,2,1,
3037,11,8|2|3|6|8|1|7|9|6|6|5|7|8|5|9|5|9|5|7|2|4|4|4|2|8|9|2|1|1|3|1|7|3|4|6|3,FALSE,2,1,
3038,14,6|12|6|11|2|7|8|7|2|9|10|5|5|1|5|5|10|10|12|11|1|9|4|7|2|11|3|3|6|1|2|8|8|8|1|9|10|7|9|12|4|4|4|3|6|12|3|11,FALSE,2,1,
3039,11,4|2|7|4|3|2|7|3|2|1|6|6|4|8|3|8|9|7|2|6|5|8|6|5|5|9|5|3|4|7|1|1|9|9|8|1,FALSE,2,1,
3040,14,12|7|5|8|11|6|4|10|6|3|12|12|3|1|5|10|9|9|6|2|3|9|11|7|2|5|11|1|7|6|2|10|11|8|8|2|9|4|12|3|1|1|8|4|7|4|10|5,FALSE,2,1,
3041,14,4|9|4|9|2|5|3|8|5|10|7|7|12|9|4|12|11|1|6|12|3|5|3|10|1|2|9|8|7|11|1|8|1|10|3|6|5|8|6|11|6|2|7|10|12|2|4|11,FALSE,2,1,
3042,11,4|8|3|1|5|2|1|7|9|2|6|7|4|4|5|9|2|8|3|6|6|5|3|7|4|9|1|8|7|8|2|5|6|1|9|3,FALSE,2,1,
3043,11,7|6|3|8|6|3|2|7|7|1|8|1|9|4|3|6|4|4|4|5|1|5|2|5|2|8|8|6|3|1|5|9|9|9|2|7,FALSE,2,1,
3044,14,4|1|3|9|5|9|2|12|6|1|10|7|12|7|6|4|11|11|3|5|2|8|11|1|5|7|7|4|10|10|11|10|6|1|6|2|5|3|4|8|12|9|9|12|2|3|8|8,FALSE,2,1,
3045,14,9|2|12|7|3|5|10|5|9|8|1|12|3|9|6|4|8|2|3|11|5|7|11|6|4|7|1|1|10|6|11|5|12|2|3|12|8|11|7|9|4|10|4|2|8|10|6|1,FALSE,2,1,
3046,14,1|3|4|5|1|6|2|11|9|12|10|2|11|3|1|11|5|9|11|7|10|3|8|8|2|8|2|7|12|7|1|9|6|8|10|4|5|4|7|9|12|4|6|3|6|5|10|12,FALSE,2,1,
3047,11,3|4|6|8|5|2|2|1|6|8|5|3|4|7|1|3|9|7|4|7|7|6|9|1|9|8|8|2|2|4|9|1|5|6|5|3,FALSE,2,1,
3048,11,6|1|4|2|6|8|3|8|9|1|6|2|6|3|4|7|9|5|2|5|5|4|2|9|7|1|8|5|8|7|3|7|9|4|1|3,FALSE,2,1,
3049,11,3|2|5|6|8|6|7|2|1|8|9|7|4|3|5|4|2|7|9|7|5|3|5|6|8|6|9|9|2|4|8|1|4|1|1|3,FALSE,2,2,
3050,14,6|9|11|3|7|9|10|4|7|8|11|9|4|2|12|6|6|9|12|5|11|10|10|5|3|5|1|2|12|10|12|3|1|7|1|2|4|5|7|11|6|4|1|2|8|3|8|8,FALSE,2,3,
3051,14,11|9|12|7|1|6|5|1|12|9|12|8|7|1|4|7|2|9|2|6|4|3|10|5|10|4|8|3|3|11|11|10|11|9|12|8|7|2|6|5|10|5|6|2|4|3|1|8,FALSE,2,1,
3052,11,1|9|7|3|1|2|1|7|1|6|7|3|5|8|8|8|5|2|2|4|3|9|3|4|4|5|8|6|6|7|5|9|9|2|6|4,FALSE,2,1,
3053,11,7|8|8|7|4|6|3|5|1|2|4|2|5|5|7|3|9|6|9|7|8|3|5|1|8|2|6|2|9|1|6|4|4|3|9|1,FALSE,2,1,
3054,14,1|10|2|4|10|7|3|11|8|12|4|5|11|3|7|8|9|6|10|5|6|3|5|9|8|7|1|5|2|12|10|1|9|2|4|2|11|9|11|6|8|6|3|1|12|4|12|7,FALSE,2,1,
3055,14,8|6|4|9|2|6|8|4|6|5|2|9|3|5|10|1|10|4|12|6|12|9|10|7|4|8|8|5|2|5|11|3|2|11|3|12|7|11|1|3|12|10|7|1|11|1|7|9,FALSE,2,1,
3056,11,6|4|2|8|7|6|7|2|1|9|7|5|2|5|3|3|8|9|1|8|8|6|7|3|6|4|4|9|5|3|1|4|5|2|1|9,FALSE,2,3,
3057,11,1|1|6|4|2|5|4|8|9|5|3|3|7|6|3|7|1|8|8|4|5|2|7|8|2|5|2|9|6|3|4|9|9|7|1|6,FALSE,2,1,
3058,11,2|7|9|1|5|5|9|6|7|6|4|5|8|1|4|1|9|1|4|2|6|7|8|3|2|8|2|3|8|3|5|3|6|9|4|7,FALSE,2,2,
3059,14,5|12|2|9|6|7|1|8|8|9|8|11|1|3|1|2|4|5|2|10|6|9|10|6|5|9|3|8|12|4|6|12|1|11|3|10|7|12|5|4|11|3|7|7|2|4|11|10,FALSE,2,1,
3060,14,7|4|9|12|11|7|1|9|4|1|3|10|6|6|5|4|2|6|5|10|10|9|2|8|7|10|3|5|11|1|8|3|7|3|12|12|4|11|5|8|6|11|2|8|2|1|9|12,FALSE,2,1,
3061,11,6|6|5|4|3|2|8|2|5|5|4|8|3|8|4|6|7|4|3|1|1|1|7|7|8|9|3|6|9|5|1|2|7|9|9|2,FALSE,2,1,
3062,11,6|1|3|2|9|5|4|2|7|4|8|3|1|5|1|8|7|8|4|3|6|5|2|5|7|1|7|9|3|6|6|9|4|2|8|9,FALSE,2,1,
3063,14,5|6|11|1|9|7|4|1|8|9|10|3|6|3|12|5|7|1|7|10|4|11|5|8|9|4|2|11|1|12|2|5|12|2|12|10|6|11|8|7|8|4|9|6|10|3|3|2,FALSE,2,1,
3064,11,6|2|9|1|7|3|8|5|2|8|4|6|6|8|9|1|2|3|6|8|5|1|5|4|1|9|7|5|4|3|7|9|3|4|7|2,FALSE,2,1,
3065,14,12|1|4|1|3|9|4|2|12|3|5|1|5|6|11|9|12|7|8|9|10|10|4|4|5|8|1|9|3|8|3|7|8|7|11|11|2|10|7|5|11|6|6|2|10|6|2|12,FALSE,2,1,
3066,11,4|6|7|6|4|2|8|1|9|8|5|1|3|2|1|5|2|7|2|9|5|3|3|4|7|9|9|6|8|8|3|1|4|6|5|7,FALSE,2,1,
3067,11,3|1|5|8|5|3|6|3|8|5|4|9|7|1|7|2|1|6|9|9|4|7|7|8|9|1|6|5|3|2|2|4|4|2|6|8,FALSE,2,1,
3068,14,6|3|11|1|8|11|8|11|6|1|3|10|4|9|4|3|5|12|8|10|4|4|1|10|7|5|9|2|5|2|7|6|8|7|9|7|1|12|5|11|10|2|6|3|2|9|12|12,FALSE,2,1,
3069,11,7|5|9|8|4|8|3|3|4|3|2|4|9|1|3|1|6|4|6|7|7|1|2|2|5|7|5|6|8|9|1|2|6|8|9|5,FALSE,2,1,
3070,11,1|8|3|2|4|4|1|7|8|6|6|4|8|3|5|9|5|7|1|7|2|3|9|9|9|1|5|7|3|5|6|4|8|2|2|6,FALSE,2,1,
3071,14,3|3|10|9|11|2|5|7|11|10|9|11|3|8|5|3|4|12|10|1|1|2|6|9|6|1|7|11|8|4|4|4|7|6|12|10|6|5|8|2|7|12|1|2|12|8|9|5,FALSE,2,3,
3072,14,9|11|7|1|2|6|8|3|6|6|11|5|9|1|2|9|4|7|8|8|3|10|10|8|6|10|11|10|12|4|12|9|1|5|4|2|5|7|1|12|3|5|7|11|2|12|4|3,FALSE,2,1,
3073,11,6|2|6|7|2|1|1|3|1|9|8|3|4|9|3|5|4|4|2|9|7|1|7|5|5|6|2|9|3|8|7|4|8|6|8|5,FALSE,2,1,
3074,11,5|1|5|9|1|6|6|4|2|5|2|7|8|9|3|4|7|4|9|8|7|8|7|8|6|2|2|5|3|6|4|3|1|1|3|9,FALSE,2,2,
3075,14,9|12|10|3|7|11|3|12|10|11|5|7|6|12|1|1|2|4|10|10|12|6|9|9|7|8|3|1|6|4|8|6|8|2|8|11|3|5|7|5|2|11|2|4|5|1|4|9,FALSE,2,1,
3076,14,7|4|2|9|10|3|11|5|11|6|2|4|9|7|1|1|3|12|10|5|10|12|8|8|7|2|6|4|7|3|8|11|5|1|3|10|11|6|9|4|6|9|8|2|12|1|5|12,FALSE,2,1,
3077,14,12|5|2|12|5|6|3|11|4|8|9|8|9|10|12|10|8|1|4|6|1|11|4|5|9|3|7|1|2|5|7|2|6|11|7|12|3|8|11|7|9|2|10|6|3|4|1|10,FALSE,2,1,
3078,11,1|1|2|6|4|2|6|8|9|7|3|3|9|5|5|8|4|8|1|5|5|7|4|1|8|3|2|2|4|9|7|9|7|6|3|6,FALSE,2,3,
3079,14,8|5|9|3|6|5|8|7|3|11|11|1|1|11|11|4|7|10|3|8|2|10|7|9|1|5|12|2|1|3|5|9|12|2|6|7|6|2|4|9|10|10|4|12|8|6|12|4,FALSE,2,1,
3080,11,8|4|8|3|4|6|4|2|5|6|3|2|7|1|5|1|5|7|2|5|1|9|3|2|9|9|9|7|7|8|8|3|6|6|4|1,FALSE,2,1,
3081,14,4|8|7|12|4|1|5|11|7|5|6|2|10|4|10|9|8|11|11|6|7|10|8|9|5|2|3|6|2|9|3|1|7|12|3|12|9|8|1|12|4|2|11|6|5|1|3|10,FALSE,2,2,
3082,14,9|3|3|7|11|1|12|9|9|12|3|7|4|4|6|5|2|7|10|8|8|6|2|10|8|5|7|4|12|11|1|9|10|12|11|2|2|10|8|1|3|6|6|11|4|5|5|1,FALSE,2,1,
3083,11,3|4|4|1|2|1|5|6|8|7|8|5|4|2|6|4|2|7|3|6|9|6|5|8|3|5|8|2|9|1|7|3|9|7|9|1,FALSE,2,1,
3084,11,3|3|2|8|4|1|5|7|6|6|2|1|6|5|1|2|9|7|5|6|1|3|8|4|7|8|9|4|5|3|7|4|9|8|2|9,FALSE,2,1,
3085,14,5|11|1|1|6|7|3|5|6|7|10|1|11|12|10|2|8|12|1|8|12|10|7|6|2|7|11|3|2|2|5|6|10|3|12|3|9|9|9|11|5|8|4|4|8|4|9|4,FALSE,2,1,
3086,14,4|11|3|10|3|9|9|7|10|5|8|6|12|2|8|7|11|1|12|6|4|2|4|6|8|11|7|6|3|2|1|8|12|1|12|3|4|9|11|5|2|10|1|7|5|5|10|9,FALSE,2,1,
3087,11,4|8|4|7|2|7|2|7|3|1|7|6|5|3|9|9|9|3|6|2|1|5|3|6|5|2|4|8|6|1|1|8|4|8|9|5,FALSE,2,1,
3088,11,3|5|1|1|1|6|6|4|5|6|1|2|7|7|4|8|9|3|9|3|5|7|2|5|7|8|9|4|3|6|2|4|8|9|2|8,FALSE,2,1,
3089,11,6|3|8|2|2|1|1|8|2|5|4|7|6|7|9|5|3|5|1|1|8|5|7|9|4|4|7|2|9|3|9|4|6|8|3|6,FALSE,2,1,
3090,14,3|3|10|5|12|6|9|6|5|3|11|8|6|11|5|1|12|2|9|2|4|6|8|1|12|4|9|10|7|11|4|10|1|5|8|11|8|3|7|9|2|4|7|2|7|10|12|1,FALSE,2,1,
3091,11,1|5|3|7|4|5|1|4|8|9|7|5|7|1|2|5|2|6|2|4|6|8|3|9|9|3|2|1|6|7|4|3|8|8|9|6,FALSE,2,1,
3092,11,4|2|8|6|4|5|9|7|3|8|8|2|9|5|7|6|4|4|2|1|1|7|7|9|1|5|3|3|9|8|5|6|6|3|2|1,FALSE,2,1,
3093,11,2|8|7|7|8|2|9|7|9|6|2|3|3|8|4|6|5|4|8|5|1|5|9|1|6|1|1|2|5|9|7|3|6|4|3|4,FALSE,2,1,
3094,11,2|1|2|8|5|7|9|5|5|3|6|7|7|4|6|9|8|1|6|3|5|3|8|4|9|2|7|4|1|2|6|8|4|9|3|1,FALSE,2,1,
3095,14,7|8|11|11|3|1|8|10|10|12|2|9|1|8|3|10|4|3|7|3|1|2|2|8|11|1|9|9|2|4|4|10|12|5|12|5|11|7|5|6|5|6|4|6|12|6|9|7,FALSE,2,3,
3096,14,2|6|10|12|10|3|11|1|9|4|1|7|1|7|5|8|10|7|6|9|2|5|3|2|12|4|7|1|6|8|11|12|12|10|3|4|2|11|5|9|9|8|4|8|3|6|5|11,FALSE,2,2,
3097,14,12|2|11|12|9|3|8|2|11|7|11|7|8|5|2|3|8|10|6|1|12|3|5|8|7|3|5|2|4|9|6|5|1|10|12|4|11|9|6|4|10|7|4|1|6|1|9|10,FALSE,2,1,
3098,14,10|10|11|12|3|7|3|9|8|2|12|7|7|2|4|1|7|11|8|10|1|2|3|8|6|11|4|6|12|1|2|5|3|6|4|6|10|11|9|5|5|8|1|4|9|12|9|5,FALSE,2,3,
3099,11,4|8|4|9|2|7|7|4|8|5|9|8|3|3|3|8|7|2|5|3|5|5|2|2|6|1|9|1|6|6|7|4|1|6|1|9,FALSE,2,1,
3100,11,7|8|2|7|2|2|3|1|9|7|6|8|9|6|9|7|9|4|3|4|5|8|5|1|1|5|8|2|4|6|1|5|3|3|4|6,FALSE,2,2,
3101,11,6|4|2|8|2|6|3|7|3|7|8|5|4|9|5|6|3|3|4|2|4|9|8|1|9|1|7|1|8|6|9|7|5|5|2|1,FALSE,2,3,
3102,14,10|7|6|6|1|11|5|5|5|4|3|4|2|8|10|11|6|4|3|6|1|11|3|11|1|8|10|12|9|2|12|3|10|4|8|7|1|7|2|9|8|7|12|5|12|9|2|9,FALSE,2,1,
3103,14,7|6|11|5|1|2|3|4|12|1|2|5|9|7|3|3|10|6|6|4|1|5|6|2|9|10|1|9|12|8|4|10|8|7|12|3|2|9|11|11|8|10|8|7|12|11|4|5,FALSE,2,1,
3104,11,8|2|1|5|3|9|1|6|8|1|2|6|8|8|4|7|1|6|9|7|9|2|5|6|3|4|9|2|3|5|7|4|4|5|7|3,FALSE,2,1,
3105,11,2|7|8|6|5|1|5|3|6|2|8|3|6|4|8|6|1|5|7|9|5|4|7|7|1|2|3|9|1|4|4|9|2|8|3|9,FALSE,2,1,
3106,11,6|3|6|2|5|1|9|3|6|5|5|4|3|8|4|7|6|7|8|7|4|2|7|8|1|1|2|9|4|8|2|9|3|9|1|5,FALSE,2,1,
3107,14,7|2|2|11|8|6|10|7|5|10|12|6|5|1|8|12|9|1|3|5|4|6|5|6|4|8|10|3|10|7|3|3|2|11|9|4|1|7|2|11|12|9|4|11|9|1|12|8,FALSE,2,1,
3108,14,6|10|6|10|9|11|1|1|2|4|8|9|7|1|3|4|5|9|8|3|12|8|5|2|3|4|11|7|5|9|2|7|5|12|3|6|12|10|4|10|7|6|11|8|2|1|12|11,FALSE,2,1,
3109,11,4|8|9|6|5|2|9|7|1|2|4|8|8|5|1|9|6|8|5|6|2|3|7|4|4|7|3|6|7|1|2|3|1|9|5|3,FALSE,2,1,
3110,14,2|6|2|2|3|5|12|9|9|9|11|11|7|12|4|10|4|3|11|1|1|8|10|7|6|1|7|10|2|9|11|7|3|5|10|3|8|8|4|6|6|12|5|1|12|4|5|8,FALSE,2,1,
3111,14,9|2|2|9|12|7|7|4|4|11|3|3|3|6|10|5|12|8|4|7|12|1|1|5|11|8|9|11|5|6|2|3|5|10|6|10|7|6|9|2|8|8|4|1|1|12|11|10,FALSE,2,1,
3112,11,3|9|6|2|3|2|6|1|7|4|1|3|1|8|5|6|4|2|9|8|8|4|9|5|8|6|4|7|2|7|5|9|7|5|1|3,FALSE,2,1,
3113,14,5|8|4|10|5|12|1|12|9|8|6|1|2|1|11|3|2|4|12|6|7|10|8|7|2|11|4|9|1|3|11|10|11|5|7|6|10|8|2|5|3|4|12|3|7|9|6|9,FALSE,2,1,
3114,11,7|1|5|9|9|6|5|6|1|5|4|3|1|1|8|9|4|3|8|2|6|4|7|2|9|5|6|7|8|3|2|8|4|3|2|7,FALSE,2,1,
3115,11,5|6|5|7|2|1|2|4|4|6|3|3|9|5|4|6|8|2|8|5|1|9|9|8|4|6|3|7|7|9|7|1|1|8|3|2,FALSE,2,1,
3116,14,7|3|5|1|8|11|4|2|2|7|5|12|6|4|10|12|2|6|4|4|7|10|11|3|1|12|1|7|11|3|1|5|6|9|3|10|9|2|6|8|5|10|12|9|11|8|8|9,FALSE,2,1,
3117,11,3|3|2|8|5|1|1|6|5|1|9|3|7|6|7|7|5|4|5|8|2|2|4|9|8|6|7|6|1|8|4|9|9|4|2|3,FALSE,2,1,
3118,11,7|3|7|9|8|4|1|7|5|5|3|2|9|6|6|5|1|1|2|8|2|9|4|4|6|7|3|9|1|8|2|3|6|4|5|8,FALSE,2,2,
3119,14,1|10|7|5|3|7|1|2|4|5|12|10|1|2|7|11|10|2|1|10|6|6|9|8|4|5|11|7|9|3|9|11|6|8|3|12|9|6|12|4|4|8|11|2|12|5|8|3,FALSE,2,3,
3120,14,3|11|5|9|1|3|11|10|10|11|9|8|6|10|1|3|1|8|4|3|10|7|2|1|4|7|11|2|4|12|5|5|2|5|7|6|9|4|8|12|6|8|12|2|12|7|6|9,FALSE,2,1,
3121,11,6|8|1|4|6|2|5|9|4|1|9|7|8|2|5|7|6|4|6|4|5|1|3|1|2|3|3|2|8|5|8|7|9|7|9|3,FALSE,2,1,
3122,14,10|10|1|1|8|8|9|1|11|7|5|10|11|3|5|6|4|11|6|9|8|2|12|6|12|5|5|7|3|2|2|7|4|6|9|10|4|7|3|9|3|12|1|2|8|4|12|11,FALSE,2,1,
3123,14,10|5|11|4|1|4|12|8|7|8|9|3|12|2|1|5|1|9|9|7|3|2|7|6|8|3|2|6|11|12|1|7|3|10|4|4|6|8|9|11|5|10|5|11|2|10|6|12,FALSE,2,1,
3124,11,2|1|7|5|2|8|9|1|7|6|4|8|3|4|6|3|7|5|9|3|8|1|6|1|5|5|2|7|4|9|6|8|2|9|3|4,FALSE,2,1,
3125,14,7|5|5|1|7|12|2|9|3|2|7|10|9|6|2|5|1|12|4|12|4|9|6|6|8|10|11|11|3|7|5|10|8|2|12|10|1|4|8|3|3|9|8|11|11|1|6|4,FALSE,2,1,
3126,11,4|2|3|6|9|5|7|3|6|8|4|1|6|1|3|2|2|7|4|8|5|5|9|2|4|7|3|5|9|1|8|1|8|7|6|9,FALSE,2,1,
3127,14,11|1|4|10|12|3|6|1|7|4|12|1|5|10|11|5|2|9|11|2|7|9|9|2|1|6|5|10|8|3|8|3|9|12|6|4|7|10|2|7|8|6|12|8|5|4|3|11,FALSE,2,1,
3128,11,8|4|7|4|1|3|1|6|2|1|9|7|2|7|3|2|5|5|3|1|9|7|4|8|6|9|8|9|6|4|3|2|6|5|8|5,FALSE,2,1,
3129,14,4|10|5|3|12|11|8|5|1|6|6|8|10|7|8|9|3|3|7|2|12|4|9|7|1|7|12|1|11|10|2|10|3|4|9|4|9|2|6|11|11|1|5|8|2|5|6|12,FALSE,2,2,
3130,11,7|9|6|3|7|4|7|5|6|2|7|6|2|9|3|6|4|1|2|8|5|5|4|9|1|5|1|3|4|8|1|9|2|8|3|8,FALSE,2,1,
3131,11,8|3|2|5|3|7|7|1|4|4|5|5|1|2|1|3|3|1|4|2|4|6|9|2|9|8|6|7|5|8|7|9|6|8|6|9,FALSE,2,1,
3132,11,4|1|2|5|3|7|8|5|8|4|5|8|8|1|2|4|2|2|3|9|7|6|1|7|5|3|6|9|6|6|9|1|7|4|9|3,FALSE,2,1,
3133,11,3|3|8|6|2|3|6|6|8|7|9|7|1|7|2|5|4|1|4|5|1|5|9|5|1|6|2|8|9|4|2|4|3|9|7|8,FALSE,2,1,
3134,11,4|3|6|1|6|9|9|2|1|2|3|1|7|1|8|8|4|7|6|2|7|7|4|5|3|5|4|6|8|3|2|8|9|5|5|9,FALSE,2,1,
3135,14,6|7|1|6|12|8|7|4|5|8|4|4|8|12|2|6|9|11|8|5|12|4|3|7|5|11|2|1|3|9|11|6|2|10|9|10|1|11|1|3|9|7|2|10|12|3|10|5,FALSE,2,1,
3136,14,9|8|12|3|9|1|11|12|1|10|12|9|8|3|11|2|7|11|4|2|4|2|6|2|11|4|10|5|8|3|3|12|10|1|8|7|4|1|6|5|6|9|7|10|5|6|5|7,FALSE,2,1,
3137,11,3|8|7|4|5|2|9|7|8|7|6|1|5|4|4|8|6|1|6|8|2|4|3|1|6|5|3|9|5|2|3|7|9|2|1|9,FALSE,2,1,
3138,11,6|2|3|8|2|9|5|5|1|5|3|7|3|4|9|8|1|8|6|7|7|2|4|5|2|1|8|1|9|6|9|4|3|4|6|7,FALSE,2,1,
3139,14,10|4|6|12|1|7|5|9|11|2|6|3|10|10|12|2|3|1|1|4|8|8|10|5|5|7|5|9|2|11|3|9|11|4|8|4|12|3|1|9|7|12|7|2|6|6|8|11,FALSE,2,1,
3140,14,9|4|3|10|7|12|6|3|2|3|6|4|10|1|2|1|8|9|10|5|8|6|11|12|12|1|8|5|1|3|4|2|7|6|4|2|12|9|10|7|9|11|11|5|5|11|8|7,FALSE,2,1,
3141,14,12|7|12|6|3|12|2|10|3|2|7|5|8|1|12|4|4|8|6|9|3|7|11|5|1|9|7|6|5|6|8|9|1|2|10|9|3|11|4|11|5|10|8|1|4|11|10|2,FALSE,2,1,
3142,14,2|3|6|1|5|5|9|7|4|7|9|2|10|9|4|7|8|11|4|1|3|12|10|10|1|11|6|8|11|9|2|10|7|6|3|12|8|4|11|5|1|12|8|2|12|3|5|6,FALSE,2,3,
3143,11,4|5|7|1|4|2|2|6|3|9|7|3|7|8|8|5|8|9|6|1|9|6|3|6|7|2|1|5|2|4|1|5|9|4|3|8,FALSE,2,1,
3144,11,2|5|1|1|4|5|2|7|6|9|3|3|9|7|6|5|6|3|4|7|7|9|8|9|4|6|2|4|5|1|8|2|3|1|8|8,FALSE,2,1,
3145,14,7|3|10|10|9|1|2|1|7|3|11|6|2|9|9|12|5|4|11|8|3|9|6|5|10|2|11|8|4|12|1|1|8|8|7|11|4|7|12|10|5|2|6|6|12|4|5|3,FALSE,2,1,
3146,11,4|2|4|3|7|7|5|6|5|8|6|8|3|6|1|2|8|9|1|3|5|1|2|6|9|1|9|9|2|5|7|3|8|7|4|4,FALSE,2,1,
3147,14,8|10|6|12|5|2|11|2|8|9|6|7|3|3|7|11|2|11|9|10|4|4|4|9|8|2|12|10|3|6|10|12|7|4|3|12|8|5|5|9|11|5|1|1|7|1|1|6,FALSE,2,2,
3148,11,8|2|3|5|2|7|5|9|8|4|7|3|1|8|6|1|4|7|4|9|5|2|9|4|7|1|6|2|6|9|5|3|1|6|3|8,FALSE,2,1,
3149,11,3|7|4|6|3|2|3|2|5|6|6|1|4|1|7|8|9|2|5|1|9|7|8|2|5|7|4|6|5|9|9|1|4|3|8|8,FALSE,2,1,
3150,14,6|12|9|8|8|4|11|2|8|5|10|11|12|3|1|6|9|5|8|11|4|1|10|7|2|4|5|2|2|12|4|6|11|7|1|10|5|10|7|7|6|3|12|3|9|3|9|1,FALSE,2,1,
3151,11,8|2|2|3|1|1|8|9|5|7|2|8|5|1|9|3|6|4|6|9|4|6|3|2|1|6|5|9|3|4|4|7|5|7|8|7,FALSE,2,1,
3152,14,8|4|5|2|2|6|9|3|10|7|2|1|9|9|8|11|11|5|7|12|12|5|1|2|10|3|4|4|6|10|7|8|11|3|1|8|3|9|10|1|6|12|7|11|12|4|5|6,FALSE,2,3,
3153,14,11|5|7|11|4|8|9|5|3|12|4|5|10|3|10|11|10|11|10|6|12|12|3|12|4|8|9|4|8|1|6|7|1|7|6|1|2|8|9|2|2|2|3|9|5|1|6|7,FALSE,2,1,
3154,11,7|1|5|2|9|7|6|8|5|9|1|8|3|4|1|3|7|5|6|3|3|4|5|6|2|7|2|2|9|4|6|8|4|1|8|9,FALSE,2,1,
3155,14,4|11|4|3|6|5|11|7|8|5|9|6|3|5|3|2|1|6|7|4|1|1|10|8|6|1|11|8|9|4|9|12|10|5|11|3|8|10|7|12|9|2|12|7|2|12|2|10,FALSE,2,1,
3156,11,2|8|4|8|4|4|5|1|9|4|5|2|9|2|5|7|9|7|8|6|1|3|6|7|3|5|6|6|9|1|2|1|3|3|8|7,FALSE,2,1,
3157,14,4|6|7|3|10|9|6|5|12|9|6|12|5|3|12|4|11|8|11|1|2|2|8|1|10|7|8|5|3|2|4|11|8|7|10|1|9|7|1|4|11|5|12|2|9|6|10|3,FALSE,2,2,
3158,11,9|6|3|1|8|6|4|5|4|3|9|4|8|7|5|2|2|6|5|9|3|6|2|4|1|7|8|2|7|1|9|8|1|7|3|5,FALSE,2,1,
3159,11,1|5|5|9|3|2|2|3|7|5|8|6|3|4|7|6|2|8|5|7|9|4|3|1|6|7|9|2|4|8|1|6|8|9|1|4,FALSE,2,1,
3160,11,9|1|4|4|9|7|3|5|6|2|6|5|7|7|8|8|9|3|1|5|6|1|4|3|1|8|9|4|7|6|5|8|3|2|2|2,FALSE,2,1,
3161,11,1|1|6|9|2|5|4|8|8|1|5|9|3|7|6|8|9|4|1|4|3|5|2|7|2|7|6|4|6|3|7|8|3|9|2|5,FALSE,2,1,
3162,14,4|2|9|10|7|10|8|11|5|2|3|1|4|7|10|1|7|12|11|12|4|8|12|9|1|5|6|11|6|8|2|3|11|5|3|7|12|9|2|8|1|6|5|6|3|9|4|10,FALSE,2,3,
3163,14,2|9|5|5|10|6|1|8|4|3|7|11|6|1|7|11|8|10|5|8|4|7|12|7|2|5|10|4|9|1|2|4|12|6|8|6|3|1|12|9|3|3|12|11|10|2|9|11,FALSE,2,2,
3164,11,7|6|8|8|9|7|1|4|5|4|6|2|3|1|1|7|4|4|6|3|2|7|6|9|2|8|8|5|1|9|3|5|5|3|9|2,FALSE,2,1,
3165,14,3|11|7|8|7|9|9|2|12|4|5|8|2|7|4|10|10|6|11|5|2|5|5|8|3|11|6|3|3|4|1|6|12|8|1|12|6|9|2|10|10|4|12|7|1|11|1|9,FALSE,2,2,
3166,11,4|9|3|7|1|3|8|2|6|6|6|1|9|6|8|1|5|5|7|5|3|9|4|3|2|7|2|8|1|9|8|5|2|4|4|7,FALSE,2,1,
3167,11,8|9|4|3|5|2|6|4|7|4|3|8|7|9|2|6|1|5|1|5|7|4|6|5|2|7|1|3|1|9|9|2|6|8|8|3,FALSE,2,3,
3168,14,3|8|7|11|5|7|1|5|4|1|8|10|4|12|11|5|3|8|7|4|9|3|10|5|12|3|9|2|6|10|7|2|1|12|10|6|2|9|6|1|6|2|9|8|12|4|11|11,FALSE,2,1,
3169,11,3|1|9|8|1|7|8|7|5|4|4|2|1|6|6|8|6|2|6|1|4|2|9|5|2|7|5|9|3|8|5|7|3|3|4|9,FALSE,2,1,
3170,11,3|1|4|7|3|2|5|2|7|6|3|1|9|5|1|5|4|9|6|2|2|4|4|6|5|7|8|9|7|3|9|8|6|8|1|8,FALSE,2,1,
3171,14,12|2|11|4|8|10|3|8|11|5|1|6|10|7|4|6|4|5|4|6|9|8|5|9|10|7|2|3|2|12|3|7|2|1|8|9|9|1|1|3|7|11|12|11|12|10|5|6,FALSE,2,1,
3172,14,1|7|11|4|3|2|12|12|11|9|1|4|6|11|8|10|1|7|11|2|4|5|9|5|9|2|7|2|7|8|10|10|3|3|1|9|5|8|6|3|5|4|10|12|6|8|12|6,FALSE,2,1,
3173,11,6|3|2|9|1|4|2|9|1|6|1|9|7|5|4|4|3|3|2|5|7|8|8|6|1|8|4|5|7|7|9|8|6|5|2|3,FALSE,2,1,
3174,11,1|8|8|6|6|8|4|2|5|2|9|7|4|1|1|5|4|4|7|6|9|3|3|8|3|3|5|9|2|5|9|1|6|7|7|2,FALSE,2,1,
3175,14,11|12|8|10|4|11|12|5|9|8|4|4|5|2|1|11|10|4|6|10|1|2|12|3|9|2|5|11|6|2|12|6|5|9|6|8|9|7|3|10|1|7|3|3|8|7|1|7,FALSE,2,1,
3176,14,12|12|1|3|9|8|9|10|12|4|4|4|5|9|7|11|7|6|11|5|2|4|5|9|1|10|2|7|2|12|6|2|8|8|6|10|10|3|11|5|8|6|3|11|3|7|1|1,FALSE,2,1,
3177,14,11|11|10|5|9|2|4|2|1|7|8|11|1|2|12|3|6|10|6|9|8|3|5|10|11|4|2|3|8|9|6|5|7|9|10|8|4|7|1|12|3|12|6|5|1|7|4|12,FALSE,2,1,
3178,14,12|11|6|10|5|3|11|10|8|2|7|9|12|4|1|1|9|7|9|6|8|3|8|11|4|3|12|7|10|6|11|10|1|9|1|3|2|8|4|12|2|5|5|7|6|4|5|2,FALSE,2,1,
3179,11,2|7|8|8|2|3|3|4|7|6|5|7|9|5|1|5|8|6|1|9|9|4|8|2|3|6|5|4|7|1|6|1|4|3|2|9,FALSE,2,3,
3180,11,7|5|1|2|3|7|4|8|9|5|6|1|9|9|8|6|6|7|7|5|9|1|6|3|2|8|2|4|3|8|4|1|2|4|5|3,FALSE,2,2,
3181,14,9|5|4|9|7|5|3|1|2|4|11|10|10|7|2|3|7|11|3|9|6|8|5|2|5|6|10|8|1|7|10|1|12|1|11|4|6|12|2|12|11|12|4|8|6|3|9|8,FALSE,2,2,
3182,11,5|8|1|2|7|8|1|4|3|5|7|1|6|5|6|1|3|4|8|7|3|7|2|4|9|9|2|5|8|3|6|9|4|9|2|6,FALSE,2,3,
3183,11,1|2|5|3|3|5|4|7|9|4|7|7|2|8|8|9|1|8|4|6|9|2|5|3|1|6|5|6|6|3|9|7|8|4|2|1,FALSE,2,1,
3184,14,4|7|1|3|12|11|6|4|8|1|12|8|7|9|10|9|3|5|10|2|7|5|1|6|10|3|12|12|9|2|5|11|1|4|9|11|10|6|4|7|6|2|11|8|5|2|3|8,FALSE,2,1,
3185,14,8|1|8|4|7|5|7|11|10|11|9|6|2|3|3|8|7|6|10|12|11|2|1|5|1|4|12|6|3|5|10|6|9|3|2|7|8|9|11|12|4|10|4|9|5|12|1|2,FALSE,2,2,
3186,11,6|7|9|1|5|8|5|8|4|3|7|2|2|7|5|6|8|3|3|3|5|9|6|6|8|9|2|9|2|1|7|1|4|4|1|4,FALSE,2,3,
3187,14,4|2|11|10|12|3|6|2|5|7|10|4|11|10|5|9|11|2|10|5|9|12|3|12|1|4|4|8|3|6|1|8|7|7|3|6|6|8|9|5|11|8|7|2|9|1|12|1,FALSE,2,1,
3188,11,8|3|3|5|4|9|6|3|7|7|9|2|6|4|5|1|7|2|4|3|1|6|2|2|8|8|8|9|7|1|4|5|6|9|5|1,FALSE,2,3,
3189,14,10|1|2|7|2|3|6|4|6|8|4|10|5|4|1|8|3|2|7|12|5|7|9|11|11|9|10|1|2|1|6|8|12|5|4|10|6|7|9|12|3|11|8|11|5|12|3|9,FALSE,2,1,
3190,14,10|3|6|1|7|5|6|3|9|11|4|9|6|2|1|9|3|12|5|10|10|7|8|11|4|9|8|6|8|7|5|2|3|5|11|7|2|12|10|4|1|1|2|11|12|8|12|4,FALSE,2,2,
3191,11,7|2|4|1|1|3|8|2|8|2|1|3|8|9|6|5|7|8|9|9|3|6|3|5|9|5|4|2|5|4|4|1|7|6|7|6,FALSE,2,1,
3192,11,1|4|6|8|7|9|4|9|9|9|5|1|8|6|4|4|7|2|5|5|3|3|2|8|7|1|2|7|3|3|6|6|2|1|5|8,FALSE,2,1,
3193,14,10|2|7|11|9|10|2|7|12|5|8|8|4|5|3|9|3|11|1|5|4|9|4|6|1|4|2|10|7|10|11|7|12|5|1|12|11|3|6|8|12|8|9|3|2|6|6|1,FALSE,2,1,
3194,11,1|7|9|4|7|8|8|9|8|2|3|9|2|6|5|2|5|3|7|5|8|6|1|9|4|7|1|2|6|4|6|1|4|3|3|5,FALSE,2,3,
3195,11,3|4|7|5|2|2|1|9|6|4|8|5|9|6|9|3|7|6|9|2|7|4|5|3|8|6|4|1|5|8|7|1|8|2|1|3,FALSE,2,1,
3196,14,2|9|4|10|11|4|3|3|12|11|10|4|9|7|5|2|5|1|12|2|7|8|9|8|11|2|9|12|6|10|8|11|6|12|1|3|3|1|7|8|5|7|5|6|1|6|10|4,FALSE,2,2,
3197,11,8|8|7|1|7|6|6|9|1|6|2|5|9|2|5|3|6|8|2|5|1|9|3|2|7|4|7|4|3|5|9|8|4|3|4|1,FALSE,2,3,
3198,11,2|7|8|6|1|9|6|5|7|3|4|6|2|9|2|1|4|4|6|5|3|1|7|5|2|5|3|3|7|1|8|4|8|9|9|8,FALSE,2,1,
3199,14,10|3|8|12|2|11|4|12|2|5|4|5|10|5|2|9|9|7|8|3|1|12|7|6|11|11|1|1|11|4|9|6|10|8|1|2|6|6|7|10|12|8|9|7|3|3|5|4,FALSE,2,2,
3200,11,1|3|9|2|9|7|7|6|5|8|2|5|3|6|4|4|2|5|8|8|1|3|9|1|4|9|4|1|7|7|5|2|6|3|8|6,FALSE,2,1,
3201,14,2|9|12|6|4|8|6|10|2|7|11|6|9|3|7|12|7|1|7|10|1|3|9|12|5|3|3|5|9|1|4|2|2|11|8|5|4|11|10|8|6|1|8|10|11|12|4|5,FALSE,2,1,
3202,11,4|6|3|6|1|5|2|7|8|8|6|9|2|9|9|1|8|1|6|5|1|5|4|5|4|3|7|7|3|2|4|3|7|9|2|8,FALSE,2,1,
3203,14,1|8|8|8|12|5|2|3|7|10|11|2|1|6|4|5|9|7|9|8|10|4|9|6|3|10|10|9|1|5|6|12|12|2|7|6|4|12|11|11|7|4|1|5|11|3|2|3,FALSE,2,1,
3204,11,7|4|8|8|6|5|3|5|3|1|5|9|1|9|6|2|4|7|9|8|6|2|7|6|4|3|1|2|9|3|8|4|7|5|1|2,FALSE,2,1,
3205,14,4|6|9|3|9|12|4|1|12|6|8|10|4|7|1|5|8|5|11|8|2|9|3|1|6|7|7|1|12|7|2|3|5|5|10|9|11|10|4|11|12|8|2|3|10|6|11|2,FALSE,2,3,
3206,14,12|5|7|7|8|11|3|2|9|12|9|1|8|11|8|7|10|6|3|11|6|12|2|3|2|1|7|5|1|5|1|6|8|4|11|4|4|10|9|10|4|5|12|3|6|2|10|9,FALSE,2,1,
3207,11,4|6|3|2|9|5|9|5|1|4|8|1|4|5|1|4|5|7|8|8|8|2|3|6|3|1|6|7|2|2|9|7|6|9|3|7,FALSE,2,1,
3208,11,8|9|2|1|6|6|3|6|5|9|8|2|3|9|7|1|1|6|3|4|3|7|4|8|8|4|5|1|2|5|7|2|7|9|5|4,FALSE,2,1,
3209,14,9|3|1|5|5|2|2|1|4|8|7|11|6|4|10|12|11|1|11|12|9|7|2|10|9|4|8|6|3|4|8|8|2|1|6|11|10|9|7|7|5|5|3|10|6|12|12|3,FALSE,2,1,
3210,11,6|6|1|9|9|5|5|1|2|3|6|9|7|2|7|5|4|8|3|3|1|5|7|4|8|4|1|4|7|8|2|3|6|9|8|2,FALSE,2,1,
3211,11,4|2|1|8|3|1|6|5|4|7|1|5|2|5|2|3|4|6|8|8|9|9|7|8|7|1|4|3|3|2|5|6|7|6|9|9,FALSE,2,1,
3212,14,9|3|2|1|12|10|11|1|4|11|12|7|11|3|2|5|9|2|5|11|3|10|6|6|5|1|4|7|10|8|2|5|9|8|12|6|7|8|8|4|4|3|6|12|1|9|10|7,FALSE,2,1,
3213,14,4|5|3|5|4|5|2|1|3|1|6|11|9|10|5|8|9|6|4|11|10|11|8|7|3|7|6|10|8|3|7|2|1|12|2|9|6|8|7|4|12|1|12|11|10|9|12|2,FALSE,2,1,
3214,11,9|8|3|4|8|9|3|8|2|9|6|6|1|5|4|2|1|8|6|5|2|4|1|3|9|2|7|6|1|7|4|5|7|5|7|3,FALSE,2,1,
3215,14,5|4|3|2|11|8|10|1|1|12|3|7|9|1|12|9|5|10|4|7|4|7|2|5|3|9|4|8|2|11|8|2|5|11|6|8|7|9|6|1|12|10|3|11|10|6|12|6,FALSE,2,2,
3216,11,4|4|6|2|8|4|8|4|2|8|7|5|7|5|8|2|7|3|5|6|3|1|1|1|9|6|9|9|9|6|3|2|7|1|5|3,FALSE,2,1,
3217,11,1|3|1|3|9|8|8|7|9|6|6|2|4|5|5|1|8|7|5|4|8|3|9|2|2|1|9|5|7|4|3|6|2|7|6|4,FALSE,2,1,
3218,14,1|12|12|7|2|11|9|8|11|11|2|5|6|2|5|4|12|1|12|8|9|5|5|11|4|6|10|10|3|4|9|7|7|3|10|1|1|6|8|10|9|4|6|3|8|7|3|2,FALSE,2,1,
3219,14,1|2|1|11|10|11|9|10|4|4|5|8|7|4|12|8|9|6|2|12|8|6|6|3|9|5|7|1|3|6|12|8|2|3|3|11|11|4|7|12|7|2|5|9|10|1|10|5,FALSE,2,1,
3220,11,7|9|6|9|5|4|4|6|5|4|4|3|2|9|3|2|2|6|3|8|9|1|1|8|8|7|1|5|1|8|5|6|3|2|7|7,FALSE,2,3,
3221,14,9|5|6|8|12|7|7|2|1|2|8|9|6|3|12|9|3|2|10|2|1|12|10|11|11|4|1|4|6|12|9|7|8|5|3|1|3|7|5|10|11|8|11|4|10|4|5|6,FALSE,2,2,
3222,14,6|10|7|1|11|3|2|12|11|3|3|9|1|6|7|9|1|12|9|7|12|9|11|2|8|8|6|11|5|8|2|7|5|5|5|10|4|4|4|8|10|2|4|1|3|12|6|10,FALSE,2,3,
3223,11,6|3|5|9|7|2|3|9|7|2|5|4|6|8|1|1|8|6|7|9|1|9|8|3|4|7|8|3|2|4|5|5|1|4|6|2,FALSE,2,2,
3224,11,5|5|1|1|9|2|2|3|4|9|4|8|5|9|8|7|2|2|1|7|5|9|6|8|3|8|1|6|4|7|3|6|3|4|7|6,FALSE,2,1,
3225,14,9|5|8|1|10|2|11|6|4|7|3|3|3|9|5|10|7|11|4|12|6|1|12|8|1|10|5|9|12|11|2|3|5|2|8|6|8|7|10|7|11|2|12|6|1|4|4|9,FALSE,2,1,
3226,11,9|4|5|2|2|6|8|5|5|6|9|1|8|8|3|3|7|4|1|4|1|4|2|9|7|3|9|2|7|7|6|1|5|3|8|6,FALSE,2,1,
3227,11,6|2|7|4|3|6|1|6|8|9|6|7|2|3|3|8|1|5|9|5|7|4|5|2|4|7|8|1|8|4|5|9|3|1|2|9,FALSE,2,1,
3228,11,5|2|1|5|4|3|3|5|2|3|4|1|9|7|2|8|6|8|6|5|7|1|9|2|7|1|8|9|3|4|4|7|6|8|6|9,FALSE,2,1,
3229,11,8|2|8|4|9|3|3|3|5|7|6|9|4|5|6|4|1|1|2|5|6|8|1|7|3|2|5|1|9|6|7|8|9|4|2|7,FALSE,2,1,
3230,14,9|3|2|3|6|1|4|8|8|12|6|10|10|5|8|1|10|8|7|7|1|3|9|5|2|12|4|10|4|5|9|2|12|1|9|7|4|6|11|3|6|7|2|5|11|11|11|12,FALSE,2,1,
3231,14,1|5|2|12|9|5|3|7|9|8|1|4|2|10|4|9|6|6|3|1|9|7|8|11|5|6|8|10|12|8|5|10|11|6|2|4|12|2|3|11|3|12|1|7|10|11|7|4,FALSE,2,1,
3232,11,6|4|9|6|7|7|5|9|1|8|3|3|5|4|2|7|4|8|7|6|2|5|1|3|9|8|4|6|3|2|9|2|1|1|8|5,FALSE,2,1,
3233,11,3|1|9|4|6|3|6|8|7|7|2|7|9|4|5|8|1|1|3|5|3|9|4|8|4|5|2|2|6|1|9|6|7|5|2|8,FALSE,2,1,
3234,14,6|5|4|9|6|7|2|1|2|12|1|4|12|7|3|8|10|10|8|1|10|11|9|5|8|9|2|3|1|3|10|11|2|12|11|11|9|7|6|6|4|12|8|5|4|5|7|3,FALSE,2,1,
3235,11,4|5|1|3|8|6|9|7|4|1|2|6|4|8|8|3|9|9|7|5|7|9|3|3|2|6|1|7|2|6|8|1|5|5|4|2,FALSE,2,1,
3236,14,9|2|5|3|2|7|4|10|12|9|11|11|9|4|7|2|4|5|1|9|3|6|12|11|7|8|11|3|6|8|1|4|10|5|1|8|5|8|12|3|10|6|1|10|12|2|7|6,FALSE,2,1,
3237,11,4|2|6|5|4|9|2|1|6|7|9|5|8|6|7|9|3|5|7|8|8|4|2|1|3|1|2|5|8|9|1|3|7|6|4|3,FALSE,2,1,
3238,11,8|8|2|8|1|9|4|5|9|6|5|4|1|6|7|2|7|1|4|3|8|3|6|9|7|7|3|5|2|5|9|4|6|2|3|1,FALSE,2,1,
3239,14,8|3|10|9|5|3|7|3|2|5|2|7|2|9|10|7|11|7|9|6|4|8|11|10|9|12|11|12|4|6|8|12|5|10|4|3|2|1|6|8|4|1|6|11|12|1|5|1,FALSE,2,3,
3240,14,9|3|7|5|10|12|9|12|4|1|5|12|11|2|8|7|6|11|7|3|4|2|4|6|9|3|1|10|6|9|6|8|10|10|1|5|2|11|3|8|7|1|2|5|4|8|11|12,FALSE,2,1,
3241,11,3|2|3|3|1|7|8|6|9|6|1|9|7|2|5|9|7|7|5|4|8|4|6|2|5|8|1|2|3|8|1|6|4|9|5|4,FALSE,2,3,
3242,11,7|4|5|1|7|1|6|5|4|8|9|3|5|9|9|2|5|8|2|1|7|8|7|3|9|1|6|6|3|4|3|4|8|2|6|2,FALSE,2,2,
3243,14,9|12|6|3|10|9|9|6|1|2|7|1|3|7|2|10|8|11|12|7|6|5|5|5|12|7|8|8|12|6|4|5|3|11|10|2|9|11|11|1|10|4|8|2|3|4|1|4,FALSE,2,1,
3244,14,5|10|7|8|1|8|1|9|12|7|9|8|12|7|1|11|6|4|10|6|7|8|5|5|3|9|2|6|2|11|11|10|3|4|12|9|3|2|1|4|12|11|3|2|4|5|6|10,FALSE,2,1,
3245,14,1|8|7|7|12|9|10|10|9|5|3|3|6|11|8|2|7|2|4|9|5|8|11|4|2|11|5|9|6|1|7|6|3|1|4|10|12|10|3|4|5|2|1|12|8|6|11|12,FALSE,2,1,
3246,14,7|7|12|10|1|8|11|9|6|7|8|12|4|4|8|6|1|2|1|8|11|2|5|5|9|12|11|9|7|2|4|3|5|6|3|2|9|6|11|3|3|10|10|12|1|4|5|10,FALSE,2,2,
3247,11,5|3|4|8|9|1|1|4|6|9|2|4|6|7|2|3|5|4|8|5|2|1|8|5|6|7|8|7|9|2|1|9|7|6|3|3,FALSE,2,3,
3248,11,1|8|1|5|4|9|3|7|1|3|7|7|2|5|5|1|2|7|5|8|6|6|9|4|3|6|3|8|4|9|2|6|8|9|2|4,FALSE,2,1,
3249,11,8|6|7|3|3|7|3|2|9|8|4|1|6|4|6|1|9|9|3|9|2|4|7|1|5|5|2|5|4|8|1|2|6|8|5|7,FALSE,2,1,
3250,11,3|5|5|8|9|2|3|5|6|2|9|9|8|1|7|3|6|3|4|8|2|5|2|1|9|7|1|4|4|6|7|6|4|8|7|1,FALSE,2,1,
3251,14,3|3|6|9|5|12|9|9|11|2|3|5|6|9|10|12|10|7|8|8|11|7|1|2|4|7|11|1|2|6|10|2|12|7|4|6|8|4|1|3|5|1|12|8|5|10|11|4,FALSE,2,1,
3252,14,4|9|3|1|6|10|12|9|12|1|8|6|5|2|6|3|3|11|10|1|8|12|7|5|11|12|11|4|11|7|8|2|7|7|9|9|5|4|4|2|8|6|1|3|5|2|10|10,FALSE,2,1,
3253,11,9|7|5|9|6|2|8|7|3|9|1|6|5|3|5|4|7|8|4|6|2|1|1|3|4|8|9|2|5|7|6|1|2|3|4|8,FALSE,2,2,
3254,14,5|6|4|8|1|3|8|7|5|3|7|6|10|9|6|2|12|8|1|7|12|10|4|6|2|1|11|3|1|2|2|11|3|8|11|10|10|7|9|11|5|5|4|4|12|12|9|9,FALSE,2,1,
3255,11,9|6|5|7|7|2|2|3|4|9|7|3|6|9|6|7|9|2|3|2|1|5|1|8|3|4|8|8|4|4|1|1|8|5|5|6,FALSE,2,1,
3256,14,6|8|10|11|6|2|8|4|7|5|11|9|9|3|9|4|5|2|5|12|1|12|11|4|7|2|1|3|6|4|3|5|8|9|10|10|11|12|2|3|7|10|12|1|7|1|6|8,FALSE,2,1,
3257,11,3|8|5|3|7|8|7|1|5|4|6|1|6|1|6|4|9|3|8|3|1|9|2|2|2|7|6|2|9|4|4|7|5|5|9|8,FALSE,2,1,
3258,14,7|2|12|9|9|11|12|4|10|3|8|6|10|1|3|5|11|2|1|7|6|3|8|5|8|2|12|2|4|1|5|1|8|7|12|11|4|6|9|11|6|10|5|9|10|3|7|4,FALSE,2,1,
3259,11,8|3|7|2|7|6|3|2|1|4|1|1|4|5|9|4|7|5|2|3|9|8|9|9|3|8|4|7|1|8|6|5|5|6|6|2,FALSE,2,3,
3260,14,3|7|3|8|11|3|1|6|10|6|9|1|12|9|8|10|1|7|5|11|8|12|5|4|6|5|7|4|4|3|9|10|2|12|7|5|2|4|8|11|6|2|2|1|11|12|9|10,FALSE,2,1,
3261,14,10|11|4|4|12|5|6|11|5|8|10|2|10|4|10|8|8|7|4|9|3|9|7|5|6|11|11|6|9|7|3|3|2|1|2|5|3|1|7|8|9|1|12|12|12|6|2|1,FALSE,2,1,
3262,11,1|7|9|8|8|3|5|7|8|9|6|2|6|1|7|1|8|6|2|4|2|3|5|2|1|3|9|6|3|7|9|5|4|5|4|4,FALSE,2,1,
3263,11,3|9|5|9|7|1|3|6|6|6|4|2|8|5|1|2|8|1|9|4|1|5|7|4|3|6|8|2|5|9|8|3|7|7|2|4,FALSE,2,1,
3264,14,9|1|9|10|10|5|12|12|2|6|2|11|9|3|2|3|4|10|6|11|3|3|6|8|4|8|4|2|7|1|7|11|1|9|5|12|8|5|12|10|5|11|4|7|6|8|7|1,FALSE,2,1,
3265,11,9|6|8|4|1|2|6|5|7|3|5|6|5|9|1|6|7|7|2|7|4|9|4|4|8|9|8|2|3|3|8|1|1|3|2|5,FALSE,2,1,
3266,11,7|4|2|1|8|7|1|6|5|4|6|1|4|7|6|2|8|3|8|5|5|3|8|3|2|4|1|9|9|2|9|6|3|7|5|9,FALSE,2,1,
3267,11,6|4|5|7|1|1|6|8|7|1|4|8|2|6|2|4|8|3|3|3|2|7|9|9|5|5|6|1|7|9|3|2|5|8|9|4,FALSE,2,1,
3268,14,8|1|11|3|7|7|5|3|12|7|10|3|7|9|2|9|11|2|4|10|1|4|8|2|9|6|8|6|6|5|1|12|2|12|4|5|5|8|11|9|10|3|11|4|1|10|6|12,FALSE,2,1,
3269,11,8|9|3|2|8|9|8|7|5|3|5|2|5|4|8|2|2|7|1|3|7|4|9|1|4|6|4|3|1|6|1|6|5|6|7|9,FALSE,2,1,
3270,14,5|12|2|7|10|9|7|4|1|2|9|6|6|2|10|8|12|8|6|4|1|5|5|3|9|11|1|8|3|4|5|8|10|7|10|7|6|11|4|3|9|12|11|2|3|12|11|1,FALSE,2,1,
3271,14,9|5|2|11|7|2|8|11|3|7|5|7|4|6|2|8|1|1|9|11|5|4|3|2|8|3|6|9|10|11|5|12|4|6|1|9|12|12|8|10|7|1|3|4|6|12|10|10,FALSE,2,1,
3272,11,9|2|6|5|5|3|7|3|7|4|2|5|1|4|7|8|5|9|8|4|1|9|8|6|4|1|6|7|8|6|2|9|3|3|1|2,FALSE,2,1,
3273,14,1|8|3|7|9|5|10|4|9|10|2|4|3|2|12|11|12|3|7|5|2|8|7|6|5|5|6|6|1|6|4|9|11|4|10|12|12|11|8|3|1|8|1|9|11|2|7|10,FALSE,2,1,
3274,11,9|1|2|7|5|2|1|7|5|6|6|2|7|3|5|1|4|9|6|2|5|4|3|3|8|8|7|9|8|4|1|9|4|3|6|8,FALSE,2,2,
3275,14,5|7|8|7|4|2|9|8|1|12|6|6|8|10|10|2|7|3|10|12|2|3|5|2|7|10|4|11|11|12|4|1|5|6|1|8|9|9|3|9|11|3|6|5|11|4|1|12,FALSE,2,1,
3276,11,7|4|9|4|8|2|7|2|6|4|5|8|7|7|5|3|6|3|3|9|2|2|1|5|5|4|8|6|8|3|9|1|9|1|6|1,FALSE,2,1,
3277,11,7|9|2|3|4|9|6|7|4|6|5|3|5|1|2|6|2|5|1|8|3|4|8|3|2|1|9|8|7|6|1|9|4|7|5|8,FALSE,2,1,
3278,14,5|12|8|12|7|4|9|3|4|8|3|1|7|5|7|1|4|9|12|9|1|8|2|10|2|6|5|6|6|11|3|2|11|12|1|5|11|10|7|4|9|3|8|6|2|10|10|11,FALSE,2,1,
3279,14,12|12|9|8|9|1|10|5|7|4|11|10|5|3|5|8|5|1|11|4|9|10|6|10|8|12|8|7|7|1|6|2|2|11|1|11|4|7|4|2|3|6|3|3|6|12|2|9,FALSE,2,3,
3280,11,6|6|4|4|7|4|6|8|7|5|9|3|3|8|9|3|9|1|1|8|5|2|4|2|5|1|9|6|3|7|5|2|1|8|2|7,FALSE,2,2,
3281,14,7|1|8|2|11|4|8|5|7|9|4|1|12|10|1|4|11|9|8|6|9|12|5|2|11|6|8|12|1|3|10|4|9|2|2|10|3|7|7|6|5|12|3|5|10|6|11|3,FALSE,2,3,
3282,14,3|11|10|2|12|4|5|1|3|7|5|6|8|2|11|8|5|4|7|8|4|3|9|6|2|6|8|3|9|10|9|11|9|12|1|5|4|1|1|11|2|12|7|10|12|10|6|7,FALSE,2,1,
3283,11,2|1|3|4|7|2|9|4|8|8|1|9|5|5|1|8|8|6|3|6|9|3|6|4|1|4|5|9|6|5|2|7|7|7|3|2,FALSE,2,1,
3284,11,9|8|1|1|7|9|2|2|7|5|5|2|6|3|6|4|9|3|8|6|5|4|5|1|7|7|6|2|8|4|3|3|9|8|1|4,FALSE,2,1,
3285,11,1|6|8|7|6|7|8|8|7|5|5|3|2|1|2|6|3|6|1|9|5|4|9|8|4|2|5|4|1|7|3|9|2|4|9|3,FALSE,2,2,
3286,14,8|10|2|10|3|3|2|12|11|12|11|6|7|12|1|9|11|2|5|6|2|1|12|4|6|8|5|6|7|4|11|9|4|10|7|4|8|8|1|7|3|10|9|3|5|1|9|5,FALSE,2,1,
3287,11,4|2|1|8|2|9|1|3|1|5|3|6|8|1|2|9|5|8|5|9|7|4|6|6|7|3|2|7|3|6|8|7|4|5|9|4,FALSE,2,1,
3288,14,1|11|8|12|7|1|7|9|4|10|4|11|7|8|1|1|9|4|2|12|4|5|11|11|9|9|5|6|2|7|6|10|2|10|8|6|5|3|12|3|2|10|12|5|3|3|6|8,FALSE,2,1,
3289,11,9|9|1|2|1|9|5|6|5|2|3|3|2|4|6|4|6|3|1|5|8|6|5|7|3|7|7|1|7|2|4|8|8|4|8|9,FALSE,2,1,
3290,14,8|10|8|6|7|11|7|5|4|1|5|12|9|3|3|5|10|4|4|9|12|10|2|8|8|9|2|2|7|1|2|6|6|12|5|10|11|1|6|3|11|4|1|3|12|9|11|7,FALSE,2,1,
3291,14,9|2|2|8|4|2|4|8|7|8|11|3|6|5|1|7|12|11|9|5|2|10|4|1|9|3|1|10|1|5|11|12|10|6|4|9|5|7|7|6|10|8|12|6|3|12|11|3,FALSE,2,1,
3292,11,8|7|5|5|6|7|5|3|5|2|4|9|1|9|6|4|1|6|1|8|3|7|4|2|9|8|9|6|3|4|2|3|8|7|2|1,FALSE,2,1,
3293,11,5|7|1|8|8|6|6|3|6|3|9|2|5|4|8|7|9|5|2|4|9|4|1|7|1|2|4|3|2|3|7|5|8|6|1|9,FALSE,2,1,
3294,11,2|1|1|8|6|7|3|5|6|7|7|3|3|9|5|2|6|4|9|4|8|6|7|9|2|4|2|8|9|5|4|3|1|1|8|5,FALSE,2,1,
3295,11,4|3|3|5|2|9|7|9|1|8|4|2|4|1|9|3|5|6|5|2|7|1|8|9|6|8|8|5|7|6|2|3|6|1|4|7,FALSE,2,1,
3296,14,2|10|4|12|1|8|2|5|1|12|4|9|3|11|3|6|7|12|10|5|9|1|8|11|12|3|9|6|7|1|5|8|8|11|7|9|10|7|4|2|10|5|6|4|2|11|3|6,FALSE,2,1,
3297,14,4|6|7|1|2|12|6|7|10|1|4|7|2|5|10|11|8|1|11|8|11|3|9|4|9|5|11|3|3|10|2|8|4|5|5|6|12|9|8|7|12|2|12|3|10|9|6|1,FALSE,2,1,
3298,11,1|9|1|1|8|3|6|2|2|3|8|5|5|5|2|8|7|5|9|6|7|1|7|6|4|3|4|4|7|8|6|9|3|9|2|4,FALSE,2,1,
3299,14,2|3|5|12|3|9|8|7|1|9|8|6|10|12|7|11|7|7|6|11|8|5|1|8|1|9|11|5|4|3|9|6|12|12|5|2|2|10|10|11|3|4|6|1|4|10|4|2,FALSE,2,1,
3300,11,3|6|8|1|7|8|9|8|2|2|4|4|8|9|9|5|2|1|4|1|4|6|7|5|1|5|3|6|5|7|3|9|3|6|2|7,FALSE,2,1,
3301,11,7|9|8|3|1|6|2|5|3|7|3|1|6|1|4|7|4|6|4|5|6|4|9|2|1|2|9|8|9|5|8|8|7|3|2|5,FALSE,2,1,
3302,14,12|2|9|5|2|3|7|1|3|1|11|10|6|9|2|1|3|9|8|10|8|9|12|4|5|8|4|10|4|12|6|5|7|6|6|8|1|5|11|10|12|7|2|3|7|11|4|11,FALSE,2,1,
3303,14,10|4|9|11|6|3|7|10|2|3|10|6|12|12|8|5|11|3|1|12|7|7|8|4|9|11|2|10|5|1|4|9|11|1|7|12|5|1|4|8|6|8|3|5|2|6|2|9,FALSE,2,1,
3304,11,6|9|6|5|1|4|7|7|8|8|2|2|4|3|3|3|8|4|7|8|9|2|7|5|2|5|6|4|3|1|1|9|5|1|6|9,FALSE,2,3,
3305,11,1|3|1|4|7|2|5|5|2|8|8|9|4|1|4|6|9|8|7|5|4|2|7|6|7|6|2|9|6|3|1|3|3|5|8|9,FALSE,2,1,
3306,11,9|2|3|1|2|7|4|8|5|5|8|4|6|1|4|9|3|9|1|7|5|2|3|1|3|6|8|8|4|6|9|2|7|7|5|6,FALSE,2,1,
3307,14,4|12|2|9|9|7|3|2|7|5|11|7|1|8|10|8|12|1|10|9|3|1|6|1|4|6|7|2|11|10|3|9|5|12|3|10|8|11|5|11|6|4|12|5|4|6|8|2,FALSE,2,1,
3308,14,4|9|9|10|12|3|1|11|9|2|8|2|8|6|3|10|1|6|6|5|7|2|11|11|11|8|8|1|9|5|7|5|6|12|3|4|10|12|7|1|7|3|5|10|2|4|4|12,FALSE,2,2,
3309,11,6|9|3|3|6|8|2|4|6|5|8|7|5|1|8|6|1|1|7|4|2|8|9|5|7|4|4|9|1|2|9|3|7|2|3|5,FALSE,2,1,
3310,11,9|1|2|3|6|7|4|8|9|5|2|8|4|7|2|3|3|5|8|6|5|4|9|7|1|6|2|8|3|5|7|4|9|1|1|6,FALSE,2,1,
3311,14,12|9|8|11|9|3|9|7|3|2|4|5|8|5|6|7|8|6|12|7|1|3|12|10|1|4|2|11|7|5|2|12|10|9|5|8|10|11|4|6|6|11|4|1|3|2|10|1,FALSE,2,1,
3312,14,10|1|1|4|11|6|3|8|12|6|10|5|5|2|5|9|11|8|5|2|9|4|7|1|6|2|12|7|4|3|12|6|9|3|2|12|9|4|10|3|1|11|10|8|11|8|7|7,FALSE,2,1,
3313,14,4|8|6|2|10|11|9|12|5|7|12|10|3|4|5|12|5|8|7|6|12|6|10|11|5|1|1|2|11|8|4|4|1|10|7|3|9|9|7|2|6|3|9|3|8|1|11|2,FALSE,2,1,
3314,11,2|8|9|5|5|6|1|6|8|2|3|4|4|3|5|8|4|5|2|1|1|3|7|1|7|9|8|7|4|6|7|2|9|3|9|6,FALSE,2,3,
3315,11,5|8|6|5|2|2|9|1|9|5|8|6|4|3|7|5|4|2|8|9|6|7|3|3|1|7|1|9|4|3|7|6|1|2|8|4,FALSE,2,1,
3316,14,1|9|2|4|2|8|8|5|4|1|12|1|1|11|11|6|6|10|9|7|6|9|3|10|12|3|3|8|11|12|10|8|7|6|7|5|7|12|5|10|2|11|3|2|9|4|5|4,FALSE,2,1,
3317,11,7|1|3|9|6|9|5|5|6|1|2|4|5|4|5|3|4|2|7|6|8|3|8|9|1|2|9|6|3|8|4|1|8|7|7|2,FALSE,2,1,
3318,11,6|5|2|6|5|8|5|8|2|1|7|4|9|1|7|1|7|4|6|2|8|4|1|9|3|5|3|9|6|4|8|3|3|9|2|7,FALSE,2,2,
3319,14,11|10|9|9|2|4|5|7|5|3|1|12|10|4|6|10|1|3|4|2|8|6|7|1|3|2|9|7|8|5|11|12|10|5|4|1|8|8|9|2|11|3|6|12|11|6|7|12,FALSE,2,1,
3320,14,1|5|3|9|4|12|11|2|6|10|4|6|8|6|3|10|2|9|1|2|2|7|1|5|12|11|12|11|4|9|5|11|8|7|10|8|1|7|7|8|3|5|6|3|4|10|9|12,FALSE,2,3,
3321,14,9|2|12|10|10|7|4|5|10|8|11|9|2|5|5|3|3|1|4|9|7|12|4|9|1|3|2|8|6|8|11|1|10|11|4|12|2|6|11|12|3|6|6|7|8|1|5|7,FALSE,2,1,
3322,14,6|12|9|3|4|4|10|1|11|8|7|5|6|4|2|12|3|1|5|1|8|10|10|2|7|10|9|6|6|2|12|2|1|9|5|8|11|9|3|7|11|4|7|3|5|8|11|12,FALSE,2,1,
3323,11,8|4|8|9|4|6|7|2|3|8|1|7|2|5|8|9|6|6|7|3|7|3|4|3|5|6|1|4|9|2|9|1|5|5|2|1,FALSE,2,2,
3324,11,3|3|4|4|9|3|6|5|7|6|5|2|6|5|1|8|3|7|1|5|7|4|1|1|2|9|2|8|6|9|8|4|8|2|7|9,FALSE,2,3,
3325,11,3|5|9|1|9|2|6|5|9|1|5|8|3|3|4|4|1|4|6|1|5|6|7|8|2|2|7|6|4|2|3|8|9|8|7|7,FALSE,2,1,
3326,11,4|6|8|9|2|9|5|1|6|7|7|7|3|1|9|2|8|7|3|3|2|8|2|5|5|4|3|4|6|5|4|1|9|6|8|1,FALSE,2,1,
3327,14,12|6|9|5|6|3|5|6|2|5|9|12|8|8|7|11|12|1|4|2|3|11|4|7|1|2|2|10|1|4|6|12|9|1|10|11|7|3|5|10|9|3|11|4|8|7|8|10,FALSE,2,1,
3328,14,9|4|7|7|12|11|5|3|5|8|9|11|7|5|7|12|12|9|2|4|1|11|2|10|11|8|4|2|6|6|3|5|1|12|1|8|10|8|3|9|2|4|3|6|10|1|10|6,FALSE,2,2,
3329,14,2|12|9|4|11|2|3|6|5|1|8|7|10|12|12|8|5|5|4|3|4|6|9|2|3|4|3|7|6|9|7|11|7|8|1|1|10|11|10|1|12|9|11|2|8|10|6|5,FALSE,2,3,
3330,14,12|9|9|4|12|8|4|7|6|6|5|2|11|7|11|2|8|5|4|3|3|1|10|1|1|7|8|3|12|10|8|5|2|9|3|10|9|11|5|10|12|11|2|6|6|7|4|1,FALSE,2,1,
3331,11,2|6|9|8|5|4|9|3|5|1|2|7|5|3|1|6|3|5|7|1|9|8|7|4|6|3|4|8|2|9|8|2|1|6|4|7,FALSE,2,1,
3332,11,8|5|6|1|8|9|2|3|4|4|6|7|8|9|4|7|3|1|3|5|5|2|4|2|3|7|6|7|9|1|8|2|9|1|6|5,FALSE,2,1,
3333,14,9|7|1|6|12|8|11|3|9|5|8|2|3|2|10|6|1|11|5|4|8|12|12|7|1|3|8|6|9|7|10|6|10|3|10|11|5|9|11|4|5|7|1|4|12|2|2|4,FALSE,2,1,
3334,11,2|9|1|5|4|3|4|8|3|8|3|7|6|4|8|9|5|2|5|7|6|7|5|2|9|6|1|4|2|6|1|8|1|3|9|7,FALSE,2,1,
3335,11,5|7|5|4|5|1|6|8|3|4|7|3|7|8|6|2|8|6|1|1|4|6|2|2|8|2|3|9|5|4|9|7|1|3|9|9,FALSE,2,1,
3336,11,1|9|3|4|4|1|5|2|6|6|2|9|9|3|9|6|8|3|4|7|7|5|4|5|7|1|1|2|8|8|5|7|6|3|8|2,FALSE,2,1,
3337,11,4|6|2|9|8|1|7|2|7|8|9|3|7|2|7|1|5|8|4|3|3|1|3|5|9|9|4|8|2|6|5|6|1|4|5|6,FALSE,2,1,
3338,14,10|3|1|4|10|6|9|12|8|11|8|9|1|4|2|12|4|2|7|4|5|1|5|6|11|7|9|12|2|2|7|11|3|5|10|7|11|3|12|6|6|3|9|10|1|8|8|5,FALSE,2,1,
3339,11,4|1|3|8|7|3|4|1|9|7|2|5|6|2|5|5|8|1|5|8|6|4|8|7|4|9|6|6|9|2|3|7|2|1|3|9,FALSE,2,1,
3340,14,7|11|6|9|6|1|8|12|3|2|9|8|7|9|9|7|3|4|3|6|11|10|2|5|1|1|5|5|3|5|4|11|12|6|8|1|4|2|2|8|10|4|12|12|7|10|10|11,FALSE,2,1,
3341,14,4|12|5|10|10|5|2|4|8|3|12|7|8|6|3|4|5|7|2|7|9|10|6|12|11|3|1|7|9|12|4|9|2|5|11|10|8|1|11|6|3|9|1|11|6|8|2|1,FALSE,2,3,
3342,11,8|3|5|2|7|5|1|4|4|8|4|6|3|3|8|4|9|8|7|2|1|9|9|5|1|6|7|3|2|2|5|9|6|7|1|6,FALSE,2,1,
3343,14,12|4|10|10|2|9|7|5|2|8|3|8|4|9|2|6|3|12|1|6|10|11|7|8|11|11|1|12|1|7|6|5|4|12|3|4|11|10|6|9|7|5|3|2|9|1|8|5,FALSE,2,2,
3344,11,9|7|1|2|6|7|4|8|1|5|3|4|2|3|6|5|1|8|9|5|6|4|9|3|9|5|3|7|8|1|2|2|7|8|4|6,FALSE,2,1,
3345,11,5|4|4|8|9|3|3|2|1|9|1|5|7|1|3|1|2|7|8|6|6|8|5|8|2|6|4|4|9|7|3|7|6|9|2|5,FALSE,2,1,
3346,14,6|2|7|8|9|6|7|7|8|4|9|1|1|11|8|2|5|4|3|5|4|9|12|6|1|11|10|9|8|5|10|11|11|12|1|12|2|2|10|10|5|3|12|3|6|4|3|7,FALSE,2,1,
3347,11,7|8|2|3|2|9|8|1|2|9|3|6|4|1|5|4|4|2|8|6|5|6|1|4|1|3|7|7|9|9|6|8|7|5|3|5,FALSE,2,1,
3348,14,6|1|5|8|1|12|4|6|5|10|11|2|1|9|7|8|10|6|12|11|9|10|11|12|11|10|4|9|7|6|3|3|12|5|4|2|9|2|7|5|3|7|8|3|2|4|1|8,FALSE,2,1,
3349,14,4|4|2|7|3|1|9|3|11|10|11|7|11|6|8|7|8|12|8|1|3|10|12|2|6|5|12|2|1|6|4|5|12|8|7|11|9|2|10|9|10|5|9|3|4|6|1|5,FALSE,2,1,
3350,14,5|4|9|12|2|10|6|10|4|2|1|8|8|11|4|9|6|2|4|12|3|7|5|9|11|11|1|1|11|3|7|3|3|10|5|6|2|10|8|12|7|12|6|9|8|1|5|7,FALSE,2,1,
3351,11,2|6|4|8|3|3|1|8|3|7|5|2|4|3|6|1|4|4|5|9|8|9|1|6|2|5|9|7|8|9|5|1|2|7|7|6,FALSE,2,1,
3352,11,6|5|8|7|8|5|1|7|2|3|8|4|7|9|9|1|5|1|1|5|2|9|6|6|2|3|3|8|9|3|7|4|2|6|4|4,FALSE,2,1,
3353,14,11|8|9|6|5|1|8|12|10|4|11|10|3|9|11|12|2|11|3|9|6|7|6|12|1|1|4|1|8|5|3|9|8|4|7|7|2|7|2|10|5|2|5|10|12|4|6|3,FALSE,2,1,
3354,14,12|1|4|11|8|4|3|10|3|7|6|6|2|5|12|3|2|6|12|1|6|9|2|4|8|2|12|7|10|5|9|8|1|11|1|11|7|9|9|10|10|5|11|5|3|7|4|8,FALSE,2,1,
3355,11,6|8|8|2|1|4|9|5|4|3|6|2|9|5|1|3|7|8|7|7|4|2|5|9|1|6|2|7|3|9|1|5|6|4|8|3,FALSE,2,1,
3356,11,7|1|7|7|5|1|8|6|8|3|7|2|6|4|5|8|5|4|2|4|4|2|9|3|3|2|6|3|6|1|9|5|8|9|9|1,FALSE,2,1,
3357,11,3|3|8|8|6|4|2|3|4|5|8|7|2|6|5|7|7|2|5|7|4|8|9|1|1|9|1|2|3|1|5|6|9|9|4|6,FALSE,2,3,
3358,14,2|6|3|10|12|10|3|4|11|11|1|7|7|2|2|11|12|4|5|1|5|1|9|9|4|1|7|3|9|2|6|7|6|4|9|8|5|12|6|3|10|12|11|8|8|8|5|10,FALSE,2,2,
3359,14,4|11|10|3|9|3|2|6|1|9|4|10|1|5|10|7|11|12|5|12|11|1|4|7|2|8|10|9|7|3|6|12|9|3|6|2|6|4|1|11|2|12|8|5|7|8|5|8,FALSE,2,1,
3360,11,6|8|3|7|4|9|2|7|4|6|9|8|7|2|1|3|1|1|2|3|4|3|8|7|6|8|1|5|6|9|9|5|4|2|5|5,FALSE,2,1,
3361,11,1|3|7|1|9|4|9|5|5|2|6|6|7|6|3|8|5|7|4|8|9|2|6|4|3|9|7|8|2|5|1|8|2|1|4|3,FALSE,2,1,
3362,11,6|2|4|5|1|8|4|6|1|7|5|2|3|7|1|2|8|9|5|4|9|5|6|1|9|3|7|3|9|4|8|3|2|8|6|7,FALSE,2,2,
3363,14,3|7|7|12|8|12|6|7|10|8|4|3|5|6|4|10|3|9|12|2|1|6|10|5|9|12|9|2|11|4|11|5|2|9|3|11|11|8|6|8|7|1|5|1|10|2|4|1,FALSE,2,1,
3364,11,1|4|8|2|7|3|4|5|6|5|1|4|7|3|6|5|8|2|1|3|4|8|6|5|2|2|7|9|1|6|9|9|3|7|8|9,FALSE,2,1,
3365,11,3|9|1|4|5|1|1|5|5|6|2|8|6|7|8|4|2|1|8|3|7|3|8|7|2|6|4|9|7|9|3|5|9|4|2|6,FALSE,2,1,
3366,11,8|6|7|8|1|9|8|4|9|9|5|2|7|2|3|1|9|8|3|4|3|6|2|5|6|5|1|1|6|2|7|4|3|7|5|4,FALSE,2,1,
3367,14,7|6|7|2|1|11|6|5|2|11|10|6|7|8|4|4|10|3|1|9|12|3|1|5|10|11|11|4|2|5|6|2|8|4|3|12|3|12|9|9|1|8|7|10|12|9|5|8,FALSE,2,1,
3368,14,11|10|12|5|10|12|12|2|3|4|3|1|2|8|9|3|11|4|2|4|1|11|11|1|1|6|6|5|8|7|5|7|10|6|9|9|4|8|8|2|10|3|5|12|9|7|7|6,FALSE,2,1,
3369,11,7|4|2|8|2|4|4|9|5|3|1|4|9|3|1|8|8|5|6|9|7|7|2|5|6|3|6|1|5|6|8|7|2|3|9|1,FALSE,2,1,
3370,14,4|9|6|11|9|8|7|1|11|1|7|1|4|2|5|5|7|2|3|12|10|9|6|12|2|4|7|10|3|4|5|11|3|2|3|9|10|12|1|10|8|12|11|8|6|8|5|6,FALSE,2,1,
3371,11,7|5|3|6|9|2|5|4|5|1|4|7|3|6|8|1|9|9|6|6|2|4|3|7|2|8|5|4|1|8|9|7|8|3|1|2,FALSE,2,1,
3372,14,5|7|11|4|12|5|10|10|4|6|11|3|2|4|9|9|7|2|12|1|8|9|5|3|6|8|10|1|8|11|4|12|10|7|12|2|3|1|11|8|6|6|9|1|2|7|3|5,FALSE,2,3,
3373,14,4|8|9|2|12|12|11|5|11|9|10|10|2|2|12|3|11|12|7|3|4|1|10|5|1|6|4|6|9|1|3|4|11|9|5|8|8|7|7|5|6|2|3|7|8|6|10|1,FALSE,2,1,
3374,14,7|1|10|3|6|5|5|2|11|9|1|12|6|3|8|2|5|8|6|6|7|4|8|10|4|4|10|3|12|11|2|7|1|2|10|7|8|12|9|11|9|9|3|5|1|11|12|4,FALSE,2,1,
3375,11,5|7|2|2|7|8|9|3|5|1|3|6|2|6|1|7|8|5|9|1|8|8|4|4|1|5|9|6|9|7|3|6|4|2|4|3,FALSE,2,1,
3376,11,5|6|3|1|5|7|6|5|4|1|4|9|3|3|8|9|9|2|1|2|7|1|4|4|6|7|3|6|8|9|7|2|2|5|8|8,FALSE,2,1,
3377,14,10|7|7|6|2|6|10|11|1|1|5|8|11|2|3|8|11|4|11|8|7|5|3|2|10|4|1|12|10|12|9|6|1|5|9|2|3|12|4|9|3|7|12|9|4|6|5|8,FALSE,2,1,
3378,11,1|2|4|3|7|6|5|5|3|6|8|8|3|2|9|9|6|1|7|9|7|4|2|6|8|9|1|2|1|8|5|4|4|5|7|3,FALSE,2,3,
3379,11,3|9|2|9|9|7|1|9|5|2|4|1|6|2|6|1|8|8|4|1|5|5|4|8|5|7|8|6|7|3|3|7|6|2|3|4,FALSE,2,1,
3380,14,5|9|1|12|3|7|9|4|1|11|1|2|7|1|4|6|5|3|12|2|11|8|2|5|3|3|8|9|5|4|9|12|11|6|7|10|12|10|8|6|2|10|6|8|4|11|10|7,FALSE,2,2,
3381,14,2|3|6|11|11|5|8|2|6|3|5|10|3|9|2|11|8|1|10|12|8|9|12|4|12|10|1|6|5|10|7|7|4|6|1|4|1|11|9|7|4|12|3|7|8|5|9|2,FALSE,2,2,
3382,14,4|6|2|11|8|9|10|4|5|9|3|8|10|7|9|10|6|8|1|1|5|12|2|5|12|5|11|7|1|6|10|2|6|8|7|1|4|3|11|11|3|9|12|3|7|2|12|4,FALSE,2,1,
3383,11,2|7|4|2|4|9|9|1|8|3|2|3|1|9|1|8|5|7|1|6|2|3|7|7|9|4|8|6|3|6|5|8|6|5|5|4,FALSE,2,1,
3384,11,9|4|2|8|2|1|4|1|8|1|5|3|7|3|2|5|4|8|8|9|9|5|6|3|6|5|2|7|7|9|3|7|6|6|4|1,FALSE,2,1,
3385,14,6|10|6|11|7|10|11|1|2|10|8|1|12|11|9|8|5|1|5|3|2|6|7|8|9|9|4|1|12|12|2|3|7|4|9|7|4|12|3|10|3|5|5|8|11|2|4|6,FALSE,2,1,
3386,11,8|5|4|3|1|8|7|3|6|2|9|4|6|5|3|7|1|3|6|9|8|2|9|2|7|1|2|5|8|9|5|1|4|7|6|4,FALSE,2,1,
3387,11,7|4|3|9|3|4|2|1|1|2|5|8|8|1|4|3|4|1|6|8|5|7|7|3|9|6|2|2|5|9|6|9|8|7|6|5,FALSE,2,1,
3388,14,5|2|12|5|8|10|4|6|10|2|11|9|8|3|7|10|11|12|1|1|9|1|4|9|2|6|8|5|10|1|8|5|3|12|4|2|9|7|4|3|3|11|6|6|11|7|7|12,FALSE,2,1,
3389,11,5|8|7|3|3|7|6|8|9|4|4|6|9|7|3|2|5|1|8|3|4|6|5|1|2|9|4|2|9|6|1|2|7|1|5|8,FALSE,2,1,
3390,14,9|4|11|5|11|10|2|12|5|2|3|7|7|6|8|4|1|6|9|6|4|1|10|1|3|5|12|12|11|9|3|10|8|4|7|2|3|1|6|7|11|8|8|5|12|2|10|9,FALSE,2,1,
3391,14,8|11|9|2|2|12|1|8|11|6|5|1|7|7|8|10|4|5|7|12|9|6|3|3|9|12|4|7|5|4|4|2|10|3|1|10|8|12|6|3|2|6|9|10|11|1|11|5,FALSE,2,3,
3392,11,6|9|8|5|3|4|5|4|3|8|1|1|9|6|8|2|4|6|7|2|7|7|9|3|3|7|5|9|6|4|2|5|8|2|1|1,FALSE,2,1,
3393,11,8|3|4|4|4|4|3|6|2|8|6|1|5|2|1|3|8|6|5|5|2|9|7|1|3|7|1|7|6|5|7|9|2|8|9|9,FALSE,2,1,
3394,11,5|1|3|6|3|2|4|6|6|5|9|9|7|4|8|3|2|1|3|5|5|7|8|9|1|4|4|6|2|8|9|2|1|7|7|8,FALSE,2,2,
3395,14,1|6|2|10|1|8|3|4|10|6|11|3|8|9|7|4|11|7|9|10|7|9|4|3|12|12|1|2|1|11|4|10|2|8|12|5|5|8|2|7|12|9|5|3|6|5|6|11,FALSE,2,1,
3396,14,7|4|6|10|7|12|10|2|8|7|8|9|2|11|2|6|3|11|1|8|4|9|10|9|6|12|1|9|5|10|4|5|11|1|12|4|11|7|2|5|1|6|3|12|5|3|3|8,FALSE,2,1,
3397,11,1|2|2|9|1|8|9|8|8|7|6|1|6|4|8|4|6|5|9|5|5|3|7|7|2|3|2|4|3|5|6|9|4|7|3|1,FALSE,2,1,
3398,14,1|5|10|4|2|10|9|3|7|5|2|5|1|8|10|3|7|9|12|12|7|3|11|9|4|9|2|6|3|10|1|6|11|12|4|2|8|1|6|6|11|7|12|4|11|5|8|8,FALSE,2,1,
3399,11,5|3|3|4|3|9|7|7|6|5|6|1|9|4|8|6|9|7|6|2|2|8|1|8|4|9|8|1|4|5|2|1|5|7|2|3,FALSE,2,1,
3400,14,12|4|11|3|3|10|8|6|12|8|1|6|5|11|9|5|9|3|4|2|7|12|11|6|8|7|1|3|4|7|10|7|5|10|12|8|5|9|1|1|9|6|2|11|2|10|4|2,FALSE,2,1,
3401,11,7|3|9|6|2|5|5|1|1|5|6|2|6|5|6|8|9|9|7|4|1|2|3|4|4|1|3|9|7|8|8|3|4|2|7|8,FALSE,2,1,
3402,11,1|5|6|8|3|6|4|7|2|5|7|4|5|7|6|7|8|9|8|4|9|1|3|9|2|1|5|2|9|3|8|3|1|4|2|6,FALSE,2,1,
3403,11,3|4|4|2|4|3|3|6|9|8|9|8|5|4|5|9|6|2|7|1|5|1|7|1|8|7|6|6|9|2|1|5|8|2|3|7,FALSE,2,1,
3404,14,10|8|7|9|6|9|2|1|3|7|12|4|5|10|12|11|11|3|8|1|4|9|11|12|10|4|11|2|5|8|6|9|4|5|3|5|2|7|12|7|2|3|6|1|1|10|6|8,FALSE,2,1,
3405,11,6|4|5|3|7|9|8|5|1|1|2|2|1|9|2|7|8|5|6|4|6|7|8|4|1|9|5|2|7|3|6|3|4|8|3|9,FALSE,2,1,
3406,14,3|2|11|6|10|12|6|5|2|11|12|6|4|9|10|1|8|7|8|3|9|7|1|5|5|4|3|7|11|5|6|4|4|8|9|3|10|7|2|10|9|1|8|12|2|12|11|1,FALSE,2,1,
3407,11,1|9|7|2|1|4|5|2|2|5|1|3|8|9|8|1|5|6|4|3|7|9|4|3|4|9|7|2|3|6|7|5|8|8|6|6,FALSE,2,1,
3408,14,3|8|4|1|9|5|4|3|7|7|10|9|2|4|6|9|6|12|3|10|12|7|8|6|1|2|12|9|10|2|12|11|2|5|10|11|1|7|8|5|3|1|11|5|11|8|4|6,FALSE,2,1,
3409,14,1|6|10|7|2|7|9|4|7|2|12|1|5|2|8|6|8|3|12|3|10|8|12|10|8|11|4|6|9|3|3|5|4|2|9|6|12|4|11|5|5|7|1|1|11|11|9|10,FALSE,2,1,
3410,11,6|1|1|4|1|6|9|2|8|5|9|9|2|3|1|7|7|5|8|6|9|4|7|4|5|8|3|4|2|3|8|7|3|6|5|2,FALSE,2,1,
3411,14,1|8|3|12|10|4|5|12|4|2|5|6|4|8|7|2|7|2|8|6|7|1|10|11|11|2|11|1|3|3|9|10|9|9|11|3|9|6|12|6|1|10|8|7|5|5|4|12,FALSE,2,1,
3412,11,6|3|2|9|4|8|1|3|7|9|5|2|1|9|5|4|1|4|2|5|7|5|8|8|6|7|2|3|7|1|4|8|6|6|3|9,FALSE,2,3,
3413,14,4|9|5|8|9|7|2|2|10|12|8|4|5|10|1|3|4|11|4|3|5|6|1|2|12|11|8|5|11|12|12|7|10|9|9|8|7|1|11|7|6|3|6|6|2|3|1|10,FALSE,2,1,
3414,14,6|8|12|11|8|9|2|7|10|2|1|4|2|2|4|1|12|5|5|6|1|11|12|11|7|4|3|5|3|8|9|3|10|10|7|9|4|3|6|1|8|11|9|5|12|10|7|6,FALSE,2,1,
3415,11,2|8|4|1|8|9|3|6|5|1|6|4|3|4|7|8|8|9|5|3|2|5|7|1|4|2|2|1|5|7|9|6|9|6|3|7,FALSE,2,2,
3416,11,1|9|9|6|5|6|1|9|4|6|8|5|8|2|7|7|8|8|2|4|3|7|1|6|5|7|1|3|2|3|3|4|2|4|5|9,FALSE,2,1,
3417,14,4|7|1|12|12|8|4|11|5|6|9|8|10|11|11|5|10|9|12|7|7|4|2|3|1|8|6|10|2|9|5|6|10|1|5|1|3|12|3|11|8|7|9|2|2|4|6|3,FALSE,2,1,
3418,14,6|9|3|6|12|1|9|10|7|11|8|3|5|5|3|4|2|5|2|2|11|7|10|1|10|5|12|11|3|12|8|4|4|4|1|7|9|1|8|2|12|6|9|6|7|8|11|10,FALSE,2,3,
3419,11,9|4|7|4|3|1|7|6|5|7|8|6|6|8|8|5|4|1|6|9|4|1|3|9|3|5|3|1|8|2|2|7|5|2|9|2,FALSE,2,1,
3420,11,4|6|8|7|8|1|4|7|4|2|9|5|4|2|5|3|6|9|3|5|6|6|1|7|3|1|3|2|2|8|9|9|7|1|5|8,FALSE,2,2,
3421,11,9|6|4|6|3|5|2|4|8|8|8|6|7|1|5|7|4|3|9|3|5|2|2|4|1|1|1|6|9|7|8|7|9|2|5|3,FALSE,2,1,
3422,14,2|3|8|6|10|8|9|8|2|12|5|5|4|9|3|10|12|7|4|6|1|5|7|11|1|9|4|6|1|7|3|2|8|6|7|12|5|1|2|11|12|3|4|10|10|11|11|9,FALSE,2,1,
3423,11,2|1|4|4|5|2|3|7|2|6|6|8|1|3|5|7|2|6|8|5|4|9|9|1|7|9|8|6|8|1|4|5|3|9|7|3,FALSE,2,1,
3424,14,8|5|7|10|9|3|10|3|6|11|6|1|3|7|7|12|4|10|8|6|4|12|11|2|11|2|1|5|3|5|9|11|6|8|10|5|1|4|8|9|4|12|2|7|12|2|1|9,FALSE,2,3,
3425,14,9|1|11|7|10|4|2|10|6|9|11|2|1|2|5|12|12|1|8|10|7|9|5|3|4|7|5|12|12|3|1|3|4|8|5|6|11|7|2|8|3|10|4|11|8|9|6|6,FALSE,2,1,
3426,11,1|1|7|8|5|2|9|2|8|6|1|3|6|4|4|9|5|4|7|1|5|2|3|7|6|3|6|2|7|8|8|3|5|9|4|9,FALSE,2,1,
3427,11,6|4|3|9|5|5|4|2|1|5|6|7|1|4|2|7|2|1|8|7|5|8|6|9|3|1|9|2|9|8|7|6|3|4|8|3,FALSE,2,1,
3428,14,4|10|2|2|8|7|10|9|11|2|11|10|4|1|9|2|7|3|1|3|4|6|9|6|11|3|3|11|8|4|12|5|9|10|8|7|12|6|8|6|5|1|7|12|12|1|5|5,FALSE,2,2,
3429,14,10|10|4|12|2|6|3|11|1|9|3|6|11|7|3|2|5|6|4|8|6|7|8|1|5|9|4|7|2|9|5|4|12|11|8|10|1|9|10|12|5|11|3|8|7|2|12|1,FALSE,2,1,
3430,11,9|7|1|2|6|9|4|2|3|7|4|8|8|5|5|1|4|3|5|7|9|6|1|6|7|1|8|5|3|2|6|4|8|3|2|9,FALSE,2,1,
3431,11,3|6|2|4|9|2|8|9|4|3|6|7|3|1|8|1|8|4|5|7|6|4|3|7|5|9|5|5|9|1|8|2|1|2|6|7,FALSE,2,1,
3432,11,8|9|9|4|8|5|2|8|6|7|6|7|2|1|6|9|1|7|9|4|4|1|5|3|5|5|2|8|3|6|3|7|1|2|3|4,FALSE,2,1,
3433,11,2|9|4|3|5|3|6|2|1|4|9|2|3|8|7|2|5|6|7|5|1|6|4|1|7|5|3|9|8|8|6|9|7|4|8|1,FALSE,2,1,
3434,14,1|1|9|8|2|12|9|6|3|6|4|11|2|6|10|1|12|8|9|11|5|10|7|4|12|12|11|3|4|10|4|3|10|2|5|8|7|11|2|5|3|7|9|5|1|6|8|7,FALSE,2,1,
3435,14,6|5|12|5|10|6|8|6|12|4|7|5|4|10|10|1|2|9|8|12|2|3|7|12|3|10|1|1|11|6|8|5|2|4|7|2|7|3|11|9|11|3|8|9|4|9|11|1,FALSE,2,1,
3436,11,3|1|1|9|1|5|9|3|8|1|9|4|2|9|7|8|4|5|2|5|6|3|6|2|6|6|3|4|8|7|5|7|4|7|2|8,FALSE,2,1,
3437,14,4|3|2|11|11|3|9|8|7|5|10|5|3|12|9|1|6|7|6|2|5|2|1|8|11|9|6|12|12|10|4|11|4|1|7|2|12|6|5|10|8|9|3|4|7|8|10|1,FALSE,2,1,
3438,14,12|6|1|7|8|7|6|2|4|8|3|10|6|5|11|5|10|7|6|3|3|12|7|5|8|9|11|2|9|12|2|11|10|1|5|8|12|2|4|9|1|11|4|9|3|4|10|1,FALSE,2,1,
3439,11,2|1|1|7|9|4|8|2|7|6|5|3|3|9|7|1|5|5|2|3|6|2|9|5|4|3|9|4|4|8|6|6|1|8|7|8,FALSE,2,1,
3440,11,4|7|4|7|6|3|2|3|9|6|8|5|2|8|4|5|1|6|9|9|8|3|6|1|3|1|2|4|8|1|7|5|9|5|2|7,FALSE,2,1,
3441,14,6|7|11|9|5|1|6|3|12|2|12|1|7|10|7|10|6|10|5|1|10|9|2|12|11|4|2|6|4|5|8|4|4|5|3|11|8|8|2|9|11|7|1|8|12|9|3|3,FALSE,2,1,
3442,11,4|7|2|7|4|8|3|8|3|4|1|1|9|3|9|7|6|6|5|8|9|6|5|1|6|2|7|8|4|5|9|2|5|1|2|3,FALSE,2,1,
3443,14,11|9|8|12|7|10|11|7|3|3|1|9|10|4|5|5|11|2|12|8|4|1|5|10|3|6|2|2|4|6|9|9|5|7|12|6|7|12|4|2|8|1|6|1|10|8|3|11,FALSE,2,1,
3444,11,4|6|4|2|2|1|3|3|7|1|1|6|5|9|5|8|8|7|9|5|2|7|7|4|3|3|9|1|2|4|8|9|8|5|6|6,FALSE,2,3,
3445,14,5|1|10|8|10|2|3|3|2|8|5|4|4|12|11|1|6|4|10|8|10|5|5|11|7|11|1|7|2|12|3|9|7|2|9|6|4|12|6|7|3|12|6|8|1|9|9|11,FALSE,2,1,
3446,11,6|3|1|3|2|5|6|4|7|2|8|1|8|1|5|6|2|4|8|7|5|8|5|6|2|7|9|1|4|9|9|7|4|3|3|9,FALSE,2,1,
3447,14,10|3|5|3|7|6|5|12|8|8|11|9|5|7|9|4|9|10|11|10|10|12|2|12|3|1|5|6|2|6|4|2|8|11|1|9|2|1|12|4|3|1|11|7|4|8|7|6,FALSE,2,1,
3448,11,2|1|7|7|7|3|4|5|3|2|2|5|3|3|8|6|9|1|8|5|4|5|8|8|6|1|6|9|9|2|6|4|7|4|9|1,FALSE,2,1,
3449,14,10|2|12|8|7|7|3|9|4|6|1|8|9|1|6|1|8|11|10|1|12|4|8|11|11|3|10|12|5|7|9|2|3|11|3|6|12|5|4|4|5|10|5|9|2|6|2|7,FALSE,2,1,
3450,11,2|4|7|9|4|2|8|6|3|6|5|2|6|3|5|7|8|2|9|3|7|1|3|5|7|9|1|8|9|1|1|4|8|4|6|5,FALSE,2,1,
3451,14,8|10|11|5|5|2|3|1|4|4|8|12|7|9|6|8|8|3|9|2|10|7|10|11|6|6|1|3|7|4|11|4|2|12|5|6|9|7|10|5|9|12|1|2|1|3|11|12,FALSE,2,1,
3452,11,9|9|7|4|1|8|3|7|2|1|1|3|9|6|3|4|5|5|8|5|6|6|1|2|8|2|7|5|6|3|2|9|7|4|4|8,FALSE,2,1,
3453,11,7|1|4|1|1|5|5|9|6|7|2|8|6|7|1|2|6|9|8|4|7|3|9|9|3|8|3|5|8|6|2|2|3|5|4|4,FALSE,2,1,
3454,11,8|7|6|8|3|5|3|6|5|1|8|2|4|8|7|7|9|2|9|4|6|1|5|1|3|4|9|3|2|1|9|7|5|2|6|4,FALSE,2,1,
3455,14,5|6|8|1|9|3|7|7|11|2|11|2|1|7|9|3|5|12|6|10|8|4|5|3|6|10|9|5|3|4|11|8|8|10|12|9|4|2|4|1|12|10|1|11|12|7|6|2,FALSE,2,1,
3456,14,3|1|3|10|4|11|4|12|9|7|5|5|1|5|11|9|8|2|1|1|7|12|12|9|6|2|4|5|2|10|6|10|7|3|6|7|11|11|6|4|9|3|12|8|8|10|2|8,FALSE,2,1,
3457,14,8|7|11|6|3|5|10|2|8|8|9|5|6|12|4|8|3|1|1|7|10|11|6|2|7|12|1|9|11|7|1|10|5|4|3|3|12|2|6|4|9|11|2|5|10|4|9|12,FALSE,2,1,
3458,11,1|8|1|6|2|7|9|8|6|9|4|7|5|3|1|4|3|7|5|2|2|2|6|9|1|9|3|8|3|4|4|7|5|5|8|6,FALSE,2,1,
3459,14,12|4|3|5|8|9|8|1|11|12|8|1|8|2|4|9|2|7|10|3|3|4|7|2|7|7|4|9|10|6|12|1|11|11|10|10|6|6|3|5|5|11|1|9|2|12|5|6,FALSE,2,1,
3460,11,3|4|1|2|8|5|2|9|3|9|8|9|1|7|6|9|5|7|2|7|4|6|3|5|3|1|6|4|8|8|1|4|2|6|7|5,FALSE,2,1,
3461,11,6|3|7|5|7|5|2|3|2|9|7|4|9|8|1|5|1|3|6|2|4|9|6|1|1|8|5|4|7|2|3|9|8|6|8|4,FALSE,2,1,
3462,14,11|6|6|4|1|5|9|4|6|12|2|2|10|10|3|8|5|3|3|5|11|9|1|10|6|4|10|9|3|1|7|1|2|7|11|8|8|12|12|5|9|7|4|2|7|11|12|8,FALSE,2,2,
3463,14,12|5|11|9|9|10|1|11|7|10|9|3|1|4|4|8|8|2|2|8|12|11|10|7|3|12|7|7|1|5|1|3|5|3|2|11|8|9|6|2|6|4|12|4|5|10|6|6,FALSE,2,1,
3464,11,7|8|6|6|6|4|5|2|3|3|5|3|8|5|4|9|3|7|7|2|1|8|4|8|5|1|2|6|4|1|7|2|9|9|9|1,FALSE,2,1,
3465,11,5|9|2|4|4|3|2|5|3|7|6|1|8|4|1|9|8|6|7|6|3|9|6|5|2|1|8|5|1|7|7|2|3|8|9|4,FALSE,2,1,
3466,14,4|9|8|3|9|2|7|10|1|11|8|12|5|3|10|1|9|11|10|12|2|6|5|5|4|4|11|3|8|6|6|12|3|1|2|11|7|8|2|10|9|6|12|5|1|4|7|7,FALSE,2,1,
3467,14,8|1|7|4|9|5|10|6|10|6|12|3|1|11|4|9|11|12|5|2|4|8|4|6|7|3|1|12|5|2|11|3|7|2|3|11|10|6|8|5|8|12|7|9|10|1|2|9,FALSE,2,1,
3468,11,6|9|4|1|9|3|8|4|3|5|3|6|5|9|1|4|6|9|1|8|7|2|2|2|5|7|7|6|1|4|8|5|3|7|8|2,FALSE,2,1,
3469,14,7|1|12|10|8|6|8|9|6|5|1|1|12|9|6|10|4|4|10|1|12|7|8|7|11|2|3|3|8|4|6|5|10|2|2|5|3|9|4|7|2|11|3|9|11|11|5|12,FALSE,2,1,
3470,11,1|1|3|7|7|5|1|2|2|9|4|5|7|8|2|6|4|6|3|8|5|9|3|8|1|2|9|4|3|7|6|6|8|5|4|9,FALSE,2,3,
3471,14,9|11|10|3|9|2|4|1|12|2|12|1|11|1|11|5|6|12|8|6|5|8|3|4|10|7|9|10|5|8|6|2|8|4|5|2|12|1|3|11|9|7|6|7|10|3|7|4,FALSE,2,1,
3472,11,8|7|2|7|1|5|1|7|2|3|9|4|4|6|9|5|6|9|9|3|4|8|5|1|8|3|3|5|6|2|1|8|7|2|6|4,FALSE,2,1,
3473,11,1|5|6|6|8|4|7|6|3|5|1|9|2|9|2|7|8|9|3|7|4|4|7|2|5|5|8|8|1|6|9|3|3|1|2|4,FALSE,2,1,
3474,11,8|6|9|4|2|3|5|2|7|1|7|6|8|8|1|6|9|5|9|3|4|1|2|4|9|1|2|3|6|7|7|4|8|5|5|3,FALSE,2,2,
3475,14,7|8|7|6|8|7|8|3|2|2|9|12|5|6|3|12|9|4|1|6|2|7|4|11|3|6|10|5|10|11|9|4|11|3|12|1|5|5|2|11|12|9|10|1|4|1|10|8,FALSE,2,1,
3476,14,1|7|5|2|7|11|4|2|10|3|9|4|8|7|3|12|10|12|9|1|6|8|12|10|1|8|9|1|4|7|11|9|3|10|6|4|11|11|2|8|5|3|6|5|12|5|6|2,FALSE,2,1,
3477,14,4|10|9|3|9|11|4|1|7|12|8|1|3|8|12|9|4|10|8|5|10|5|2|11|3|5|12|2|7|1|3|12|11|6|11|4|5|6|9|8|2|2|7|7|1|6|6|10,FALSE,2,1,
3478,11,2|7|4|9|3|3|5|7|1|9|6|7|4|6|5|4|2|2|5|4|7|2|6|8|5|1|6|1|9|8|1|8|9|3|8|3,FALSE,2,1,
3479,11,8|8|7|5|2|5|6|4|7|6|2|8|3|6|2|9|7|4|9|9|1|5|7|5|4|3|1|9|3|6|3|1|1|4|2|8,FALSE,2,1,
3480,14,10|6|5|2|1|10|3|8|2|5|7|12|11|2|10|5|1|3|8|12|3|11|4|11|7|9|1|11|8|4|9|7|12|8|1|4|4|6|10|12|6|5|7|2|6|9|3|9,FALSE,2,1,
3481,14,3|5|5|12|1|2|10|3|10|6|9|6|8|7|1|7|8|11|3|8|10|12|10|12|6|1|6|3|2|9|5|7|11|2|4|2|11|12|5|8|1|4|4|9|4|9|11|7,FALSE,2,1,
3482,11,6|6|1|4|2|1|9|5|5|8|1|4|6|9|3|7|4|2|7|2|4|8|9|3|5|8|7|9|8|6|1|2|7|3|5|3,FALSE,2,3,
3483,11,1|8|7|1|3|4|8|3|6|4|2|4|8|7|6|4|5|5|1|1|7|9|8|6|5|2|7|6|3|9|2|9|5|9|2|3,FALSE,2,1,
3484,14,12|6|7|10|12|4|1|7|5|10|12|7|2|12|8|5|3|11|2|3|9|9|6|5|4|10|2|1|4|11|4|11|8|1|5|10|9|3|9|11|2|8|3|7|8|1|6|6,FALSE,2,1,
3485,14,8|11|10|1|4|9|7|4|9|11|12|4|2|7|3|5|2|5|12|6|6|6|3|9|2|2|8|3|1|1|7|8|10|1|3|5|12|11|11|8|4|7|10|10|6|5|9|12,FALSE,2,1,
3486,11,4|7|5|1|8|9|9|2|6|8|9|6|6|8|1|4|7|2|4|6|5|2|3|4|8|1|5|1|3|2|3|9|3|7|7|5,FALSE,2,1,
3487,14,12|8|10|3|7|7|4|8|7|5|6|2|9|11|4|5|2|5|1|12|3|1|1|11|9|2|2|3|6|12|9|4|3|11|6|6|10|1|10|12|9|7|10|8|4|11|5|8,FALSE,2,1,
3488,11,5|9|2|7|1|8|4|3|8|7|7|9|5|8|3|3|4|5|6|6|6|7|2|3|1|5|2|1|6|9|1|2|4|4|8|9,FALSE,2,1,
3489,14,9|7|4|2|1|8|10|12|9|4|2|11|10|11|6|5|3|2|7|11|3|9|2|8|1|3|8|12|7|1|12|4|9|5|5|1|4|7|8|6|10|11|3|10|6|12|6|5,FALSE,2,1,
3490,14,9|7|5|8|12|2|9|11|4|6|3|11|1|1|8|5|10|1|3|4|10|10|9|6|1|9|2|2|4|7|6|5|3|11|7|8|3|10|12|11|12|6|2|4|5|12|8|7,FALSE,2,1,
3491,11,9|2|1|9|5|3|4|2|8|9|5|9|1|3|7|8|7|7|4|5|1|3|4|3|2|5|8|4|2|1|6|6|6|6|8|7,FALSE,2,1,
3492,11,5|6|2|2|4|8|6|3|5|6|3|4|2|1|9|9|6|3|3|1|1|7|8|5|2|1|5|8|9|7|8|4|7|9|4|7,FALSE,2,1,
3493,11,8|8|3|5|8|2|7|5|4|3|6|9|7|1|1|7|6|2|4|6|1|9|3|2|5|9|6|1|2|9|8|4|7|3|4|5,FALSE,2,1,
3494,14,9|6|5|4|11|3|3|9|12|8|1|4|6|1|8|1|12|10|11|7|2|5|8|11|10|3|12|8|6|10|11|2|1|2|5|7|7|6|5|3|9|10|4|7|4|2|9|12,FALSE,2,1,
3495,14,6|1|12|5|8|11|10|12|9|2|12|11|9|7|5|10|12|8|3|7|6|2|7|2|5|5|1|2|1|4|11|11|3|4|4|3|6|7|3|10|9|10|8|6|8|1|9|4,FALSE,2,2,
3496,11,7|4|8|3|3|1|9|9|6|7|8|1|9|2|4|4|8|5|6|2|3|8|2|5|6|6|1|3|4|5|1|2|7|7|5|9,FALSE,2,1,
3497,11,9|3|1|7|2|3|2|8|6|6|8|1|3|5|6|9|4|7|6|7|5|5|3|5|8|9|9|2|1|8|2|4|7|1|4|4,FALSE,2,1,
3498,11,8|2|1|9|5|8|5|9|4|3|6|6|9|4|8|3|2|7|1|9|1|5|2|7|6|4|5|6|7|3|3|1|2|4|8|7,FALSE,2,1,
3499,14,12|10|6|11|10|12|4|7|1|7|3|10|1|4|5|11|2|7|2|2|9|9|7|8|1|8|12|4|3|5|6|6|8|5|9|8|4|2|11|3|6|3|12|5|1|10|11|9,FALSE,2,1,
3500,14,3|11|1|10|12|2|4|5|7|8|5|12|12|4|8|11|2|5|12|3|6|6|1|9|8|10|6|3|11|9|2|1|9|10|10|11|4|8|7|7|3|1|7|5|6|4|2|9,FALSE,2,3,
3501,14,12|10|8|11|6|12|2|4|7|1|1|11|9|4|6|4|9|1|2|5|3|1|3|8|6|11|9|5|4|10|6|3|7|7|7|9|5|8|10|12|10|12|11|3|2|2|5|8,FALSE,2,1,
3502,11,3|6|7|8|4|3|2|4|4|5|8|9|4|5|5|3|9|9|3|6|9|1|7|2|5|6|1|2|8|2|8|1|7|7|1|6,FALSE,2,1,
3503,14,11|4|2|8|6|7|6|3|7|2|8|10|9|12|4|11|5|4|12|8|8|10|9|1|10|1|1|5|6|10|3|3|1|12|7|4|11|7|11|12|5|3|5|2|2|9|6|9,FALSE,2,1,
3504,11,8|6|2|4|7|3|5|1|7|9|6|1|5|8|3|9|3|8|9|7|5|8|6|6|4|1|5|4|9|3|1|2|4|7|2|2,FALSE,2,2,
3505,11,4|9|5|6|6|9|9|4|8|1|2|7|3|5|1|8|6|1|7|7|1|9|3|4|2|2|4|7|6|8|8|5|2|5|3|3,FALSE,2,1,
3506,11,3|3|7|4|4|6|3|7|8|5|8|2|2|1|6|1|5|7|8|2|2|4|9|9|9|3|7|8|1|5|5|6|6|1|4|9,FALSE,2,1,
3507,14,9|5|8|10|11|1|2|8|5|9|5|2|3|1|7|11|2|10|11|1|5|12|10|3|4|6|10|11|4|9|12|2|7|6|6|4|9|6|12|12|1|4|7|3|3|8|7|8,FALSE,2,1,
3508,14,2|12|4|11|5|7|4|1|12|2|12|12|11|1|7|10|9|6|8|8|6|11|3|9|1|4|2|2|1|6|10|7|3|7|5|3|9|9|6|11|3|8|5|5|8|10|10|4,FALSE,2,1,
3509,11,2|1|7|8|7|9|2|6|3|8|3|7|3|1|2|4|5|4|5|1|9|7|2|6|6|6|8|9|5|5|3|1|9|4|8|4,FALSE,2,1,
3510,11,9|8|7|4|4|2|9|7|1|9|2|7|1|2|8|5|5|5|8|8|3|1|7|5|4|6|4|1|3|2|6|3|3|6|9|6,FALSE,2,3,
3511,14,12|11|11|4|2|9|9|7|7|6|11|5|6|2|7|9|3|1|10|4|1|12|11|3|9|4|1|3|10|3|4|8|7|12|2|10|5|12|1|5|6|8|2|6|8|5|10|8,FALSE,2,1,
3512,14,8|12|9|11|11|6|6|4|4|9|5|10|1|7|5|11|2|4|6|1|4|2|2|6|8|8|3|3|12|1|3|7|1|10|12|7|9|8|7|10|3|9|5|11|2|5|10|12,FALSE,2,1,
3513,11,1|5|9|6|9|5|4|2|8|6|4|4|1|7|3|4|8|2|6|6|7|3|2|1|7|8|9|1|5|9|7|8|5|3|3|2,FALSE,2,1,
3514,14,4|11|7|4|11|12|1|7|5|6|9|9|6|5|2|6|6|9|8|3|4|3|4|11|12|7|10|9|5|1|5|12|2|8|10|10|8|8|10|2|2|3|7|12|11|1|3|1,FALSE,2,1,
3515,11,4|5|9|6|7|8|6|1|8|5|2|2|1|1|7|6|2|4|5|3|8|4|4|9|8|9|3|3|7|3|5|2|9|6|7|1,FALSE,2,1,
3516,14,11|12|5|7|11|7|10|1|10|2|9|12|6|8|8|3|3|8|4|6|4|6|7|4|5|7|2|1|2|3|3|8|5|11|9|10|12|1|6|10|4|11|5|2|1|12|9|9,FALSE,2,1,
3517,11,1|6|3|9|6|3|6|5|8|4|9|9|5|1|7|4|9|2|7|3|4|8|6|4|2|2|5|3|1|8|8|1|2|5|7|7,FALSE,2,1,
3518,11,3|3|4|4|6|9|7|5|9|1|2|3|8|9|6|7|4|8|1|2|6|2|4|7|3|8|2|1|5|1|6|8|7|5|5|9,FALSE,2,1,
3519,14,1|7|2|4|1|7|10|3|8|3|7|10|6|11|10|5|6|12|5|12|5|5|9|12|9|3|2|12|4|9|9|6|1|2|2|8|1|10|11|8|6|4|11|7|11|3|4|8,FALSE,2,1,
3520,14,6|11|10|7|7|6|7|6|5|8|2|9|5|9|11|1|2|3|2|4|5|9|12|10|3|8|1|12|10|4|9|8|5|8|11|12|1|7|1|3|12|2|3|6|10|4|11|4,FALSE,2,2,
3521,14,7|7|9|4|2|1|12|10|1|3|11|12|12|3|9|6|2|8|2|5|6|4|4|7|8|1|3|2|5|11|9|10|10|6|11|10|9|5|8|8|1|5|11|4|3|7|6|12,FALSE,2,1,
3522,11,3|9|7|1|4|3|2|8|9|7|7|1|6|3|1|3|4|5|2|9|5|6|6|5|8|2|2|1|6|4|4|8|7|5|9|8,FALSE,2,1,
3523,14,3|11|11|10|4|12|6|9|5|7|7|11|6|2|1|2|1|5|6|3|9|7|4|6|8|5|9|4|4|7|12|3|10|2|8|8|10|9|1|12|1|10|11|2|5|8|3|12,FALSE,2,1,
3524,11,7|4|8|9|6|8|4|6|1|7|5|6|2|5|2|5|1|7|1|3|4|8|9|9|3|7|3|2|9|4|2|3|1|5|8|6,FALSE,2,1,
3525,14,1|2|2|10|8|9|4|5|3|11|7|12|1|7|2|12|7|1|9|5|10|6|8|3|5|9|3|1|5|6|3|10|8|9|2|7|8|11|11|12|4|4|4|10|6|6|11|12,FALSE,2,1,
3526,14,3|9|6|4|8|4|10|3|5|11|8|11|6|12|1|9|1|12|2|5|2|10|7|6|11|6|10|12|9|5|8|2|4|3|3|7|2|7|4|5|10|11|9|1|7|12|8|1,FALSE,2,1,
3527,11,2|1|5|7|6|8|4|6|2|9|4|7|8|8|4|2|9|3|8|5|7|7|3|6|3|9|1|6|5|4|3|2|1|1|9|5,FALSE,2,1,
3528,11,7|8|6|3|4|3|7|7|2|2|8|6|2|6|5|3|1|9|5|8|4|6|4|1|1|4|2|5|8|9|9|1|5|7|9|3,FALSE,2,1,
3529,14,3|1|5|6|2|9|7|1|7|5|8|3|2|10|7|10|12|4|2|9|3|2|11|11|9|8|1|12|6|11|4|7|12|11|12|5|9|6|8|6|1|4|10|5|10|4|3|8,FALSE,2,1,
3530,11,2|2|4|2|6|5|5|6|8|3|7|1|5|6|9|8|3|4|9|9|2|4|6|3|5|7|1|8|9|3|7|4|7|1|8|1,FALSE,2,1,
3531,14,1|3|6|12|4|7|10|2|8|5|5|12|4|7|9|7|9|1|5|9|10|6|3|11|2|2|7|1|3|10|6|11|12|9|8|4|8|8|6|3|12|4|5|11|1|11|2|10,FALSE,2,1,
3532,11,7|7|6|8|8|7|6|2|4|1|5|4|1|4|8|2|5|4|9|8|7|9|6|2|3|5|6|3|5|9|9|3|3|1|2|1,FALSE,2,3,
3533,14,4|10|6|10|5|9|4|11|7|6|12|2|8|10|8|2|12|3|2|11|7|4|12|5|1|1|10|12|7|11|3|3|1|6|2|7|9|11|8|3|5|5|1|6|9|9|8|4,FALSE,2,1,
3534,11,2|4|3|2|6|7|5|6|4|9|7|8|3|5|3|5|1|8|2|3|1|8|9|7|7|1|2|4|4|9|6|9|6|1|8|5,FALSE,2,1,
3535,14,5|4|6|3|9|7|6|1|9|11|4|8|1|12|3|12|4|4|10|11|10|2|12|2|3|2|5|9|1|7|8|10|1|7|7|8|8|11|6|2|11|5|10|12|5|3|6|9,FALSE,2,1,
3536,11,7|2|1|9|3|1|5|1|4|3|8|6|3|2|6|4|5|8|7|2|9|1|5|9|8|4|4|6|8|7|6|9|7|3|5|2,FALSE,2,1,
3537,14,11|2|5|9|11|9|3|8|11|2|4|4|1|1|6|5|2|10|8|12|4|10|7|8|6|1|11|7|8|7|5|12|6|4|10|10|12|1|2|6|3|9|3|7|5|3|9|12,FALSE,2,1,
3538,11,1|3|7|9|2|8|1|4|6|4|7|4|8|5|5|6|5|5|8|6|2|2|1|3|3|3|6|1|4|7|2|7|9|8|9|9,FALSE,2,2,
3539,14,9|2|4|10|7|4|10|8|12|12|3|2|5|12|10|1|9|8|3|12|6|6|5|7|3|11|2|6|11|4|11|5|3|1|10|1|5|1|9|4|6|7|2|11|8|9|8|7,FALSE,2,1,
3540,11,6|3|2|8|4|8|1|7|3|3|5|8|6|1|9|4|9|5|8|2|9|6|4|1|7|6|4|7|7|3|5|2|2|5|9|1,FALSE,2,1,
3541,11,6|3|6|4|3|5|3|6|8|8|4|7|4|7|8|9|8|9|1|3|9|1|2|5|7|1|2|4|9|7|2|2|1|5|5|6,FALSE,2,1,
3542,14,12|8|5|8|4|8|7|5|7|10|3|12|10|3|6|1|6|9|2|6|2|7|11|9|5|7|12|2|1|4|8|2|9|10|3|6|11|12|3|9|11|4|4|5|11|10|1|1,FALSE,2,3,
3543,14,5|11|8|8|9|11|12|4|6|7|1|9|6|4|2|11|8|9|12|3|11|1|1|7|8|2|10|12|10|1|9|5|12|3|10|6|7|5|3|2|4|6|3|5|10|7|4|2,FALSE,2,2,
3544,11,2|1|9|1|2|6|5|4|1|7|2|6|1|3|3|6|4|7|9|7|9|3|8|4|5|9|8|5|3|8|8|5|2|4|7|6,FALSE,2,1,
3545,14,8|9|9|8|12|8|4|12|7|2|10|6|7|11|4|11|2|9|8|6|3|3|10|12|4|3|6|3|1|12|4|7|2|1|6|10|1|1|2|7|5|11|9|5|5|10|11|5,FALSE,2,1,
3546,11,3|8|6|4|7|9|4|9|5|3|6|2|3|6|8|2|8|9|4|4|7|1|7|7|9|2|1|1|2|5|5|1|6|3|8|5,FALSE,2,1,
3547,14,11|12|7|9|7|4|2|8|5|9|8|3|6|1|6|11|10|11|4|1|12|3|10|9|2|10|8|4|7|3|1|5|4|8|1|6|7|5|2|3|10|11|9|6|2|12|12|5,FALSE,2,1,
3548,11,7|5|8|5|9|1|2|6|4|6|9|8|1|8|5|2|5|7|4|6|3|4|7|1|3|9|4|2|3|6|7|8|3|9|2|1,FALSE,2,1,
3549,14,5|1|11|4|7|2|4|1|8|9|7|3|9|1|12|2|5|12|7|9|8|2|8|5|10|3|7|10|9|10|11|1|4|8|12|4|6|2|11|6|12|6|6|3|10|5|3|11,FALSE,2,1,
3550,11,6|2|1|6|4|2|1|2|7|7|9|5|3|9|4|8|1|3|8|6|7|5|9|3|2|9|1|4|5|6|7|3|8|8|5|4,FALSE,2,1,
3551,11,3|7|4|8|5|7|1|4|3|4|2|3|8|9|6|9|7|2|7|6|5|9|9|4|3|8|5|1|5|8|2|1|6|1|2|6,FALSE,2,1,
3552,14,9|12|12|12|7|10|5|11|5|1|9|1|1|5|8|7|6|9|8|5|12|6|8|10|7|10|11|4|3|11|7|3|2|6|4|4|9|2|11|1|3|2|2|3|10|6|4|8,FALSE,2,3,
3553,11,1|7|6|5|1|2|8|5|8|1|9|3|4|5|6|6|9|2|3|8|7|4|8|3|6|5|9|7|1|3|9|4|2|4|2|7,FALSE,2,1,
3554,14,11|9|1|8|8|4|4|2|6|2|9|12|1|3|8|2|3|1|5|10|6|6|9|5|3|1|5|7|11|3|4|9|10|11|11|4|2|10|8|12|7|7|5|7|12|12|6|10,FALSE,2,1,
3555,14,12|9|5|2|1|2|9|12|1|7|7|11|11|8|3|5|4|9|11|3|7|6|10|5|6|3|9|8|11|1|6|4|2|3|4|7|12|10|10|5|8|6|1|8|2|4|12|10,FALSE,2,1,
3556,11,9|4|3|1|7|4|9|6|5|7|8|6|9|7|2|1|3|5|4|4|9|8|3|2|8|2|7|3|5|6|2|8|5|1|6|1,FALSE,2,1,
3557,11,6|8|2|6|9|7|4|9|3|4|8|9|1|7|4|9|8|7|6|5|6|8|2|5|1|3|3|7|4|1|2|3|2|5|1|5,FALSE,2,1,
3558,11,2|1|1|2|7|4|6|8|3|9|5|9|3|6|8|7|9|4|5|2|2|5|4|5|4|6|9|3|1|3|8|8|6|7|1|7,FALSE,2,1,
3559,14,8|2|5|9|1|5|9|1|4|4|11|2|6|10|8|2|7|7|3|5|10|10|4|11|9|2|11|10|3|6|12|1|3|12|8|5|6|6|1|11|12|12|4|7|8|3|9|7,FALSE,2,1,
3560,14,4|1|1|2|1|5|10|2|11|1|3|10|9|8|11|7|2|11|4|4|7|6|8|3|5|10|12|6|3|2|4|12|6|9|8|12|5|9|3|7|12|10|7|9|11|6|8|5,FALSE,2,1,
3561,14,9|7|3|9|11|3|6|7|4|8|9|2|11|1|5|1|9|4|12|5|12|2|10|8|5|2|1|5|3|6|4|4|7|6|10|10|11|11|7|12|2|6|1|10|8|3|12|8,FALSE,2,1,
3562,11,8|6|1|2|5|2|3|9|4|4|4|6|2|7|8|7|1|9|3|9|6|7|3|6|3|5|8|1|5|1|4|2|9|5|8|7,FALSE,2,1,
3563,14,1|6|3|11|11|3|4|8|12|11|2|9|7|12|9|1|1|2|11|12|9|12|6|5|7|3|10|6|8|7|4|6|9|4|8|5|5|7|5|10|10|1|4|3|2|2|8|10,FALSE,2,1,
3564,11,6|3|8|6|1|3|3|5|2|9|7|4|2|4|3|1|7|9|7|9|9|2|5|8|5|4|2|6|6|7|5|1|8|8|1|4,FALSE,2,1,
3565,11,4|5|1|3|3|4|9|2|6|9|5|9|4|5|3|8|8|3|4|7|8|2|6|9|6|7|7|5|6|1|8|1|1|7|2|2,FALSE,2,1,
3566,14,2|9|9|12|8|2|11|6|1|2|5|3|7|10|5|10|4|8|12|8|6|9|4|3|1|7|7|3|4|12|1|12|10|2|9|6|8|4|6|11|11|3|1|5|11|7|10|5,FALSE,2,1,
3567,11,3|3|1|6|5|7|4|2|2|6|2|1|1|9|7|4|3|6|8|1|5|4|9|9|2|3|6|7|8|8|5|7|8|4|9|5,FALSE,2,1,
3568,14,2|1|9|11|11|3|12|9|1|5|11|7|6|3|7|3|8|10|10|9|4|3|10|12|6|5|9|6|7|8|8|4|2|7|4|1|5|2|6|5|12|4|8|2|12|11|1|10,FALSE,2,1,
3569,11,7|4|1|4|9|5|6|7|8|5|3|8|6|5|3|4|3|1|8|8|2|1|7|9|4|1|7|6|3|9|2|9|6|5|2|2,FALSE,2,1,
3570,14,1|8|8|9|6|3|2|10|3|12|10|4|11|6|5|12|4|7|10|1|2|7|7|9|5|5|5|3|8|12|10|9|4|9|12|1|1|11|2|2|11|11|6|6|8|4|7|3,FALSE,2,1,
3571,14,3|9|10|5|6|3|8|11|10|5|8|9|12|2|2|4|6|10|5|8|11|1|4|9|2|6|7|2|12|7|11|6|10|5|3|1|7|4|11|4|12|12|9|3|8|1|7|1,FALSE,2,2,
3572,11,9|2|8|8|3|7|2|6|5|7|2|4|5|4|5|3|6|3|7|4|6|8|3|6|9|4|1|2|5|1|8|9|9|7|1|1,FALSE,2,1,
3573,11,7|6|8|6|3|8|4|5|7|8|5|1|2|1|7|2|6|3|1|4|5|2|7|6|9|4|8|9|1|9|4|5|3|3|9|2,FALSE,2,1,
3574,11,5|7|4|8|5|1|3|4|9|9|8|7|7|1|6|2|5|3|6|3|8|5|7|2|2|8|9|2|4|3|9|6|4|1|6|1,FALSE,2,1,
3575,14,12|10|11|6|3|1|5|2|1|8|5|7|12|5|11|1|11|4|2|4|7|3|6|8|12|4|6|7|11|10|12|1|10|3|2|6|3|10|7|9|8|9|4|9|2|5|9|8,FALSE,2,3,
3576,14,3|12|3|4|9|10|1|3|12|1|1|12|11|2|8|4|7|8|8|12|6|11|6|6|7|6|10|2|5|9|3|2|10|5|2|9|5|7|5|11|9|11|1|7|10|4|8|4,FALSE,2,1,
3577,11,9|3|8|5|6|9|3|6|2|2|7|5|2|9|7|8|2|1|4|3|4|6|1|7|7|1|6|1|3|8|8|4|5|9|4|5,FALSE,2,1,
3578,14,4|11|4|7|12|4|10|7|6|1|11|11|6|9|3|5|1|4|10|5|1|10|9|8|2|10|12|1|8|12|11|6|3|7|5|9|2|2|3|9|8|3|5|2|8|7|12|6,FALSE,2,2,
3579,14,9|7|11|3|5|6|2|3|8|10|7|1|12|10|12|8|1|4|10|11|4|12|3|11|6|2|8|4|9|9|2|6|5|2|4|7|6|7|5|11|9|1|10|1|5|12|3|8,FALSE,2,1,
3580,11,2|6|2|7|3|4|3|1|6|7|9|3|1|7|6|8|4|9|1|5|4|7|8|4|3|9|9|5|2|6|8|1|2|5|8|5,FALSE,2,1,
3581,14,2|5|10|6|1|1|8|12|5|9|12|11|5|10|2|3|5|6|1|4|10|7|7|11|9|12|6|11|2|7|9|8|6|4|8|12|2|7|4|3|11|9|8|3|1|3|4|10,FALSE,2,3,
3582,11,5|7|7|6|9|2|7|1|8|1|2|6|6|9|8|2|4|1|8|4|5|4|8|3|3|1|7|9|3|2|5|4|6|5|3|9,FALSE,2,1,
3583,11,6|7|4|2|5|5|9|3|4|2|8|3|9|7|2|6|8|1|6|9|3|3|5|1|8|1|5|9|4|2|4|8|7|6|1|7,FALSE,2,1,
3584,14,4|1|8|10|10|12|1|7|8|1|1|3|3|11|4|6|3|9|2|2|11|12|9|8|2|4|11|9|2|7|5|10|12|7|5|7|8|6|5|12|9|6|10|6|4|5|11|3,FALSE,2,2,
3585,11,4|2|4|1|2|3|3|1|8|9|1|6|2|7|4|9|8|3|4|5|8|9|6|5|2|6|9|8|7|6|5|5|1|7|3|7,FALSE,2,1,
3586,14,6|12|8|6|5|9|1|2|1|3|5|7|10|7|4|4|9|8|3|5|4|8|4|10|11|12|8|2|10|2|9|6|3|7|3|10|6|5|11|11|1|1|12|2|11|9|12|7,FALSE,2,1,