1,9,7|7|6|2|3|5|6|5|3|4|4|6|4|7|3|2|2|3|4|7|5|2|1|1|5|1|1|6,TRUE,2,0,
2,8,3|2|1|1|4|3|2|3|3|4|9|1|4|1|9|2|9|4|9|2,TRUE,2,0,
3,7,6|6|6|2|1|3|3|2|3|2|1|4|1|3|1|6|2|4|4|4,TRUE,2,0,
4,7,5|1|2|2|4|3|5|5|3|5|2|4|2|4|3|1|4|3|1|1,TRUE,2,0,
5,10,8|6|9|3|2|4|9|8|6|6|9|4|7|1|9|2|1|1|4|2|3|3|7|7|8|1|2|6|4|8|3|7,TRUE,2,0,
6,11,1|1|7|1|6|7|6|6|4|4|9|9|5|7|4|3|3|6|5|9|5|2|4|8|3|1|8|8|3|2|2|9|5|2|8|7,TRUE,2,0,
7,10,3|8|1|4|3|8|7|2|9|8|2|1|2|3|1|6|6|6|6|9|4|4|8|3|7|2|1|4|7|7|9|9,TRUE,2,0,
8,9,1|3|7|7|5|4|4|5|6|2|1|5|4|2|6|3|1|6|4|5|3|3|1|7|7|2|2|6,TRUE,2,0,
9,11,6|9|5|9|1|6|3|2|7|5|6|8|7|9|1|7|3|8|8|3|8|4|6|4|2|2|5|5|4|1|7|2|1|3|9|4,TRUE,2,0,
10,11,1|6|8|2|5|7|5|3|6|2|4|3|9|7|8|5|6|4|7|9|7|5|2|2|8|3|1|9|1|1|8|6|9|4|3|4,TRUE,2,0,
11,11,2|5|7|9|1|6|7|9|3|3|5|8|4|4|8|7|2|2|8|6|6|9|3|2|4|8|5|5|9|4|3|1|6|7|1|1,TRUE,2,0,
12,11,1|1|6|3|6|8|6|2|1|9|8|9|4|5|9|3|3|8|2|2|2|8|7|3|9|6|7|7|5|5|4|1|5|4|4|7,TRUE,2,0,
13,11,3|3|4|1|9|5|2|1|6|3|6|4|8|7|7|8|4|7|9|9|3|5|1|9|7|2|4|5|8|1|2|2|5|8|6|6,TRUE,2,0,
14,11,2|6|3|6|9|9|1|6|3|7|6|5|7|7|3|4|5|2|8|8|1|3|5|4|2|2|7|1|9|9|8|1|4|5|8|4,TRUE,2,0,
15,13,6|10|9|8|9|7|6|11|8|5|6|3|4|3|9|7|10|11|8|5|5|5|10|8|3|2|1|11|1|4|3|7|6|4|7|1|4|2|2|1|2|9|10|11,TRUE,2,0,
16,11,9|3|9|6|1|8|2|7|2|9|6|2|1|7|5|3|2|6|3|7|5|3|8|9|8|4|1|1|7|5|8|4|4|4|6|5,TRUE,2,0,
17,11,9|6|4|9|6|7|4|7|2|2|1|4|5|8|9|8|5|5|3|9|4|5|3|7|1|1|6|3|1|6|3|8|7|8|2|2,TRUE,2,0,
18,11,9|7|4|7|5|6|8|4|8|8|9|3|7|3|2|6|1|3|8|1|2|1|5|5|4|1|6|9|9|7|2|6|2|5|3|4,TRUE,2,0,
19,11,4|5|9|6|2|2|1|4|6|3|4|2|7|6|5|5|1|1|9|7|6|9|3|8|2|9|8|8|5|4|7|7|8|1|3|3,TRUE,2,0,
20,13,3|8|7|10|6|9|2|6|5|10|8|1|1|7|3|9|2|9|7|6|4|8|7|2|10|10|4|1|9|1|4|3|11|6|5|4|2|11|11|8|5|5|3|11,TRUE,2,0,
21,11,4|4|3|6|6|2|3|5|9|2|8|3|4|1|1|9|5|2|6|4|8|3|7|7|7|9|9|5|7|8|5|8|2|1|6|1,TRUE,2,0,
22,11,2|3|8|7|4|9|9|7|4|8|1|5|5|1|3|2|1|1|2|8|3|6|4|4|9|7|5|6|3|6|6|2|7|8|9|5,TRUE,2,0,
23,13,7|8|11|9|4|1|1|5|7|11|10|7|4|1|9|9|3|6|7|2|2|10|8|10|5|8|10|6|11|11|5|4|2|3|3|3|6|5|2|4|9|1|6|8,TRUE,2,0,
24,11,8|5|5|5|1|2|4|4|8|3|9|9|3|9|6|3|5|7|6|8|8|1|4|7|6|4|2|1|7|9|1|3|7|2|2|6,TRUE,2,0,
25,11,8|5|3|3|7|4|5|1|2|9|6|8|5|2|1|8|7|9|4|9|5|8|4|9|2|2|7|7|6|3|4|1|6|6|3|1,TRUE,2,0,
26,11,9|6|6|8|5|8|8|7|7|5|9|1|4|2|3|7|2|9|6|1|1|1|3|6|4|2|7|9|5|5|4|3|2|4|3|8,TRUE,2,0,
27,13,9|1|9|2|11|7|7|4|7|10|3|10|11|1|1|9|5|2|8|8|8|5|3|6|5|10|6|2|11|10|9|6|6|1|4|4|2|8|5|11|4|3|7|3,TRUE,2,0,
28,11,5|3|7|4|5|4|8|3|7|3|6|9|4|1|2|5|9|6|6|1|6|5|7|4|8|1|8|9|2|2|2|3|1|9|8|7,TRUE,2,0,
29,11,4|1|8|2|3|3|2|5|4|9|7|7|4|9|6|1|9|5|7|9|2|7|1|8|8|8|5|5|3|1|6|4|6|6|3|2,TRUE,2,0,
30,11,3|1|8|9|8|3|9|5|7|7|2|2|4|3|1|3|1|8|4|8|6|6|4|5|6|6|9|4|1|7|2|9|7|5|2|5,TRUE,2,0,
31,11,5|2|6|4|9|9|1|2|9|7|2|4|1|6|3|1|8|5|4|7|3|3|6|4|2|8|7|5|7|3|8|8|9|5|1|6,TRUE,2,0,
32,13,11|10|4|9|5|5|9|9|1|6|6|2|1|8|4|11|4|8|1|7|10|7|3|5|9|8|3|3|2|11|7|2|6|6|3|10|8|5|10|11|4|1|2|7,TRUE,2,0,
33,11,4|5|8|6|2|2|6|9|9|1|4|3|4|6|6|4|8|5|3|5|1|2|8|9|7|1|8|2|1|3|5|7|7|7|9|3,TRUE,2,0,
34,13,7|2|2|10|5|4|6|9|8|11|5|8|6|11|4|7|8|2|1|1|2|3|5|11|10|9|3|10|5|4|1|1|4|10|7|6|3|3|7|11|8|6|9|9,TRUE,2,0,
35,11,1|2|4|7|1|6|9|1|9|7|2|2|4|7|5|4|5|9|3|6|3|8|3|4|7|8|5|5|3|2|9|6|8|1|6|8,TRUE,2,0,
36,11,7|3|7|5|8|1|9|9|9|8|6|7|1|2|2|5|6|5|1|9|3|6|4|1|5|2|4|4|7|3|6|4|8|3|8|2,TRUE,2,0,
37,11,9|3|5|7|4|1|8|6|7|5|6|4|4|9|3|3|7|5|1|3|8|9|9|2|2|5|8|8|7|6|4|2|1|1|2|6,TRUE,2,0,
38,11,3|6|8|1|7|7|7|1|6|9|2|7|2|1|9|4|3|5|2|3|9|6|8|9|5|4|5|4|8|1|8|4|6|2|3|5,TRUE,2,0,
39,11,2|8|2|8|6|4|3|7|7|6|4|1|3|1|5|3|5|9|8|2|8|5|1|9|7|9|3|7|2|4|5|6|4|6|9|1,TRUE,2,0,
40,13,5|10|10|1|8|11|6|3|6|11|8|9|3|10|9|6|7|11|8|3|10|7|4|5|1|4|1|5|8|1|4|3|11|2|7|9|2|5|4|2|9|2|6|7,TRUE,2,0,
41,11,3|4|1|2|8|9|5|1|2|6|5|8|7|9|9|5|6|6|4|2|7|1|7|7|8|6|1|5|9|2|3|4|3|3|4|8,TRUE,2,0,
42,13,7|4|2|10|5|8|6|5|11|2|7|5|8|11|11|6|1|3|4|8|1|1|9|7|4|3|10|10|9|5|6|7|10|2|11|6|3|9|9|4|3|8|1|2,TRUE,2,0,
43,13,3|3|9|9|4|10|1|6|8|3|5|2|8|2|10|7|1|5|1|1|6|4|11|6|2|10|11|8|11|8|4|7|10|6|3|2|11|7|9|4|7|9|5|5,TRUE,2,0,
44,11,8|9|2|3|7|9|2|4|6|7|7|6|4|8|1|1|1|1|3|5|4|5|4|5|5|3|9|9|7|2|2|8|6|3|8|6,TRUE,2,0,
45,11,4|4|2|8|8|1|8|8|5|2|3|7|6|9|9|6|3|3|1|1|7|9|6|4|2|3|7|6|9|5|7|4|2|1|5|5,TRUE,2,0,
46,11,7|5|9|7|6|7|7|2|3|1|1|4|8|5|8|3|4|3|1|3|4|8|6|6|4|5|9|9|2|2|2|1|9|8|6|5,TRUE,2,0,
47,13,10|4|5|10|5|4|3|11|5|5|3|6|9|7|2|6|10|10|2|1|7|2|9|3|2|1|4|1|11|9|8|11|3|7|4|1|7|6|8|11|6|8|8|9,TRUE,2,0,
48,11,4|9|1|5|3|1|7|6|2|5|3|4|5|6|1|7|2|9|2|8|5|8|7|9|4|4|3|8|7|2|6|6|3|1|8|9,TRUE,2,0,
49,11,4|8|7|5|7|8|4|4|9|2|6|1|3|8|5|2|7|5|9|3|8|1|1|1|6|7|4|9|5|2|9|3|3|6|2|6,TRUE,2,0,
50,11,8|2|7|5|7|3|6|3|3|6|8|5|2|9|3|8|4|1|2|1|8|5|5|1|9|4|9|6|9|6|2|4|1|4|7|7,TRUE,2,0,
51,13,2|7|1|8|9|11|4|1|1|4|3|10|3|11|6|2|10|8|5|3|9|7|3|2|9|9|4|10|2|6|6|8|5|11|7|5|5|1|4|10|11|6|8|7,TRUE,2,0,
52,13,2|9|4|4|8|7|10|10|3|3|5|8|6|9|7|7|10|2|3|5|7|11|5|1|6|1|5|3|11|4|11|10|8|11|1|8|9|6|9|4|1|6|2|2,TRUE,2,0,
53,11,9|1|2|2|8|4|7|8|6|3|4|4|7|6|1|5|5|9|9|2|2|7|1|9|5|5|8|4|8|6|6|3|7|1|3|3,TRUE,2,0,
54,11,4|9|6|5|5|2|8|3|1|8|3|1|1|1|4|2|7|6|3|6|6|7|5|9|9|8|7|9|2|7|5|4|3|2|4|8,TRUE,2,0,
55,13,10|10|3|7|9|3|5|5|9|4|11|6|1|5|8|2|11|4|9|2|5|8|2|3|6|11|8|7|1|4|11|4|8|1|7|3|7|1|9|2|10|10|6|6,TRUE,2,0,
56,11,5|4|1|7|9|2|9|5|2|1|1|8|8|4|2|6|9|3|6|5|3|3|2|8|7|7|4|9|4|5|6|7|1|8|6|3,TRUE,2,0,
57,11,9|9|3|4|1|2|5|2|4|3|8|2|6|2|7|7|4|4|9|8|5|6|1|1|7|7|8|3|5|8|1|6|9|3|5|6,TRUE,2,0,
58,11,2|7|5|7|4|4|3|6|5|2|5|1|2|4|9|9|4|1|7|6|8|5|9|1|3|9|8|8|3|8|3|1|6|2|7|6,TRUE,2,0,
59,13,2|2|3|7|4|2|9|9|11|4|4|11|6|5|7|1|6|3|3|9|10|8|2|10|7|10|9|8|10|1|8|7|5|6|5|11|1|11|4|3|5|1|6|8,TRUE,2,0,
60,11,9|2|9|9|6|1|4|3|8|8|4|2|1|5|2|4|4|8|6|1|9|3|5|7|6|5|7|5|1|7|3|6|3|8|7|2,TRUE,2,0,
61,11,8|6|2|9|4|4|7|8|3|4|6|1|4|6|3|5|2|2|9|7|1|9|3|9|5|7|7|1|8|8|3|5|6|5|1|2,TRUE,2,0,
62,13,3|3|4|1|3|6|8|4|11|11|7|10|6|2|4|5|2|1|7|6|2|2|8|10|3|7|5|8|10|1|9|4|9|9|10|11|1|5|6|9|5|11|7|8,TRUE,2,0,
63,11,5|7|2|6|6|1|4|3|9|7|5|4|8|8|2|5|2|9|9|7|1|4|2|7|1|3|8|8|9|3|3|4|1|5|6|6,TRUE,2,0,
64,11,4|7|5|3|6|7|7|6|4|5|9|3|5|9|5|2|1|8|6|4|6|3|2|8|4|1|2|9|9|8|1|7|1|8|2|3,TRUE,2,0,
65,11,2|7|5|8|2|4|8|1|1|3|8|2|5|9|6|3|5|5|7|9|3|6|1|9|8|7|7|9|4|3|6|1|6|2|4|4,TRUE,2,0,
66,13,4|7|7|3|6|11|11|2|11|8|9|5|3|4|10|1|1|9|4|7|4|3|7|10|10|2|5|3|1|8|5|8|6|6|6|2|8|9|10|11|2|5|9|1,TRUE,2,0,
67,11,6|4|3|5|4|9|8|1|8|7|7|2|8|5|5|8|1|6|3|1|6|7|7|2|2|3|5|9|9|4|4|1|9|6|2|3,TRUE,2,0,
68,13,7|2|6|3|11|5|2|9|1|1|9|10|5|6|5|5|10|4|6|4|3|11|3|7|11|3|8|6|4|10|4|1|8|8|10|2|9|11|7|8|1|7|2|9,TRUE,2,0,
69,11,6|3|3|6|1|4|4|4|9|4|3|5|8|9|6|9|9|7|1|5|5|2|2|1|7|5|3|1|8|8|6|7|2|2|8|7,TRUE,2,0,
70,13,8|2|9|11|5|10|2|5|6|1|1|2|1|2|6|8|4|4|9|9|3|5|3|8|7|5|10|11|4|4|10|1|8|7|11|6|9|7|7|10|3|3|6|11,TRUE,2,0,
71,11,9|4|3|7|4|8|8|1|2|5|1|6|1|2|5|7|3|9|6|9|8|9|2|3|7|8|2|4|5|6|5|6|3|7|1|4,TRUE,2,0,
72,11,5|5|6|6|2|4|8|4|9|7|8|9|8|5|1|2|4|9|6|1|1|3|3|1|7|9|5|6|4|8|7|7|3|2|3|2,TRUE,2,0,
73,13,3|9|11|7|11|2|11|8|7|5|8|9|6|10|10|6|8|4|1|5|3|6|1|4|11|9|8|7|6|4|9|1|5|1|2|10|4|7|3|3|2|10|5|2,TRUE,2,0,
74,11,8|4|3|4|3|3|4|5|5|8|6|9|1|1|9|3|7|9|2|8|5|7|1|5|8|4|6|6|1|7|2|2|6|9|7|2,TRUE,2,0,
75,11,7|8|6|2|4|2|2|2|3|3|8|3|7|9|5|4|9|6|7|6|8|4|9|5|1|1|6|7|8|5|5|1|3|4|9|1,TRUE,2,0,
76,13,8|3|3|7|11|10|4|11|1|9|1|8|1|4|8|5|10|7|3|10|5|9|5|9|2|6|10|2|9|2|7|11|7|5|6|6|6|4|4|8|2|1|11|3,TRUE,2,0,
77,13,2|2|7|2|4|3|7|5|9|11|11|10|8|2|5|9|3|7|9|1|5|8|8|9|4|1|1|10|8|6|11|10|1|6|7|6|11|4|10|3|6|3|4|5,TRUE,2,0,
78,11,6|6|7|9|3|2|8|8|7|7|4|9|8|3|2|4|5|2|5|1|8|9|7|5|9|1|1|4|6|4|2|1|6|3|3|5,TRUE,2,0,
79,13,11|11|10|4|4|10|2|8|10|3|6|9|9|2|3|1|2|8|5|9|5|9|1|2|1|7|7|4|11|3|6|6|8|4|5|5|8|7|11|10|7|1|3|6,TRUE,2,0,
80,11,9|6|4|9|8|5|2|7|9|6|5|5|8|7|2|8|1|2|3|4|9|6|4|1|7|1|3|3|8|1|7|6|2|4|3|5,TRUE,2,0,
81,11,9|8|7|6|4|9|6|4|3|8|1|9|5|1|1|4|2|2|2|7|8|4|7|5|6|6|5|5|7|8|2|3|1|9|3|3,TRUE,2,0,
82,13,2|7|10|6|10|10|3|9|3|8|9|3|6|5|1|6|10|6|7|4|4|11|4|5|11|1|5|9|8|9|11|3|2|4|1|7|1|8|7|5|11|8|2|2,TRUE,2,0,
83,11,7|6|2|1|3|3|8|5|4|4|4|8|1|2|6|3|6|9|5|3|1|5|6|4|1|9|8|7|7|7|2|2|9|5|8|9,TRUE,2,0,
84,13,8|8|8|3|10|7|7|5|9|9|4|5|1|3|3|1|9|4|6|2|8|9|11|4|5|2|2|11|6|3|10|11|6|10|11|10|1|7|5|2|4|7|6|1,TRUE,2,0,
85,13,10|5|2|11|10|3|11|2|3|4|4|4|10|9|11|7|4|3|9|7|9|6|8|3|8|1|9|8|7|1|1|6|10|7|1|6|2|2|6|5|5|11|5|8,TRUE,2,0,
86,11,9|8|8|9|6|3|3|7|2|7|5|4|5|8|1|2|9|3|5|6|2|1|8|7|6|6|5|1|3|4|9|2|7|1|4|4,TRUE,2,0,
87,13,3|6|10|10|8|8|3|10|1|6|1|8|6|7|5|11|5|6|1|11|11|3|8|1|7|4|5|2|11|9|9|4|10|5|9|9|2|2|4|4|2|7|3|7,TRUE,2,0,
88,11,3|6|7|4|5|3|1|9|5|2|8|4|1|5|6|3|7|6|8|2|3|2|8|5|4|1|9|9|2|4|7|1|7|6|8|9,TRUE,2,0,
89,13,1|3|10|8|8|7|5|2|5|9|1|5|9|9|10|9|7|3|8|5|8|11|11|7|6|6|3|2|2|4|10|4|11|7|2|4|6|10|6|3|11|1|4|1,TRUE,2,0,
90,13,1|4|6|6|5|4|7|2|11|3|7|6|7|2|6|9|8|10|7|1|4|4|1|10|8|5|11|9|5|8|5|2|3|3|3|8|1|10|10|2|11|9|9|11,TRUE,2,0,
91,11,3|5|8|3|3|1|2|8|6|4|7|7|7|5|6|1|8|4|8|9|7|2|2|5|2|9|1|4|5|4|6|3|9|9|6|1,TRUE,2,0,
92,13,5|7|2|4|10|11|5|4|10|9|3|6|2|5|2|10|5|7|10|7|9|6|1|9|2|3|3|1|11|11|6|8|8|8|4|1|6|3|11|7|9|4|8|1,TRUE,2,0,
93,13,8|4|3|11|8|4|11|1|7|8|6|7|6|9|7|1|3|1|11|7|10|3|2|10|10|5|8|9|10|11|4|2|4|9|5|5|2|3|1|9|5|6|6|2,TRUE,2,0,
94,11,6|4|2|1|2|7|3|6|8|8|9|1|3|2|5|8|3|4|6|7|8|4|5|6|4|2|7|5|7|1|3|9|5|9|9|1,TRUE,2,0,
95,13,5|11|11|5|8|2|6|7|3|6|4|7|6|5|5|1|8|9|2|11|6|10|9|1|7|7|9|4|10|9|3|4|2|1|3|8|3|2|8|1|4|11|10|10,TRUE,2,0,
96,11,7|4|9|5|6|5|9|1|2|4|6|2|3|3|2|8|9|4|8|8|7|3|6|9|4|5|1|1|3|8|6|1|2|7|7|5,TRUE,2,0,
97,13,4|3|9|10|7|10|9|8|2|6|9|2|8|1|1|1|9|5|6|2|11|8|6|5|11|11|3|7|10|4|4|3|8|5|10|3|7|4|2|11|7|6|5|1,TRUE,2,0,
98,11,3|1|5|2|1|4|8|9|2|7|1|5|9|9|3|1|7|2|7|5|8|5|3|3|7|8|4|4|6|8|6|9|6|6|2|4,TRUE,2,0,
99,13,1|4|7|5|11|2|5|4|2|8|4|4|3|6|7|9|9|7|9|6|3|8|11|2|2|9|6|8|8|1|10|10|11|6|1|1|7|5|11|10|5|3|10|3,TRUE,2,0,
100,13,3|11|11|6|3|5|9|6|11|8|7|7|4|8|5|8|6|1|4|11|10|3|2|6|8|10|1|7|3|4|10|2|2|2|9|1|7|9|9|10|1|4|5|5,TRUE,2,0,
101,13,11|3|3|11|8|10|10|6|11|8|3|2|4|4|6|8|6|7|5|5|10|2|2|4|5|1|8|5|1|9|2|7|4|1|9|3|11|6|7|9|9|10|7|1,TRUE,2,0,
102,11,1|4|5|8|2|5|3|1|6|4|4|6|7|1|9|3|9|7|1|6|6|2|9|2|3|3|5|8|5|9|8|4|2|8|7|7,TRUE,2,0,
103,11,3|2|2|2|1|6|7|7|1|9|7|5|4|5|1|4|9|9|6|1|6|5|4|9|2|5|3|4|8|3|8|8|7|8|3|6,TRUE,2,0,
104,13,9|8|6|1|4|2|11|4|2|11|7|5|1|10|10|10|3|1|5|6|1|8|8|11|7|6|6|7|11|8|3|7|9|9|2|4|10|3|2|9|4|5|3|5,TRUE,2,0,
105,11,9|9|3|9|2|8|6|5|4|5|4|3|7|4|7|5|1|1|9|6|7|1|8|8|8|7|6|4|1|5|2|3|3|2|6|2,TRUE,2,0,
106,13,5|10|9|3|4|10|8|5|9|11|5|11|10|1|4|2|9|7|5|8|2|6|8|2|4|7|2|6|7|1|1|1|10|3|3|3|8|6|11|11|4|9|7|6,TRUE,2,0,
107,13,5|10|9|8|10|2|11|6|1|6|2|7|2|3|8|3|8|6|4|9|4|5|11|1|11|11|2|5|10|9|1|1|3|5|9|7|4|8|4|10|7|7|3|6,TRUE,2,0,
108,13,9|8|6|2|6|3|3|1|2|2|5|4|4|6|6|9|7|8|4|10|8|5|11|10|10|9|11|1|7|11|10|5|5|9|7|1|3|2|7|8|11|1|4|3,TRUE,2,0,
109,11,2|5|3|6|9|2|2|4|1|4|9|9|6|6|1|7|3|8|8|3|2|1|7|7|4|8|5|9|5|5|1|7|6|8|4|3,TRUE,2,0,
110,11,1|1|9|3|2|2|8|9|7|5|4|3|6|8|3|2|5|5|8|8|3|4|4|7|9|9|5|2|1|6|4|1|7|6|7|6,TRUE,2,0,
111,13,6|11|6|4|10|9|1|3|5|10|8|5|3|10|4|1|6|3|5|2|9|7|9|7|11|1|4|11|4|2|2|3|1|9|2|7|10|11|5|6|8|8|8|7,TRUE,2,0,
112,13,2|11|8|8|5|5|3|2|11|6|8|2|6|4|1|10|7|7|3|8|2|9|9|4|3|9|5|10|4|9|10|11|7|10|1|5|7|11|1|1|3|6|4|6,TRUE,2,0,
113,13,9|7|4|6|1|3|2|1|3|11|11|6|9|10|8|5|8|5|8|11|3|11|5|1|2|2|9|1|7|7|8|10|2|4|4|7|5|9|6|6|4|3|10|10,TRUE,2,0,
114,11,3|3|2|8|5|7|7|1|6|6|4|7|5|2|8|5|1|4|9|9|2|1|6|7|1|3|8|4|5|2|8|4|3|6|9|9,TRUE,2,0,
115,11,5|5|8|8|4|1|3|6|6|4|8|9|3|2|5|8|2|1|4|7|6|6|7|7|9|3|2|5|4|1|9|9|1|2|3|7,TRUE,2,0,
116,13,8|3|5|4|3|1|9|2|2|11|1|5|10|11|11|7|5|9|6|3|2|6|8|4|9|9|7|10|11|4|10|8|2|8|7|6|1|7|3|10|6|5|1|4,TRUE,2,0,
117,11,5|3|1|6|9|3|9|3|1|8|5|5|6|2|6|7|4|3|2|9|1|4|7|7|4|8|8|7|2|2|1|4|8|9|5|6,TRUE,2,0,
118,13,11|10|6|7|3|9|7|4|3|6|1|8|2|8|5|1|4|2|2|7|8|1|9|3|9|10|10|2|10|5|5|8|7|11|3|4|5|11|6|9|11|4|6|1,TRUE,2,0,
119,13,11|6|8|8|5|3|5|11|9|5|9|11|5|8|3|3|4|4|1|8|2|7|4|10|3|2|10|10|10|9|6|6|2|1|2|11|4|7|1|1|6|7|7|9,TRUE,2,0,
120,13,10|10|5|1|9|4|9|2|8|9|7|3|10|1|4|10|6|1|5|7|6|11|3|3|9|8|2|1|4|4|6|3|6|5|5|7|11|8|7|2|8|11|11|2,TRUE,2,0,
121,11,5|4|2|4|9|5|7|7|6|9|2|8|2|8|4|3|8|6|7|9|4|1|8|5|1|6|6|3|7|3|1|9|5|3|2|1,TRUE,2,0,
122,11,8|9|3|2|1|3|4|6|6|4|8|7|1|4|9|9|7|1|3|6|5|4|2|2|2|7|5|3|5|6|7|8|8|1|5|9,TRUE,2,0,
123,13,9|6|6|4|9|7|6|11|5|8|9|7|7|1|6|3|3|10|11|10|10|3|8|2|5|4|7|5|1|3|4|5|8|11|10|1|2|2|1|4|11|9|8|2,TRUE,2,0,
124,13,2|8|5|9|3|5|11|2|9|7|1|7|2|1|11|10|11|8|3|1|4|10|8|8|3|4|6|5|5|6|7|11|10|2|3|6|4|1|10|9|9|4|7|6,TRUE,2,0,
125,13,5|3|11|2|6|8|5|6|10|3|1|1|5|7|11|2|10|4|6|4|9|1|11|9|7|8|10|10|4|2|11|6|5|8|3|7|2|3|7|4|8|9|1|9,TRUE,2,0,
126,13,7|1|3|11|8|9|11|1|11|5|2|8|3|7|1|4|5|7|6|2|4|9|10|10|6|3|9|11|1|7|6|2|10|8|3|5|6|2|4|5|8|10|4|9,TRUE,2,0,
127,13,8|6|11|5|8|9|11|7|8|10|7|3|5|1|2|3|7|4|10|9|4|2|6|8|2|9|6|5|1|5|11|10|9|6|3|7|3|1|4|2|11|4|1|10,TRUE,2,0,
128,11,1|3|6|6|8|1|6|3|7|4|5|2|3|8|7|4|1|9|5|7|2|8|9|6|4|2|5|4|1|7|3|9|5|8|2|9,TRUE,2,0,
129,13,9|8|11|5|11|6|8|4|1|6|10|10|3|9|7|8|11|9|2|6|10|4|9|7|4|3|1|1|8|2|5|2|2|11|10|4|6|7|5|1|5|3|7|3,TRUE,2,0,
130,13,2|8|3|4|9|7|1|10|4|7|8|4|11|1|6|9|3|11|5|5|9|3|11|11|1|6|2|10|2|10|7|9|3|2|6|1|8|10|4|8|6|7|5|5,TRUE,2,0,
131,11,1|3|4|1|8|9|3|7|5|6|1|7|8|9|6|8|4|9|2|5|3|5|7|2|6|8|4|4|9|6|5|2|7|1|2|3,TRUE,2,0,
132,11,9|5|6|2|2|7|5|3|1|7|5|7|1|4|6|4|4|8|3|3|3|9|2|1|9|5|8|9|6|4|8|8|6|7|1|2,TRUE,2,0,
133,13,10|4|2|7|6|1|11|11|10|3|2|3|6|10|8|7|2|4|11|9|1|3|5|10|6|9|4|8|8|9|5|7|4|5|7|1|2|1|11|8|5|3|6|9,TRUE,2,0,
134,13,2|6|8|6|10|6|8|8|10|9|4|4|2|5|11|9|7|10|1|1|11|4|1|11|2|7|10|5|9|3|7|1|6|9|5|3|8|7|2|3|5|4|3|11,TRUE,2,0,
135,11,2|9|3|5|5|9|6|4|7|2|4|7|9|3|1|2|8|2|4|7|8|3|5|6|4|1|8|8|7|6|1|5|1|6|3|9,TRUE,2,0,
136,13,7|10|4|5|9|10|1|11|4|2|5|8|5|7|3|10|6|11|7|10|9|1|2|3|3|5|2|1|4|11|6|6|4|3|9|8|6|7|8|8|1|2|9|11,TRUE,2,0,
137,13,8|9|1|3|10|11|7|1|5|10|7|2|11|6|8|4|5|4|2|8|9|10|5|9|5|3|11|6|4|3|10|9|2|6|4|1|7|1|11|7|8|6|2|3,TRUE,2,0,
138,13,10|7|2|7|11|9|6|4|10|4|5|9|2|8|1|11|3|7|10|1|9|2|8|2|4|6|5|7|3|9|6|3|6|5|8|11|5|11|10|1|8|1|4|3,TRUE,2,0,
139,11,3|8|7|6|5|6|4|2|9|3|5|2|6|7|1|2|5|3|4|7|1|9|4|4|7|9|8|1|2|8|1|9|5|8|6|3,TRUE,2,0,
140,11,8|5|3|3|5|1|2|9|6|7|2|7|4|2|6|3|1|9|4|8|7|8|6|1|9|7|5|1|2|6|3|4|8|4|5|9,TRUE,2,0,
141,13,7|1|9|7|9|4|5|2|7|5|9|5|2|11|4|6|8|9|10|4|11|8|3|2|10|1|11|3|4|11|8|1|10|6|2|7|5|3|6|3|6|8|1|10,TRUE,2,0,
142,13,4|11|9|2|3|4|5|5|7|9|8|7|9|4|11|8|2|1|8|8|5|4|6|10|10|5|3|10|1|6|3|9|6|7|1|6|7|2|1|11|2|3|10|11,TRUE,2,0,
143,13,3|5|2|8|1|7|2|2|7|10|3|10|4|6|10|8|9|3|7|1|8|10|3|11|11|5|9|7|4|9|6|6|4|11|5|4|2|5|9|1|8|1|6|11,TRUE,2,0,
144,11,4|6|3|8|7|8|4|5|3|9|6|1|2|1|4|4|6|2|7|8|9|1|5|5|5|9|7|9|1|7|3|2|6|8|2|3,TRUE,2,0,
145,13,10|7|9|3|6|5|7|7|5|11|2|9|1|3|6|8|10|4|11|3|8|2|1|5|1|7|5|3|4|2|6|9|11|10|4|6|9|4|8|8|2|10|11|1,TRUE,2,0,
146,13,8|7|2|2|4|7|5|9|9|10|8|5|5|7|11|3|9|3|1|11|3|11|4|7|6|10|2|1|11|8|6|4|4|3|6|1|1|5|10|8|10|9|6|2,TRUE,2,0,
147,11,3|2|1|7|2|3|9|6|8|5|4|6|1|4|8|7|5|3|6|5|4|2|7|7|1|8|9|1|9|4|8|3|5|9|2|6,TRUE,2,0,
148,11,8|7|1|5|1|5|3|3|8|1|4|7|2|8|5|7|9|3|6|3|4|6|9|4|9|4|2|2|9|1|6|2|5|6|7|8,TRUE,2,0,
149,13,1|3|6|7|9|2|6|11|10|6|1|10|3|7|4|5|7|1|10|2|4|1|2|8|10|7|5|5|11|9|8|9|8|6|3|11|3|5|9|8|11|2|4|4,TRUE,2,0,
150,11,7|8|4|5|9|2|1|8|6|7|3|2|8|7|6|6|9|6|8|5|4|1|3|2|7|3|4|1|1|5|9|2|9|5|3|4,TRUE,2,0,
151,13,10|4|7|2|7|3|10|11|8|6|2|10|11|2|5|6|11|5|7|4|5|9|4|6|2|4|3|3|9|8|1|7|6|8|9|5|8|3|1|1|10|11|9|1,TRUE,2,0,
152,11,8|5|2|9|7|9|4|3|2|4|1|1|8|1|7|4|9|8|6|6|2|9|1|6|5|6|3|5|4|7|5|7|8|2|3|3,TRUE,2,0,
153,13,2|1|8|11|9|4|7|11|7|9|1|2|1|9|10|7|10|5|6|4|6|11|8|6|10|3|5|7|1|6|2|2|8|5|10|11|9|4|3|3|4|8|5|3,TRUE,2,0,
154,13,4|5|1|2|9|5|1|6|3|6|4|10|1|2|3|7|11|9|8|10|5|8|6|9|7|11|4|10|4|1|2|3|6|7|11|2|7|3|8|8|11|10|9|5,TRUE,2,0,
155,13,6|7|8|6|7|10|4|9|8|3|9|8|1|2|5|3|9|10|4|9|4|7|5|6|11|7|2|10|10|8|1|2|4|5|3|11|3|1|11|2|6|1|11|5,TRUE,2,0,
156,11,6|7|5|8|1|7|9|3|1|3|8|8|2|9|6|9|1|3|5|4|4|6|2|3|8|2|4|5|4|7|9|1|7|2|6|5,TRUE,2,0,
157,13,6|1|10|7|11|2|1|6|11|10|9|9|2|3|1|8|5|1|11|3|11|6|10|7|4|7|5|4|6|9|7|3|2|10|5|8|4|5|2|4|9|8|3|8,TRUE,2,0,
158,11,3|6|9|1|9|5|1|9|7|3|6|8|2|8|6|3|7|2|4|4|2|5|7|1|7|4|5|9|6|5|8|4|3|1|2|8,TRUE,2,0,
159,11,8|1|9|1|6|4|9|1|1|5|4|8|7|2|3|4|8|4|2|6|2|9|7|2|3|5|6|3|9|7|3|5|6|7|5|8,TRUE,2,0,
160,13,9|7|6|1|9|6|4|4|11|3|9|3|4|8|5|2|11|6|8|1|3|10|7|5|2|11|3|8|4|11|10|10|7|5|1|1|9|2|6|10|5|2|8|7,TRUE,2,0,
161,13,7|8|3|9|3|2|11|6|4|1|9|5|6|5|2|3|1|9|10|7|10|11|6|8|8|2|3|2|11|10|4|6|1|11|7|5|5|7|8|10|9|1|4|4,TRUE,2,0,
162,11,1|9|8|7|9|6|3|9|4|5|6|2|9|1|2|7|8|3|1|1|8|6|4|3|5|8|4|5|2|4|7|7|5|6|2|3,TRUE,2,0,
163,13,9|11|3|4|5|10|1|6|3|7|9|1|3|1|6|10|6|5|8|6|7|4|3|5|10|2|1|2|11|9|4|11|11|4|8|2|10|8|7|2|8|9|7|5,TRUE,2,0,
164,13,11|8|4|4|9|1|7|6|9|5|4|10|5|10|9|10|7|2|11|4|6|3|2|7|9|8|1|6|6|2|1|5|8|5|11|3|2|3|1|3|11|8|7|10,TRUE,2,0,
165,11,7|8|2|8|6|7|3|4|1|6|4|1|9|7|5|3|5|4|8|3|7|4|9|9|2|9|1|1|5|8|6|2|6|2|3|5,TRUE,2,0,
166,13,4|1|9|2|2|11|10|9|7|4|10|1|6|7|5|5|1|4|10|8|6|3|2|5|2|7|11|11|11|3|8|7|8|9|3|4|8|5|9|6|1|10|6|3,TRUE,2,0,
167,11,8|5|4|7|7|1|9|4|2|7|8|6|5|3|9|9|3|8|1|5|1|9|4|2|1|4|5|3|8|2|6|6|2|7|6|3,TRUE,2,0,
168,13,10|3|11|3|11|7|6|11|11|7|9|5|3|2|9|7|10|6|1|2|2|9|8|4|5|4|3|8|4|10|8|1|9|2|1|4|6|5|7|5|10|1|6|8,TRUE,2,0,
169,11,9|5|6|3|8|3|4|8|3|8|2|4|6|4|7|9|2|9|1|1|2|7|8|2|1|3|7|6|7|5|1|6|9|4|5|5,TRUE,2,0,
170,13,1|7|4|2|9|5|4|4|1|3|8|5|6|8|2|10|10|1|3|1|5|2|10|10|11|9|8|9|6|8|2|7|5|7|11|11|7|9|3|6|6|3|4|11,TRUE,2,0,
171,13,2|6|10|1|7|1|8|5|2|11|4|4|1|3|8|2|8|9|5|5|7|1|10|10|6|7|5|6|2|11|9|10|8|7|3|11|9|3|4|4|3|6|9|11,TRUE,2,0,
172,13,8|2|11|4|3|6|5|4|9|7|11|8|3|8|10|7|8|2|7|9|6|1|4|5|11|4|9|1|7|6|3|5|1|3|2|10|10|2|1|6|11|10|9|5,TRUE,2,0,
173,11,2|5|8|9|9|3|7|6|6|4|3|6|1|8|7|4|1|2|9|1|3|4|5|1|8|2|6|7|4|2|3|5|9|5|8|7,TRUE,2,0,
174,11,2|8|1|3|2|6|8|4|1|6|4|7|9|6|7|1|8|3|9|7|3|5|6|2|9|1|5|9|3|4|2|5|4|8|5|7,TRUE,2,0,
175,13,5|3|6|6|8|11|4|3|4|2|6|9|2|4|9|3|2|10|1|4|5|2|8|7|3|10|6|8|10|1|5|5|11|9|7|7|1|11|10|7|8|9|1|11,TRUE,2,0,
176,13,2|5|8|10|7|6|3|3|11|10|6|1|7|11|5|1|8|4|2|5|10|11|9|7|3|11|6|7|4|10|5|2|8|3|2|9|8|4|1|9|6|4|9|1,TRUE,2,0,
177,13,1|6|7|6|10|9|7|4|8|9|3|3|11|10|1|3|2|11|4|10|8|9|6|1|3|5|2|5|10|5|8|9|4|2|7|1|2|5|4|7|6|11|8|11,TRUE,2,0,
178,11,8|9|6|7|4|1|8|3|2|1|6|4|5|9|7|6|9|5|2|5|7|3|2|8|6|2|3|1|1|7|5|4|8|4|9|3,TRUE,2,0,
179,13,7|2|4|3|2|3|9|10|11|4|8|1|6|10|5|7|10|9|1|1|9|11|2|7|9|2|3|6|10|1|5|8|6|11|4|3|4|7|8|8|5|11|6|5,TRUE,2,0,
180,13,5|9|4|3|8|4|10|10|4|11|7|6|5|2|7|6|10|3|9|4|7|1|11|3|2|1|11|2|3|6|8|9|9|10|8|1|2|7|5|6|11|8|5|1,TRUE,2,0,
181,11,5|8|9|9|2|7|3|1|4|6|2|6|5|4|7|4|1|5|8|7|2|8|3|8|5|9|1|3|6|1|4|3|6|2|9|7,TRUE,2,0,
182,13,5|3|8|3|2|10|5|3|11|3|8|4|8|9|1|4|6|2|11|11|8|1|10|10|2|5|6|2|6|5|7|1|1|11|7|9|4|10|9|7|7|6|4|9,TRUE,2,0,
183,13,3|8|6|6|6|10|7|9|11|6|2|4|2|10|4|1|3|11|8|9|11|5|3|4|1|5|9|2|2|4|1|7|9|10|5|5|1|3|11|8|8|10|7|7,TRUE,2,0,
184,11,5|1|9|7|4|2|5|4|4|8|3|9|5|8|7|7|6|5|1|9|6|2|3|1|4|6|2|7|1|2|8|8|6|9|3|3,TRUE,2,0,
185,13,9|4|8|7|6|3|5|9|3|2|4|7|8|5|10|11|1|7|11|4|6|5|3|3|1|10|11|1|1|2|10|8|11|6|10|5|8|4|6|2|2|9|7|9,TRUE,2,0,
186,13,3|10|7|10|9|1|6|11|6|7|10|3|5|7|4|8|11|6|7|2|4|9|1|1|3|9|2|8|2|10|4|5|5|11|9|8|6|4|2|3|1|8|11|5,TRUE,2,0,
187,13,4|6|5|6|3|4|7|7|2|8|7|11|6|10|1|4|4|3|5|6|10|5|9|1|8|11|2|9|5|9|3|1|2|7|11|3|10|1|8|8|9|2|10|11,TRUE,2,0,
188,11,5|9|6|4|6|1|2|4|1|7|4|2|7|9|3|8|3|7|1|1|5|9|2|4|3|6|7|5|3|9|8|6|8|5|2|8,TRUE,2,0,
189,11,6|7|9|2|4|2|3|4|7|3|5|8|6|9|3|4|5|2|8|8|1|6|2|7|3|9|6|1|5|1|7|8|9|1|4|5,TRUE,2,0,
190,13,7|4|11|10|3|11|4|8|10|8|6|2|3|1|2|7|6|5|11|9|11|4|8|7|9|10|5|6|7|10|5|3|4|2|1|6|2|9|3|1|5|9|8|1,TRUE,2,0,
191,13,8|4|3|3|3|9|8|8|2|11|8|5|11|7|6|9|11|5|10|2|4|7|6|1|10|2|1|1|1|2|7|9|7|4|6|11|5|3|9|5|4|6|10|10,TRUE,2,0,
192,11,2|9|3|6|6|8|4|3|6|5|9|4|3|9|4|1|8|1|7|5|8|2|6|5|9|3|7|8|4|7|2|2|5|7|1|1,TRUE,2,0,
193,13,10|7|1|3|4|9|1|9|4|3|5|8|9|11|4|2|11|6|5|4|6|1|8|11|3|2|10|10|11|9|7|3|5|2|1|8|2|6|7|5|6|7|8|10,TRUE,2,0,
194,13,7|1|5|5|11|3|2|2|10|5|9|7|6|1|9|5|4|8|6|8|4|2|8|4|1|6|9|11|10|7|1|7|9|3|10|6|3|11|4|3|2|11|8|10,TRUE,2,0,
195,13,6|4|1|11|3|10|9|4|5|4|8|2|5|7|9|6|7|6|3|1|4|2|11|8|6|1|2|5|11|2|10|3|8|5|10|7|8|1|9|11|3|10|9|7,TRUE,2,0,
196,11,8|6|2|2|7|6|4|2|9|8|7|5|7|3|6|9|3|8|5|9|7|1|5|3|1|4|6|2|1|9|3|5|8|1|4|4,TRUE,2,0,
197,13,6|1|8|4|1|6|8|7|4|10|5|2|11|4|3|5|11|3|6|9|6|7|10|3|7|10|1|8|5|11|2|5|9|2|11|7|2|1|9|3|8|4|10|9,TRUE,2,0,
198,13,3|5|7|7|7|2|1|10|4|6|8|7|2|4|8|11|1|6|4|5|5|4|10|3|9|3|6|1|6|11|10|8|9|2|1|11|2|8|9|9|11|10|5|3,TRUE,2,0,
199,11,7|6|1|1|2|4|3|3|4|1|8|3|5|9|6|1|6|2|9|2|8|3|4|7|4|5|8|5|7|9|6|8|9|7|2|5,TRUE,2,0,
200,11,4|5|1|6|9|2|6|4|3|6|2|1|7|9|5|3|4|8|7|7|2|3|9|8|4|8|5|6|7|5|1|1|9|3|2|8,TRUE,2,0,
201,13,6|4|1|1|10|11|2|10|5|2|7|7|2|3|5|7|11|5|8|4|8|3|11|5|3|1|6|4|6|11|2|10|10|9|4|9|9|1|3|8|6|7|8|9,TRUE,2,0,
202,11,2|8|5|3|6|1|7|7|1|3|9|9|9|2|6|7|6|8|5|8|9|4|8|4|5|4|1|1|7|5|4|2|3|6|2|3,TRUE,2,0,
203,13,8|6|2|9|1|2|6|9|10|8|9|9|4|11|7|2|7|3|6|11|3|1|10|10|8|1|5|3|4|11|5|7|8|6|2|5|5|7|3|4|4|10|11|1,TRUE,2,0,
204,13,6|11|2|7|4|8|3|1|9|7|1|9|9|10|8|11|3|6|9|5|3|5|2|6|10|1|7|4|2|8|10|7|8|11|6|1|4|11|10|2|4|3|5|5,TRUE,2,0,
205,11,2|8|7|4|6|4|1|9|3|5|9|1|1|3|8|2|9|5|8|4|3|7|5|4|6|1|7|6|3|9|7|2|8|6|5|2,TRUE,2,0,
206,11,4|2|1|3|6|7|3|9|9|1|8|4|2|9|8|5|8|7|1|2|4|5|2|5|7|3|6|4|3|9|1|6|8|6|5|7,TRUE,2,0,
207,13,9|11|1|6|9|2|1|11|5|2|4|11|3|10|4|3|2|6|3|1|4|10|5|8|8|10|6|9|10|7|4|11|7|9|8|5|3|5|7|1|7|8|2|6,TRUE,2,0,
208,13,9|2|1|3|4|2|6|11|6|3|2|5|3|8|10|2|1|7|3|4|11|6|9|9|9|11|7|5|5|10|1|7|4|11|8|8|5|1|4|8|6|7|10|10,TRUE,2,0,
209,13,3|1|9|8|8|6|4|11|10|9|5|6|1|5|2|8|11|6|3|8|9|4|1|1|5|4|7|2|4|9|10|11|10|11|7|6|7|2|3|7|3|2|10|5,TRUE,2,0,
210,13,11|9|6|1|2|7|5|1|9|10|1|2|3|4|7|10|4|8|10|5|3|11|9|8|10|6|4|6|2|7|3|11|4|5|8|8|7|1|3|6|9|2|11|5,TRUE,2,0,
211,13,7|9|3|4|4|8|6|8|6|5|2|1|7|4|8|9|8|5|2|11|1|3|6|4|10|5|3|11|6|7|10|7|11|10|1|9|3|11|5|10|2|1|9|2,TRUE,2,0,
212,11,2|7|6|8|7|4|1|3|1|7|6|9|3|9|8|2|4|5|9|6|3|1|7|5|1|8|4|2|8|2|4|5|9|3|5|6,TRUE,2,0,
213,11,4|7|2|9|8|7|9|6|4|5|7|1|6|4|8|1|2|3|4|7|5|9|2|6|3|6|8|2|5|8|3|5|9|1|3|1,TRUE,2,0,
214,13,3|5|11|9|8|4|11|2|5|9|10|5|8|9|10|3|10|2|9|6|4|1|3|7|11|2|7|3|4|6|8|8|11|7|4|1|6|7|1|5|10|2|6|1,TRUE,2,0,
215,13,4|6|3|8|9|2|3|11|3|9|2|4|5|8|1|7|4|3|10|5|8|11|6|1|7|5|11|7|10|2|9|11|6|2|10|9|10|1|4|5|1|8|7|6,TRUE,2,0,
216,11,4|3|2|6|5|2|3|7|4|3|7|6|2|9|1|6|8|5|1|3|8|9|7|2|9|8|5|5|8|6|4|9|4|7|1|1,TRUE,2,0,
217,11,5|6|7|2|9|8|7|3|3|9|1|6|2|9|7|4|5|1|3|3|7|8|9|5|4|1|6|8|1|2|4|6|2|4|5|8,TRUE,2,0,
218,13,9|7|10|6|3|4|6|4|2|8|1|9|3|8|7|1|11|6|9|5|4|5|6|2|5|8|2|3|1|2|3|7|1|11|8|10|11|9|10|10|7|5|11|4,TRUE,2,0,
219,13,6|5|3|7|6|9|10|8|11|3|8|5|4|11|5|1|11|4|2|10|1|9|4|7|5|1|6|3|4|10|9|3|10|7|2|6|2|9|8|1|11|2|7|8,TRUE,2,0,
220,11,3|8|7|9|5|4|3|6|2|4|6|5|6|7|5|8|4|7|1|5|9|8|1|4|3|2|9|2|1|3|9|1|6|2|8|7,TRUE,2,0,
221,13,8|3|2|9|4|9|1|11|1|7|2|3|2|5|6|11|8|4|2|3|6|1|5|11|9|5|8|10|10|7|8|6|4|6|3|10|9|1|4|11|5|7|10|7,TRUE,2,0,
222,13,2|11|4|7|2|7|6|11|3|2|11|10|10|6|4|1|6|4|8|7|11|5|3|2|9|8|1|9|5|1|3|5|1|9|8|6|8|9|7|10|4|5|3|10,TRUE,2,0,
223,11,1|4|7|3|6|9|8|6|9|8|4|7|8|9|6|4|3|5|1|1|6|2|9|7|2|8|3|5|7|5|2|4|1|3|2|5,TRUE,2,0,
224,13,8|3|2|3|3|6|4|2|10|1|7|8|8|5|3|2|11|4|1|6|4|9|11|9|9|7|1|2|4|7|5|5|9|1|6|10|11|10|6|5|7|11|8|10,TRUE,2,0,
225,13,10|1|3|6|3|6|9|1|8|6|1|4|7|10|11|4|7|10|2|10|9|3|7|4|1|8|5|5|4|9|2|2|11|2|8|6|7|3|11|11|8|5|9|5,TRUE,2,0,
226,11,7|2|8|5|4|9|6|3|2|7|1|6|2|9|3|6|6|5|8|4|1|7|3|3|1|8|9|4|9|4|5|7|5|8|2|1,TRUE,2,0,
227,13,7|3|1|6|6|7|10|11|8|4|9|9|11|4|1|8|11|3|6|11|6|10|5|8|5|10|3|4|2|1|3|8|5|2|9|5|1|7|2|7|10|2|4|9,TRUE,2,0,
228,11,5|6|8|1|6|1|9|7|2|4|3|5|5|2|7|6|7|5|6|3|9|3|8|9|8|7|1|2|9|8|4|4|1|2|4|3,TRUE,2,0,
229,13,8|3|7|9|8|2|7|5|1|7|8|10|3|6|2|1|2|5|1|11|9|10|3|11|10|4|9|9|6|8|11|11|3|2|4|4|5|1|10|6|5|7|4|6,TRUE,2,0,
230,13,1|9|3|10|6|7|9|4|2|5|7|9|6|10|8|2|6|11|2|3|11|5|7|8|5|9|3|4|4|1|2|8|10|11|4|6|7|8|10|5|3|11|1|1,TRUE,2,0,
231,11,4|8|3|1|1|9|4|3|9|5|6|2|8|7|9|8|4|5|6|7|6|4|8|6|7|2|3|1|5|7|1|2|2|3|9|5,TRUE,2,0,
232,13,5|11|6|7|2|6|7|10|11|10|7|8|7|3|10|8|3|5|9|5|11|4|2|9|3|9|2|11|1|6|10|1|2|4|8|4|8|4|5|1|9|3|6|1,TRUE,2,0,
233,13,2|9|8|1|11|10|1|10|11|4|5|3|7|3|9|6|8|9|7|2|4|6|2|2|7|1|10|8|6|5|11|10|5|8|9|5|3|4|6|1|4|3|11|7,TRUE,2,0,
234,13,3|5|6|11|8|7|2|4|2|9|8|8|4|2|10|9|9|5|3|6|1|7|10|2|7|5|6|4|7|3|11|10|1|11|9|6|3|1|11|1|5|8|4|10,TRUE,2,0,
235,11,9|6|2|1|1|2|7|1|8|6|1|3|5|2|3|9|6|4|5|5|2|8|4|3|9|7|6|8|7|8|4|7|9|3|4|5,TRUE,2,0,
236,11,9|2|8|7|1|3|6|5|7|6|2|8|3|2|4|3|4|1|6|9|6|1|7|2|9|5|8|9|8|4|3|5|7|4|5|1,TRUE,2,0,
237,11,8|6|9|8|4|6|2|2|6|8|3|3|1|5|2|1|4|7|6|1|4|5|7|7|1|5|9|9|3|2|8|3|5|7|9|4,TRUE,2,0,
238,13,5|2|3|7|3|10|9|7|1|8|10|1|4|8|7|6|1|6|10|11|10|8|3|2|7|3|5|9|4|9|6|11|6|4|5|11|9|1|2|11|5|2|4|8,TRUE,2,0,
239,13,11|3|5|8|10|8|2|10|9|1|3|7|5|11|1|7|6|10|4|8|2|6|9|11|4|11|2|5|7|1|6|9|2|7|10|3|8|4|5|3|1|9|4|6,TRUE,2,0,
240,13,5|11|3|9|1|2|4|2|3|11|6|8|5|9|4|7|10|1|8|10|8|10|11|3|9|10|8|3|11|1|5|6|4|2|7|6|1|4|7|5|2|9|6|7,TRUE,2,0,
241,13,4|1|11|6|4|5|10|9|1|3|2|9|6|4|8|5|10|4|6|9|7|3|5|3|5|3|11|2|11|1|2|8|10|9|11|7|2|6|7|1|10|7|8|8,TRUE,2,0,
242,11,4|6|5|5|3|1|8|7|2|1|4|4|6|2|1|3|7|2|5|6|4|7|1|9|8|7|6|9|5|8|2|9|8|3|9|3,TRUE,2,0,
243,11,5|7|6|1|3|5|8|2|4|8|3|9|3|1|2|4|5|2|9|8|6|9|7|6|3|7|6|1|5|1|7|2|8|9|4|4,TRUE,2,0,
244,13,7|10|9|5|2|1|10|11|10|7|4|4|7|1|3|6|2|11|5|1|1|8|6|6|6|3|9|3|11|5|8|8|5|10|4|2|2|11|3|9|9|8|7|4,TRUE,2,0,
245,11,9|4|2|5|7|4|3|7|6|7|2|6|3|9|1|8|7|8|6|5|8|1|5|1|1|6|2|9|3|9|8|4|4|3|5|2,TRUE,2,0,
246,13,7|9|1|1|10|5|11|9|8|2|10|7|6|1|3|6|6|10|4|10|3|7|2|8|5|4|6|11|4|8|11|2|5|9|7|9|4|2|8|3|11|3|5|1,TRUE,2,0,
247,13,4|11|1|4|8|10|5|8|3|11|1|10|3|9|11|6|11|7|6|9|6|8|3|4|9|10|5|8|5|9|2|7|3|1|5|6|7|1|4|2|2|7|10|2,TRUE,2,0,
248,13,11|8|3|4|2|7|10|10|9|8|10|6|3|11|6|4|5|4|6|2|8|1|5|7|9|1|7|11|2|5|1|1|10|9|2|5|9|6|8|3|11|7|4|3,TRUE,2,0,
249,13,2|9|5|5|10|7|5|7|7|6|3|2|9|3|1|1|8|6|10|8|1|8|10|8|9|1|7|11|6|10|4|6|3|9|4|2|2|11|3|4|4|5|11|11,TRUE,2,0,
250,13,7|8|10|5|9|2|4|1|9|1|3|9|11|4|6|11|8|10|11|8|1|2|8|4|11|3|6|7|1|10|3|4|3|9|5|7|10|6|5|2|5|6|7|2,TRUE,2,0,
251,11,2|6|9|8|3|4|5|5|3|7|1|9|5|7|6|8|4|8|3|5|1|7|8|2|3|1|2|4|4|7|9|6|9|1|6|2,TRUE,2,0,
252,11,7|6|2|3|2|1|7|4|4|6|5|8|2|1|9|1|9|4|6|8|1|5|7|3|7|2|9|3|3|5|9|8|4|6|5|8,TRUE,2,0,
253,13,8|11|4|6|11|1|2|5|2|7|1|11|7|10|5|8|1|6|7|1|3|4|9|6|6|5|2|10|9|3|10|9|10|3|4|8|2|5|8|7|3|9|4|11,TRUE,2,0,
254,13,8|11|4|8|1|11|2|11|8|2|1|5|11|9|6|7|7|1|5|9|10|9|3|3|7|6|4|6|9|10|4|3|6|7|3|1|2|4|5|10|2|10|5|8,TRUE,2,0,
255,13,4|5|3|2|1|5|8|9|8|6|2|10|7|6|9|4|6|3|8|3|3|9|10|2|9|7|11|4|11|1|10|2|6|4|1|7|5|11|10|7|1|8|5|11,TRUE,2,0,
256,11,7|6|3|3|9|7|1|1|2|4|6|9|9|3|2|2|9|8|6|5|6|5|8|7|4|5|3|2|7|1|8|4|8|1|5|4,TRUE,2,0,
257,11,8|9|2|3|2|3|6|4|3|4|8|8|6|1|5|5|2|1|9|3|4|9|7|7|8|5|2|7|6|7|9|1|6|5|1|4,TRUE,2,0,
258,13,7|10|2|6|11|2|1|6|5|7|9|9|8|1|4|7|8|1|4|5|6|10|7|3|6|5|11|4|9|8|3|4|1|11|8|9|11|10|2|3|5|2|3|10,TRUE,2,0,
259,13,7|8|10|10|8|7|2|2|8|5|3|1|11|10|5|11|5|3|4|7|11|6|4|2|5|8|3|4|3|9|6|9|9|6|7|4|10|1|9|1|6|11|1|2,TRUE,2,0,
260,11,6|2|7|8|4|1|5|5|5|9|3|3|9|6|7|1|9|2|3|8|8|4|5|7|4|1|9|6|2|7|6|2|1|8|3|4,TRUE,2,0,
261,13,4|7|10|3|3|2|9|8|8|2|3|4|11|7|6|2|1|7|5|9|1|8|4|6|10|3|5|8|10|5|9|6|9|6|1|11|4|5|2|1|10|11|7|11,TRUE,2,0,
262,13,5|6|2|2|4|1|7|10|6|10|4|7|9|5|3|9|11|9|10|11|7|5|2|5|8|4|11|3|1|3|8|10|8|1|6|7|11|2|6|3|1|9|4|8,TRUE,2,0,
263,13,8|9|4|8|11|5|6|10|1|5|7|2|8|2|7|8|2|7|9|3|1|6|9|3|5|6|1|3|11|6|4|11|11|10|4|2|1|4|10|9|10|5|3|7,TRUE,2,0,
264,11,2|9|8|7|4|9|1|1|3|1|8|7|7|8|4|2|2|3|6|5|8|7|6|3|6|4|5|3|6|5|1|4|5|2|9|9,TRUE,2,0,
265,11,4|9|3|6|6|7|1|5|8|1|3|8|3|7|9|2|7|6|4|9|1|9|6|8|2|1|5|4|4|2|7|3|5|8|2|5,TRUE,2,0,
266,13,10|6|11|11|8|10|6|2|5|2|6|9|6|5|1|4|11|1|5|11|3|5|9|9|1|10|8|10|7|1|4|7|7|8|4|4|2|8|3|3|2|7|9|3,TRUE,2,0,
267,11,4|1|9|8|1|6|7|3|3|4|2|5|9|2|6|9|4|5|7|6|3|4|7|1|2|5|1|8|5|2|8|9|3|7|8|6,TRUE,2,0,
268,13,3|7|11|8|6|1|11|7|4|10|1|10|9|3|2|4|8|7|2|10|9|5|8|4|4|3|8|10|2|9|11|11|7|3|6|6|1|6|5|9|5|2|1|5,TRUE,2,0,
269,11,7|1|4|1|3|6|2|7|3|4|2|5|8|6|5|9|6|4|5|2|5|8|2|9|4|7|6|9|3|7|1|1|9|8|3|8,TRUE,2,0,
270,13,6|8|3|7|1|9|2|2|8|5|9|9|2|6|3|10|1|7|11|11|4|10|6|5|10|3|4|1|11|6|9|7|4|1|8|4|7|8|10|5|3|11|5|2,TRUE,2,0,
271,13,9|6|3|4|5|6|10|2|8|7|5|3|5|11|2|11|8|1|9|9|2|7|4|11|11|8|4|10|7|10|4|7|3|6|1|3|10|9|1|6|5|8|1|2,TRUE,2,0,
272,13,11|10|8|7|11|3|4|4|2|1|3|9|8|7|9|2|5|8|11|11|1|6|9|6|9|5|2|3|4|2|5|1|10|6|7|3|4|6|1|10|8|7|10|5,TRUE,2,0,
273,11,8|1|3|4|2|8|9|6|9|1|3|4|4|5|2|2|2|1|8|1|6|9|5|6|9|3|8|7|5|4|7|7|7|3|6|5,TRUE,2,0,
274,13,6|9|10|2|11|1|10|3|11|7|4|9|2|8|4|7|5|9|8|4|1|8|11|3|10|7|5|2|11|2|1|6|3|5|1|10|5|3|9|6|7|6|4|8,TRUE,2,0,
275,11,5|1|7|3|8|2|1|7|5|7|1|8|2|3|8|6|6|5|4|6|8|3|9|5|6|2|4|4|7|3|9|9|4|2|9|1,TRUE,2,0,
276,13,4|2|11|8|10|9|5|11|5|3|7|1|11|4|5|6|7|1|3|3|10|8|6|4|4|1|9|5|2|9|7|8|8|6|10|1|7|9|10|3|6|11|2|2,TRUE,2,0,
277,13,4|7|11|4|4|11|6|1|1|3|9|6|10|5|2|8|11|1|7|10|7|3|8|2|8|5|6|4|11|5|10|9|5|7|8|2|3|2|9|9|10|6|1|3,TRUE,2,0,
278,13,5|2|9|8|4|5|7|9|9|3|6|11|11|10|1|3|4|3|7|1|10|6|11|4|4|2|8|3|11|10|5|1|1|7|2|9|10|2|8|6|8|5|6|7,TRUE,2,0,
279,13,4|8|1|5|5|2|1|10|1|2|7|9|2|10|7|3|8|6|11|9|7|8|6|4|11|3|2|10|11|5|3|9|9|4|11|10|7|5|1|3|4|8|6|6,TRUE,2,0,
280,11,5|3|4|1|9|7|5|6|2|8|7|2|6|1|5|6|9|7|8|2|9|6|4|3|2|3|7|8|1|4|8|1|9|5|3|4,TRUE,2,0,
281,13,9|11|5|7|4|9|7|5|10|1|3|10|1|6|5|4|1|3|9|11|2|6|4|3|6|4|10|2|11|8|2|10|5|7|8|6|8|7|1|11|3|2|9|8,TRUE,2,0,
282,11,5|3|6|7|8|9|1|1|9|2|6|3|9|4|7|3|4|6|9|6|2|4|7|8|1|8|5|2|1|5|4|8|3|5|2|7,TRUE,2,0,
283,13,3|7|2|6|3|5|9|8|7|1|8|5|4|10|5|1|2|6|10|9|3|4|9|11|1|5|4|3|6|7|1|10|6|4|10|11|2|11|7|8|8|9|2|11,TRUE,2,0,
284,11,7|5|6|5|7|8|1|9|1|4|8|8|9|7|3|3|1|3|7|2|5|6|2|6|9|1|4|6|8|4|9|2|4|2|3|5,TRUE,2,0,
285,13,8|2|4|9|4|8|5|2|7|3|5|8|11|7|10|8|5|6|4|11|7|9|6|3|6|1|3|3|5|2|1|7|10|11|4|10|11|1|6|9|10|1|2|9,TRUE,2,0,
286,13,3|11|7|6|6|4|1|7|5|6|4|8|5|11|4|10|1|2|9|8|3|1|7|4|6|5|3|10|9|8|5|1|10|11|2|11|2|9|8|3|2|9|10|7,TRUE,2,0,
287,11,6|9|3|3|3|5|2|2|8|4|7|2|2|7|6|6|8|3|5|5|4|9|8|1|9|4|1|1|7|6|5|8|1|4|7|9,TRUE,2,0,
288,11,6|8|3|5|9|3|5|1|7|9|1|3|5|4|9|2|7|8|6|3|2|8|1|9|7|5|4|2|6|4|8|6|7|2|4|1,TRUE,2,0,
289,13,4|9|3|8|1|10|8|3|4|5|3|11|6|9|7|10|3|6|2|1|6|7|11|1|5|9|10|7|7|4|1|9|8|2|5|6|4|11|2|10|2|11|5|8,TRUE,2,0,
290,13,1|5|6|6|3|9|4|5|8|9|10|7|1|2|3|10|6|11|10|7|2|8|1|10|8|4|9|2|4|5|11|7|9|5|11|3|7|1|6|8|2|3|4|11,TRUE,2,0,
291,11,8|6|3|2|3|7|8|6|9|7|5|4|6|7|2|8|6|1|3|5|3|9|5|2|8|4|9|1|2|4|1|1|4|9|5|7,TRUE,2,0,
292,13,1|3|8|2|9|4|6|3|6|1|4|10|4|10|5|3|2|7|11|9|9|10|5|8|10|6|9|2|1|7|8|6|1|3|4|5|8|7|11|11|7|5|11|2,TRUE,2,0,
293,11,2|7|3|4|7|9|4|1|9|6|5|1|2|3|9|9|4|8|2|6|6|7|5|6|7|5|8|3|5|1|8|2|3|1|8|4,TRUE,2,0,
294,11,6|2|8|9|9|3|2|5|3|1|6|4|4|1|8|5|1|7|9|3|6|4|1|8|2|4|5|7|8|7|2|3|9|5|6|7,TRUE,2,0,
295,11,2|9|7|9|4|1|6|8|4|7|6|3|5|7|8|5|1|6|7|5|2|1|8|2|6|3|2|4|9|5|3|8|4|9|1|3,TRUE,2,0,
296,13,4|6|7|9|4|9|8|8|2|7|3|1|8|10|6|1|6|11|4|11|7|5|3|3|5|6|3|1|7|2|1|9|8|5|2|11|11|5|10|10|9|2|4|10,TRUE,2,0,
297,11,4|8|5|9|1|7|3|2|5|4|2|4|3|6|5|6|8|1|7|9|6|7|2|4|3|5|9|8|2|8|1|1|3|6|7|9,TRUE,2,0,
298,13,1|6|9|11|5|4|10|9|9|2|3|8|10|1|4|5|10|7|8|1|8|3|10|7|3|2|7|2|11|6|9|7|3|5|4|6|6|8|2|11|5|11|1|4,TRUE,2,0,
299,11,9|2|8|1|2|6|5|4|1|8|7|4|8|9|1|2|9|4|2|9|4|1|7|3|6|5|3|5|6|3|7|6|5|8|7|3,TRUE,2,0,
300,11,2|9|6|6|7|3|2|9|1|5|3|4|5|9|7|6|5|1|3|9|4|1|8|4|7|4|8|5|1|2|6|8|7|2|3|8,TRUE,2,0,
301,11,9|2|8|4|3|5|7|3|8|6|1|1|6|3|9|7|8|6|2|4|7|8|6|5|4|2|5|9|7|4|1|9|2|5|3|1,TRUE,2,0,
302,13,10|3|6|6|7|2|8|11|7|3|6|7|1|9|8|5|11|8|1|5|4|9|10|10|1|11|6|7|8|9|1|2|9|3|5|4|3|4|11|5|10|4|2|2,TRUE,2,0,
303,11,7|9|3|6|8|6|3|2|4|8|7|9|4|1|5|5|4|3|5|7|6|7|3|1|2|8|6|4|1|8|9|2|2|1|5|9,TRUE,2,0,
304,11,3|8|1|5|1|5|9|9|1|8|4|2|4|5|7|8|2|7|6|6|9|6|3|8|7|3|1|4|9|5|3|7|6|4|2|2,TRUE,2,0,
305,11,3|8|4|2|8|1|5|8|9|4|1|7|7|9|5|5|3|7|4|2|3|2|6|6|7|4|3|6|8|5|1|2|6|9|1|9,TRUE,2,0,
306,11,5|1|2|6|5|9|2|1|4|8|3|7|7|9|6|8|2|3|9|5|3|9|5|1|7|3|6|2|8|7|4|4|1|4|8|6,TRUE,2,0,
307,13,1|8|5|3|5|7|1|3|4|3|11|9|7|1|2|6|5|2|11|5|2|8|7|9|6|2|10|11|1|11|6|7|10|4|6|3|10|9|8|4|9|4|8|10,TRUE,2,0,
308,11,5|9|6|8|2|7|6|3|3|5|2|8|6|9|1|7|1|7|2|6|2|8|4|4|9|5|4|4|1|7|3|9|3|5|8|1,TRUE,2,0,
309,11,4|3|2|2|5|8|4|9|3|5|7|3|1|9|4|3|6|1|8|1|7|9|1|6|6|8|2|9|8|7|5|4|6|7|5|2,TRUE,2,0,
310,13,3|10|1|4|4|11|7|11|1|9|3|8|3|5|2|5|9|4|1|9|2|8|7|8|11|6|4|2|1|7|9|10|7|2|5|10|11|6|10|6|5|6|3|8,TRUE,2,0,
311,11,7|4|6|7|2|9|5|9|5|2|3|5|9|7|8|1|5|4|1|8|6|8|3|6|2|1|6|3|8|1|4|3|9|4|7|2,TRUE,2,0,
312,11,8|2|7|5|7|5|4|7|2|9|3|5|4|3|9|3|6|8|7|1|6|1|8|3|8|9|2|2|9|1|5|6|1|6|4|4,TRUE,2,0,
313,13,3|5|1|10|7|2|10|1|11|8|9|5|6|11|2|4|6|11|8|5|4|1|3|4|2|9|7|10|7|9|3|1|5|3|2|6|9|8|10|11|6|7|8|4,TRUE,2,0,
314,13,1|11|5|8|4|7|6|6|10|3|5|9|6|1|2|5|3|4|7|10|8|11|10|2|8|9|6|11|7|8|4|7|3|2|1|11|9|4|2|3|5|9|10|1,TRUE,2,0,
315,11,5|9|8|6|3|2|1|7|7|2|5|7|8|1|9|4|6|2|7|3|4|9|1|4|9|6|4|8|2|1|3|5|5|8|6|3,TRUE,2,0,
316,11,4|9|6|7|8|4|7|3|1|2|5|9|7|6|8|8|9|1|2|5|3|8|5|4|1|2|3|7|9|2|5|6|6|4|1|3,TRUE,2,0,
317,11,9|5|2|9|3|1|9|5|1|2|6|6|2|7|8|4|8|9|7|2|5|4|3|3|7|8|4|1|7|6|4|5|8|3|1|6,TRUE,2,0,
318,11,8|9|3|6|2|9|5|6|3|6|7|1|4|7|5|8|8|9|2|8|3|4|5|6|1|4|3|2|4|2|1|5|1|9|7|7,TRUE,2,0,
319,11,1|5|4|8|4|6|2|4|1|2|6|8|7|6|9|8|5|3|9|1|4|5|7|1|2|3|9|5|6|8|7|3|9|7|2|3,TRUE,2,0,
320,13,4|7|6|10|7|9|1|6|1|6|5|1|2|8|4|5|11|10|9|4|9|3|8|1|10|2|3|2|11|2|3|9|5|6|8|8|7|10|5|11|4|7|3|11,TRUE,2,0,
321,13,7|8|4|11|9|7|2|8|1|4|9|3|6|3|1|1|11|10|5|7|1|2|7|4|5|10|2|8|9|10|11|6|9|5|6|10|4|11|8|2|3|5|6|3,TRUE,2,0,
322,11,9|1|3|9|8|4|9|1|6|4|8|2|1|5|2|4|5|3|2|6|5|6|3|6|2|5|7|7|4|8|1|7|9|3|8|7,TRUE,2,0,
323,11,8|4|7|3|9|6|2|1|8|5|9|1|5|1|4|5|9|7|1|2|7|2|3|5|4|2|7|9|3|6|8|4|8|3|6|6,TRUE,2,0,
324,11,2|4|8|3|3|7|6|7|8|1|4|6|5|2|7|4|9|5|6|8|3|1|2|9|7|4|3|9|9|8|1|5|1|6|5|2,TRUE,2,0,
325,11,8|7|9|6|2|3|1|9|4|3|6|5|5|1|4|5|1|3|6|4|3|9|2|1|8|5|2|7|4|9|7|8|6|8|7|2,TRUE,2,0,
326,13,4|2|10|9|6|1|8|6|7|8|11|3|3|2|5|5|6|10|9|9|2|1|6|7|4|1|3|5|11|10|7|5|2|4|1|10|3|11|7|8|9|11|4|8,TRUE,2,0,
327,11,7|4|5|2|9|5|2|9|5|3|7|2|6|1|9|4|6|9|8|3|8|6|1|1|4|3|7|7|3|8|6|5|8|4|2|1,TRUE,2,0,
328,11,1|9|5|6|4|2|8|8|9|4|3|6|8|4|1|4|6|1|7|7|5|3|2|7|9|5|3|1|8|2|6|2|5|3|7|9,TRUE,2,0,
329,11,3|1|8|6|6|7|5|9|8|2|5|6|6|3|2|3|4|9|7|1|4|1|3|4|4|9|8|7|5|9|2|5|8|7|1|2,TRUE,2,0,
330,13,11|10|3|4|1|9|6|9|7|8|5|4|8|7|3|6|2|5|10|2|9|6|8|5|11|1|4|10|8|6|1|3|5|10|7|11|4|3|11|7|9|1|2|2,TRUE,2,0,
331,11,7|9|8|2|6|9|3|7|5|6|4|5|1|2|9|3|1|5|6|7|4|7|8|1|2|3|1|3|9|4|8|8|5|2|6|4,TRUE,2,0,
332,11,1|7|3|7|5|1|6|2|3|7|8|3|8|2|1|8|6|9|4|5|6|2|4|4|2|9|8|3|1|5|4|5|7|6|9|9,TRUE,2,0,
333,11,3|5|8|1|7|6|8|1|1|2|6|2|8|6|4|7|4|9|8|4|7|3|9|3|3|5|2|7|2|9|5|5|9|1|4|6,TRUE,2,0,
334,13,1|2|10|2|5|11|2|6|4|11|3|5|8|9|3|1|9|11|6|8|9|1|7|2|6|5|10|10|1|9|5|7|3|8|4|4|4|10|7|11|8|3|7|6,TRUE,2,0,
335,11,2|8|4|8|9|6|1|5|4|8|2|7|9|1|8|9|7|3|9|6|4|5|6|6|1|7|2|2|5|1|3|3|7|4|3|5,TRUE,2,0,
336,11,9|3|8|1|6|7|5|9|4|7|2|1|1|4|6|2|5|6|7|8|7|2|6|4|5|8|3|9|2|9|3|3|5|4|8|1,TRUE,2,0,
337,13,2|4|11|6|1|3|5|7|4|10|2|5|6|11|4|10|5|9|10|3|9|4|8|8|10|9|1|8|8|2|11|1|2|7|3|11|6|3|7|9|5|6|7|1,TRUE,2,0,
338,11,8|7|4|7|5|1|2|2|3|8|9|6|8|9|1|8|1|3|2|9|5|4|7|6|4|1|7|5|3|6|5|9|6|4|2|3,TRUE,2,0,
339,11,6|5|7|1|9|4|5|9|4|9|1|7|9|1|8|3|7|2|8|5|3|4|8|6|7|6|5|3|1|2|3|4|6|2|8|2,TRUE,2,0,
340,11,8|1|6|9|4|8|1|3|3|5|7|7|6|5|1|3|4|8|7|7|9|2|6|3|5|2|4|6|4|8|2|1|2|5|9|9,TRUE,2,0,
341,11,8|1|5|7|6|1|8|5|9|2|6|6|4|1|3|2|2|7|4|8|4|8|7|7|1|3|5|4|3|2|5|9|9|6|3|9,TRUE,2,0,
342,11,1|8|2|6|5|1|6|8|2|8|1|6|6|9|3|4|5|7|9|2|7|3|2|4|5|7|4|4|3|8|1|3|9|5|7|9,TRUE,2,0,
343,13,1|7|5|7|11|10|4|10|11|9|10|2|8|1|3|9|5|6|4|1|7|8|2|5|10|8|7|4|2|3|6|5|6|9|1|9|3|2|11|11|6|8|4|3,TRUE,2,0,
344,13,10|1|11|8|4|9|3|5|11|5|10|9|9|4|8|5|7|11|6|3|8|11|4|9|1|4|7|6|10|7|2|6|2|5|6|2|10|3|1|7|3|2|1|8,TRUE,2,0,
345,13,2|11|5|8|9|5|4|7|1|11|9|2|3|5|1|8|7|1|3|9|10|6|7|7|9|8|6|3|4|2|10|6|4|1|2|10|6|11|3|8|5|11|10|4,TRUE,2,0,
346,11,5|2|9|3|6|1|7|5|2|8|5|1|9|4|8|3|3|1|9|6|4|3|7|5|7|4|6|4|2|6|7|1|2|9|8|8,TRUE,2,0,
347,11,9|7|8|8|5|1|4|3|4|2|5|6|3|6|9|5|7|4|3|1|6|2|1|9|4|6|3|2|5|7|8|1|7|8|9|2,TRUE,2,0,
348,11,5|3|4|2|3|2|6|6|8|1|9|9|1|4|7|5|2|7|1|8|5|6|8|3|4|7|5|9|9|2|3|7|4|8|6|1,TRUE,2,0,
349,11,8|7|1|4|7|3|2|1|7|4|5|9|6|8|2|6|9|8|2|3|6|2|1|4|8|4|9|5|1|9|3|7|6|5|3|5,TRUE,2,0,
350,13,1|3|10|9|11|2|7|1|10|5|8|3|6|8|7|4|11|7|9|6|2|6|11|2|4|5|10|6|1|4|10|9|7|5|1|11|3|8|2|5|3|8|9|4,TRUE,2,0,
351,11,6|2|3|5|4|8|5|2|6|9|5|8|8|6|7|1|7|9|2|3|9|8|6|4|1|2|4|9|4|1|7|3|3|5|7|1,TRUE,2,0,
352,11,4|2|8|3|8|9|1|7|6|1|2|6|1|2|3|1|2|3|5|8|9|7|4|4|7|9|6|5|4|8|5|5|6|7|3|9,TRUE,2,0,
353,11,5|3|7|4|8|5|9|6|9|3|2|2|6|4|9|6|2|5|1|7|8|4|9|7|1|3|5|4|3|8|6|2|7|8|1|1,TRUE,2,0,
354,11,3|1|8|2|2|9|6|3|1|5|3|8|4|1|5|6|1|3|9|7|6|9|2|7|5|8|7|4|2|4|7|5|8|6|4|9,TRUE,2,0,
355,11,8|3|6|9|5|8|1|7|4|6|2|3|7|9|2|8|1|7|4|4|2|5|3|8|9|3|6|6|1|5|7|1|4|9|2|5,TRUE,2,0,
356,13,10|6|5|8|1|2|11|1|7|2|1|4|2|9|5|9|4|6|10|11|6|7|3|8|11|7|10|7|11|1|2|3|4|6|5|8|9|4|3|8|10|5|9|3,TRUE,2,0,
357,13,2|11|9|7|6|4|5|9|2|6|10|10|5|6|3|8|10|9|5|9|7|1|11|4|1|3|7|8|3|7|1|1|2|10|11|8|4|11|2|6|3|8|5|4,TRUE,2,0,
358,11,5|3|1|9|9|1|5|5|4|8|9|2|3|7|4|5|8|3|2|7|7|3|6|6|4|1|7|1|8|6|2|6|2|9|4|8,TRUE,2,0,
359,11,2|5|7|2|6|3|4|9|2|9|1|6|3|6|5|1|2|1|8|3|5|7|3|6|9|8|5|4|4|8|7|4|7|9|1|8,TRUE,2,0,
360,11,2|6|4|7|3|7|5|3|7|2|4|4|8|4|9|2|3|1|6|5|5|8|9|6|7|8|3|9|2|6|1|1|9|5|8|1,TRUE,2,0,
361,13,11|1|4|5|4|8|3|8|2|4|9|6|11|9|5|10|6|1|2|10|1|9|8|11|2|3|5|7|7|11|1|5|8|9|3|7|2|7|10|4|6|3|10|6,TRUE,2,0,
362,11,2|7|1|2|5|9|3|3|4|2|3|7|8|5|9|1|6|9|8|6|6|4|8|3|9|7|6|7|8|4|5|5|4|1|2|1,TRUE,2,0,
363,11,9|5|2|7|1|7|9|3|5|6|8|6|2|1|7|8|5|4|6|6|7|9|1|2|5|2|8|4|9|4|3|8|4|1|3|3,TRUE,2,0,
364,11,6|5|7|7|1|3|4|6|5|9|2|4|6|4|3|2|1|5|9|6|5|1|2|3|7|8|9|9|4|1|2|8|8|7|3|8,TRUE,2,0,
365,11,8|3|6|9|9|4|7|5|2|8|1|6|1|7|6|5|2|1|9|8|9|4|7|3|5|8|3|3|7|4|1|2|5|6|4|2,TRUE,2,0,
366,13,6|8|3|4|9|7|2|11|10|6|3|2|5|3|2|7|3|9|8|2|5|1|10|8|7|9|10|6|11|4|10|4|7|5|11|4|8|11|1|6|1|5|9|1,TRUE,2,0,
367,11,9|1|3|2|8|7|4|5|7|5|8|7|8|9|6|9|6|1|9|3|5|4|3|5|4|2|6|7|1|6|4|2|2|1|8|3,TRUE,2,0,
368,11,3|8|1|5|8|2|1|3|2|6|4|6|4|7|1|4|1|7|3|3|4|5|9|9|6|8|2|6|7|5|2|5|7|8|9|9,TRUE,2,0,
369,13,10|9|4|11|10|5|4|10|11|4|9|6|9|2|5|5|6|2|3|1|3|6|2|9|8|1|2|7|4|7|8|10|1|8|3|7|8|5|1|3|7|11|6|11,TRUE,2,0,
370,11,1|8|7|6|1|6|4|8|2|1|5|5|9|4|7|8|3|2|8|5|7|3|9|4|3|9|2|5|6|4|2|9|6|1|7|3,TRUE,2,0,
371,13,2|8|7|7|7|8|3|10|4|9|5|4|11|1|9|11|3|7|2|1|8|9|2|3|11|2|6|10|5|1|6|11|10|1|6|3|6|5|10|4|8|5|9|4,TRUE,2,0,
372,11,1|9|6|5|8|7|9|9|3|1|6|6|3|4|2|2|4|5|8|8|2|3|7|3|5|7|6|1|7|9|4|8|5|2|4|1,TRUE,2,0,
373,11,4|9|8|1|2|2|8|3|4|1|3|6|4|7|4|6|8|3|9|3|9|7|7|6|5|1|2|9|5|5|8|7|5|6|1|2,TRUE,2,0,
374,11,6|1|6|1|1|3|5|5|3|7|8|7|4|9|5|5|6|8|7|7|9|8|2|1|4|2|9|6|4|8|3|9|4|2|2|3,TRUE,2,0,
375,11,7|4|8|7|4|9|6|6|5|8|9|2|9|6|1|3|8|3|7|5|2|4|9|3|3|1|5|2|7|5|6|1|1|4|8|2,TRUE,2,0,
376,11,5|7|6|3|2|3|6|2|6|3|1|9|7|9|8|8|1|5|4|4|1|8|2|7|9|6|3|4|1|5|8|9|5|2|4|7,TRUE,2,0,
377,11,4|3|7|5|6|4|2|9|2|5|8|5|1|4|6|3|9|4|9|8|6|3|1|2|1|2|6|5|9|7|1|7|3|7|8|8,TRUE,2,0,
378,14,11|5|7|3|8|5|11|12|6|4|10|2|1|5|7|6|10|9|4|2|12|3|7|3|12|12|1|8|6|2|9|1|4|6|7|1|3|5|9|11|8|8|2|9|10|10|4|11,TRUE,2,0,
379,14,11|9|5|12|1|4|10|5|10|7|12|9|11|1|9|9|8|8|10|2|4|8|5|7|2|4|12|6|7|11|7|5|11|2|3|3|3|12|4|1|6|6|10|3|2|8|6|1,TRUE,2,0,
380,11,5|3|2|1|4|6|1|8|2|9|3|3|9|3|6|9|4|6|4|6|2|8|5|7|5|9|1|5|7|4|7|1|8|7|2|8,TRUE,2,0,
381,14,11|4|1|5|6|1|3|7|2|8|4|10|4|6|11|12|8|10|3|2|9|9|7|6|9|2|8|6|11|1|4|12|12|9|7|5|3|5|10|11|3|5|1|7|2|12|10|8,TRUE,2,0,
382,11,2|9|5|4|6|5|7|1|3|8|2|3|8|9|3|6|8|4|7|3|9|7|9|1|7|5|6|8|4|1|1|4|2|6|2|5,TRUE,2,0,
383,14,3|10|12|6|11|1|7|10|8|11|4|8|10|7|7|6|9|11|7|9|2|5|12|5|9|2|4|5|6|5|11|3|1|9|6|4|1|8|3|10|8|2|2|1|12|12|4|3,TRUE,2,0,
384,11,5|7|8|8|2|6|8|1|4|9|7|6|6|5|9|2|1|8|2|3|2|3|7|5|3|5|4|9|7|3|4|9|6|1|1|4,TRUE,2,0,
385,11,4|9|2|3|2|1|8|4|8|6|2|6|1|3|9|6|5|8|7|6|3|7|5|1|7|4|8|5|2|9|5|9|4|7|3|1,TRUE,2,0,
386,14,1|3|4|6|3|5|5|6|7|1|2|7|5|6|4|2|7|7|4|9|10|11|9|8|9|3|8|8|11|10|1|10|10|11|1|2|2|8|12|5|12|11|4|12|9|12|6|3,TRUE,2,0,
387,14,11|12|12|3|8|10|1|2|2|11|12|3|11|4|5|6|4|6|8|10|2|5|9|7|6|11|6|8|1|9|1|10|4|12|1|7|2|9|7|5|4|3|5|10|8|9|7|3,TRUE,2,0,
388,11,5|8|9|5|6|4|8|2|7|6|9|7|2|8|3|3|7|1|5|7|1|9|4|5|1|6|6|3|4|4|8|2|1|2|3|9,TRUE,2,0,
389,14,1|12|1|2|6|10|11|5|3|2|9|8|12|8|12|3|9|6|5|4|2|11|7|5|4|9|1|4|11|7|8|3|8|2|3|4|5|9|7|11|6|1|12|6|10|7|10|10,TRUE,2,0,
390,14,4|7|6|3|1|6|5|1|11|12|2|12|4|1|11|3|2|9|11|9|8|8|5|7|9|9|10|12|4|2|5|1|6|6|12|11|10|10|3|4|8|8|2|5|7|7|10|3,TRUE,2,0,
391,11,2|5|1|5|2|6|3|1|8|9|8|7|8|9|4|5|3|2|6|2|9|4|1|6|3|6|7|1|9|4|4|7|5|3|7|8,TRUE,2,0,
392,11,5|9|8|6|9|3|2|8|6|5|1|2|2|2|4|6|3|3|8|7|8|1|1|3|5|9|7|5|7|4|4|4|7|9|1|6,TRUE,2,0,
393,11,6|1|2|3|7|7|9|2|8|5|1|5|3|6|3|9|4|6|4|8|5|9|8|3|5|4|2|7|4|2|1|6|1|9|7|8,TRUE,2,0,
394,14,7|6|8|8|4|6|9|1|2|6|5|10|8|2|2|11|7|10|5|1|11|9|11|12|12|3|3|10|12|5|6|4|5|10|12|2|7|4|1|4|11|7|8|3|9|3|1|9,TRUE,2,0,
395,11,1|7|6|3|4|3|1|4|7|3|4|5|8|6|2|2|9|3|6|5|8|9|2|5|9|1|5|8|4|7|1|9|2|6|8|7,TRUE,2,0,
396,14,8|4|7|8|4|1|2|10|3|2|12|8|1|7|5|6|5|3|3|1|11|9|7|3|1|4|12|2|9|7|12|10|5|2|12|9|9|10|11|10|11|5|6|6|6|4|8|11,TRUE,2,0,
397,11,9|1|2|3|3|1|8|4|2|2|6|9|4|5|7|5|6|6|7|7|3|9|2|8|8|3|5|6|1|1|4|5|4|8|9|7,TRUE,2,0,
398,11,3|9|7|3|3|5|9|8|9|6|7|1|4|2|4|9|8|2|6|7|5|3|8|4|4|1|5|8|1|7|2|6|1|2|5|6,TRUE,2,0,
399,14,8|2|10|11|1|8|12|11|11|10|8|12|7|9|10|3|12|7|9|2|4|5|6|1|4|9|7|11|10|12|3|4|3|6|6|2|7|2|9|5|5|6|4|1|8|1|5|3,TRUE,2,0,
400,14,9|1|1|5|2|11|11|5|3|3|12|5|7|7|6|11|6|9|6|8|7|8|4|10|8|9|1|12|4|1|10|9|5|6|12|4|4|12|11|2|2|3|2|3|7|8|10|10,TRUE,2,0,
401,11,6|7|5|7|8|5|2|9|3|4|9|1|8|6|5|2|4|3|7|1|2|6|3|9|8|1|9|3|5|6|4|2|1|7|4|8,TRUE,2,0,
402,11,8|9|8|3|5|7|5|9|4|7|3|6|8|6|5|3|1|4|9|4|1|1|1|2|2|9|5|3|8|7|2|4|6|2|7|6,TRUE,2,0,
403,14,1|12|7|8|4|5|12|5|10|2|3|1|9|3|5|11|6|6|3|12|7|2|8|9|10|4|11|9|8|7|7|1|6|1|4|10|2|4|8|3|12|9|6|2|11|10|5|11,TRUE,2,0,
404,14,7|11|11|4|4|2|11|6|10|3|3|8|1|10|7|1|2|12|12|1|6|6|4|10|2|8|12|5|10|6|9|1|5|4|7|9|11|12|5|9|3|2|9|5|7|8|3|8,TRUE,2,0,
405,11,3|9|2|7|6|6|4|9|5|1|2|3|2|4|1|2|5|9|5|8|7|8|1|6|9|5|7|4|7|1|6|8|4|8|3|3,TRUE,2,0,
406,14,10|9|10|7|4|9|3|1|4|1|7|6|4|7|12|12|10|6|3|3|10|4|1|5|7|2|11|6|9|5|11|9|8|12|5|2|8|11|2|2|3|5|8|1|12|8|11|6,TRUE,2,0,
407,14,10|11|7|9|12|7|6|9|2|5|6|5|2|1|5|10|3|4|6|3|10|9|8|12|2|8|11|3|6|1|11|2|4|5|12|7|8|8|10|4|7|12|11|1|3|1|9|4,TRUE,2,0,
408,11,9|8|1|9|6|8|2|4|7|7|2|8|8|3|6|7|4|6|1|1|5|2|9|3|7|6|5|2|9|4|5|5|3|4|3|1,TRUE,2,0,
409,11,4|6|1|4|7|3|7|8|9|8|3|5|9|7|8|2|6|1|6|4|9|2|1|2|8|3|7|5|9|5|1|2|3|5|6|4,TRUE,2,0,
410,14,11|1|8|9|11|4|6|5|10|4|6|5|2|12|10|6|11|7|5|7|5|1|9|3|10|9|8|8|9|8|12|1|3|11|1|2|2|12|4|7|4|10|6|3|2|7|3|12,TRUE,2,0,
411,14,1|7|5|3|6|1|12|11|9|6|11|6|9|5|8|12|7|6|8|9|8|4|12|2|1|10|9|5|4|3|2|2|4|1|10|11|7|11|10|2|12|4|10|3|7|3|8|5,TRUE,2,0,
412,11,8|2|3|8|3|1|3|7|9|4|3|1|7|2|1|9|7|5|6|4|6|5|4|5|7|1|9|4|6|9|6|5|2|8|8|2,TRUE,2,0,
413,14,12|2|1|10|5|8|1|8|12|11|7|7|12|10|8|11|4|1|3|6|4|2|7|3|5|5|9|9|12|3|1|7|4|3|4|10|2|8|11|9|11|10|5|6|6|6|2|9,TRUE,2,0,
414,11,8|5|1|8|4|8|4|2|7|5|6|3|4|9|7|1|1|2|9|5|6|2|3|4|5|9|8|2|3|6|1|9|3|7|6|7,TRUE,2,0,
415,11,3|1|9|6|9|7|1|1|9|2|8|5|3|7|3|8|7|5|5|4|8|9|7|1|3|6|4|4|6|5|8|4|2|6|2|2,TRUE,2,0,
416,14,7|5|11|10|8|8|12|4|3|2|9|11|6|12|4|8|9|9|7|10|3|10|7|6|2|12|1|7|11|9|5|1|5|12|4|8|11|10|1|6|5|3|1|2|2|4|6|3,TRUE,2,0,
417,11,4|7|7|2|9|8|8|9|4|1|5|5|6|2|8|3|6|4|1|5|9|2|1|7|3|7|1|9|6|5|6|3|8|2|3|4,TRUE,2,0,
418,11,8|3|9|5|7|1|2|1|6|3|4|9|8|6|9|4|5|2|9|1|7|7|7|2|6|3|4|5|1|8|8|6|2|4|3|5,TRUE,2,0,
419,14,3|12|8|10|11|10|12|1|1|12|6|7|3|12|7|7|11|3|5|2|10|6|6|1|9|8|6|2|1|8|4|11|7|4|4|5|3|4|5|11|10|8|9|2|2|5|9|9,TRUE,2,0,
420,11,5|3|4|7|9|8|3|9|7|4|2|1|8|9|6|2|5|1|1|5|7|2|4|6|4|3|6|9|6|2|3|5|8|8|7|1,TRUE,2,0,
421,11,1|4|4|1|6|6|2|2|6|5|3|1|1|3|5|8|9|7|7|5|9|9|4|8|7|3|6|4|2|8|5|7|9|2|3|8,TRUE,2,0,
422,14,6|3|4|2|9|2|8|11|3|5|6|4|1|6|10|7|9|2|2|12|10|5|11|4|9|1|5|9|7|5|11|7|12|3|10|1|7|8|1|12|11|10|8|4|8|6|12|3,TRUE,2,0,
423,14,3|11|9|1|11|3|4|11|6|10|6|7|10|2|6|10|4|1|9|12|8|6|7|2|8|1|2|7|9|5|3|2|7|3|12|10|8|4|5|5|1|5|9|4|11|8|12|12,TRUE,2,0,
424,11,6|9|4|5|7|8|3|3|4|8|2|5|1|9|2|5|7|9|6|4|6|8|3|1|8|1|2|2|7|4|9|6|7|5|3|1,TRUE,2,0,
425,14,12|8|5|11|9|5|2|5|10|1|7|4|10|2|8|9|12|5|7|9|7|3|10|6|8|12|11|10|9|6|1|1|4|3|11|4|6|6|3|2|12|1|4|7|3|2|11|8,TRUE,2,0,
426,11,5|9|3|1|5|6|8|2|4|9|9|7|8|9|7|2|1|6|4|1|3|1|3|6|8|4|4|7|5|5|6|2|3|7|8|2,TRUE,2,0,
427,14,2|11|10|5|12|3|1|3|6|8|10|10|2|11|11|7|4|2|8|4|10|4|7|2|7|6|1|3|8|3|12|5|7|6|1|9|4|9|8|5|9|12|11|1|5|9|12|6,TRUE,2,0,
428,11,8|3|3|4|1|6|5|4|9|6|8|1|7|4|9|4|1|5|9|2|3|2|7|8|5|7|7|8|5|6|3|6|9|2|2|1,TRUE,2,0,
429,11,3|3|6|1|4|9|3|8|7|2|8|9|3|6|5|2|1|5|2|4|4|8|2|7|8|7|5|4|1|9|5|6|6|7|1|9,TRUE,2,0,
430,14,4|3|2|8|4|8|5|10|9|6|2|9|8|12|9|12|8|2|6|2|9|1|3|10|12|11|11|5|6|5|11|6|1|3|10|1|7|7|11|10|1|12|4|4|7|3|7|5,TRUE,2,0,
431,14,12|1|3|3|6|11|5|9|10|8|10|5|4|2|10|11|4|11|9|2|2|3|4|7|9|6|3|2|1|8|1|4|10|6|6|5|11|9|7|1|8|12|7|7|8|12|12|5,TRUE,2,0,
432,11,4|7|9|9|4|9|1|1|8|7|7|1|2|5|2|6|5|2|5|3|6|6|5|1|8|3|3|4|8|3|4|6|9|7|8|2,TRUE,2,0,
433,11,8|6|6|2|8|9|4|1|7|4|4|8|7|3|6|7|2|5|1|1|9|9|5|2|2|5|5|3|3|7|6|3|4|9|8|1,TRUE,2,0,
434,14,4|11|2|5|2|7|9|12|8|6|9|7|5|11|10|6|10|10|3|2|4|8|8|11|7|12|5|9|1|12|6|10|11|5|3|12|3|9|3|8|6|4|2|1|7|4|1|1,TRUE,2,0,
435,11,6|9|7|3|8|2|5|4|8|6|1|2|9|6|8|9|4|3|1|1|3|4|6|4|2|2|7|1|7|7|5|5|8|9|5|3,TRUE,2,0,
436,11,8|6|1|3|9|1|7|3|4|5|3|5|3|4|6|9|7|5|2|4|6|8|2|8|5|2|6|9|4|7|9|7|1|1|2|8,TRUE,2,0,
437,14,4|9|6|10|4|8|5|10|6|3|11|1|9|1|4|12|11|1|9|9|12|7|7|7|7|1|8|10|2|2|12|2|3|12|6|3|5|6|2|8|5|4|10|11|8|3|5|11,TRUE,2,0,
438,14,3|2|5|3|4|12|9|11|4|9|6|5|6|2|10|2|8|1|3|10|8|11|9|11|12|6|2|6|9|10|8|5|4|12|1|4|5|7|1|12|7|8|7|7|11|3|1|10,TRUE,2,0,
439,11,6|1|9|5|8|3|1|7|7|8|3|2|9|2|3|8|4|1|1|6|9|6|5|9|2|2|7|4|8|3|4|7|6|5|5|4,TRUE,2,0,
440,11,6|8|5|8|8|7|6|2|7|1|1|9|4|2|5|2|7|9|7|5|6|4|9|2|4|6|9|5|3|3|4|1|8|1|3|3,TRUE,2,0,
441,14,1|11|3|6|2|7|12|2|8|4|2|7|11|9|11|8|12|4|1|12|6|2|6|7|4|10|3|9|5|4|8|8|5|1|1|5|11|9|6|10|3|10|9|10|12|5|7|3,TRUE,2,0,
442,11,8|5|7|6|5|5|3|8|6|9|4|7|9|2|6|1|4|8|5|1|8|9|2|2|1|9|3|7|4|6|7|3|1|4|2|3,TRUE,2,0,
443,14,6|2|4|4|12|3|4|5|4|9|6|2|9|5|7|6|9|1|8|12|10|8|11|7|5|10|2|7|12|8|10|3|9|11|7|12|10|3|1|1|8|3|2|1|5|11|6|11,TRUE,2,0,
444,11,9|6|9|2|5|6|1|7|2|8|6|4|4|9|1|2|4|5|6|7|1|1|4|5|8|7|3|7|8|3|2|3|3|5|8|9,TRUE,2,0,
445,11,1|2|9|4|5|3|4|5|1|1|9|3|7|7|8|1|6|3|9|2|7|6|8|5|4|4|3|5|6|2|6|8|8|2|7|9,TRUE,2,0,
446,11,5|3|4|1|3|9|3|1|4|2|5|6|7|8|9|2|1|4|2|6|9|6|3|9|7|6|8|1|7|7|8|5|2|5|8|4,TRUE,2,0,
447,14,11|7|4|6|8|4|6|4|9|10|11|4|7|12|6|11|2|9|12|5|3|10|7|10|3|5|1|2|2|11|9|1|12|2|5|8|3|8|8|12|9|7|10|3|6|5|1|1,TRUE,2,0,
448,11,7|2|7|2|5|9|2|8|2|1|4|5|8|6|3|1|4|4|5|9|9|8|3|9|6|7|4|3|3|8|5|6|7|6|1|1,TRUE,2,0,
449,11,2|2|7|8|8|3|6|6|6|2|5|9|6|4|4|3|1|2|7|8|1|9|3|3|7|7|8|5|1|5|5|4|4|9|9|1,TRUE,2,0,
450,14,9|12|9|2|5|6|4|4|11|1|2|11|6|2|4|7|2|10|5|8|10|7|8|5|12|6|6|8|1|1|3|3|11|7|3|11|9|5|12|10|1|4|10|8|9|12|7|3,TRUE,2,0,
451,11,3|2|6|4|7|7|4|8|5|9|7|5|3|1|4|5|8|5|2|8|4|1|6|3|9|6|1|9|9|2|3|7|1|8|2|6,TRUE,2,0,
452,14,11|8|2|3|1|7|8|3|12|1|6|11|2|2|4|4|9|12|10|6|4|10|5|9|11|12|5|7|10|11|8|2|1|5|3|10|4|1|6|5|7|6|8|3|9|9|12|7,TRUE,2,0,
453,11,7|1|6|6|4|8|7|3|5|3|4|8|9|6|9|5|5|7|5|1|7|2|4|2|8|4|3|2|9|6|1|1|3|8|2|9,TRUE,2,0,
454,14,12|8|1|11|12|12|11|4|3|7|5|10|7|8|5|6|7|11|9|12|2|9|2|1|6|11|5|1|9|4|1|10|8|9|3|6|2|2|3|10|4|8|7|3|5|4|6|10,TRUE,2,0,
455,11,8|3|3|2|4|9|2|7|7|8|1|1|4|6|8|5|3|6|9|9|5|6|4|1|6|5|2|5|7|4|9|2|7|1|8|3,TRUE,2,0,
456,14,4|11|1|12|2|3|3|9|6|7|8|8|6|12|4|5|7|12|10|5|2|11|1|11|7|6|10|10|9|6|3|1|9|4|2|11|7|5|10|9|8|5|3|12|4|8|2|1,TRUE,2,0,
457,14,10|1|5|5|8|11|1|8|4|10|6|3|12|1|8|7|2|2|2|4|10|9|12|2|10|9|5|11|3|5|11|4|4|11|6|6|8|3|9|9|1|6|3|7|7|12|12|7,TRUE,2,0,
458,11,8|4|6|8|9|3|7|4|3|3|2|1|5|2|2|7|6|5|6|8|9|1|4|3|9|1|5|9|7|6|1|4|7|2|5|8,TRUE,2,0,
459,14,4|6|1|10|8|7|2|7|9|12|5|9|8|1|3|11|6|1|12|5|3|4|7|3|10|12|9|4|5|11|9|2|3|4|11|2|6|12|7|10|2|1|5|6|11|8|10|8,TRUE,2,0,
460,11,4|9|2|3|9|1|6|5|2|9|9|3|1|1|7|5|5|8|4|8|6|3|6|6|7|5|3|7|2|4|8|1|8|2|4|7,TRUE,2,0,
461,14,9|10|1|1|10|6|11|9|3|7|6|8|4|12|1|5|2|4|7|3|4|12|7|5|11|10|8|2|8|12|6|11|8|2|9|2|11|12|3|3|9|5|5|10|6|7|1|4,TRUE,2,0,
462,11,8|3|2|8|6|7|2|9|7|4|5|4|9|8|5|9|1|3|3|1|2|3|8|5|4|4|7|7|5|1|6|6|9|1|6|2,TRUE,2,0,
463,11,2|9|3|3|9|5|3|7|7|8|7|6|1|6|2|9|1|7|1|2|6|4|1|4|6|2|5|5|3|8|9|8|4|4|8|5,TRUE,2,0,
464,11,1|9|4|9|5|6|7|1|2|5|8|3|3|9|8|1|7|3|4|5|7|2|8|2|6|7|5|6|1|4|3|2|4|9|8|6,TRUE,2,0,
465,14,9|10|9|10|8|12|12|9|6|4|4|6|12|3|2|8|2|5|5|1|6|7|5|11|10|11|3|12|3|3|9|8|6|2|4|7|1|11|1|8|7|1|4|11|7|5|10|2,TRUE,2,0,
466,11,5|5|3|4|1|1|6|6|2|3|8|1|8|5|2|9|4|1|2|9|9|3|8|9|7|7|2|3|7|4|4|5|7|6|6|8,TRUE,2,0,
467,11,2|8|4|3|1|1|7|5|8|6|5|4|1|2|2|5|3|5|9|6|3|8|2|9|9|6|4|6|1|7|3|4|7|8|9|7,TRUE,2,0,
468,14,11|2|2|4|11|3|4|10|2|7|8|7|9|7|12|1|12|5|4|3|5|8|3|9|6|6|9|11|4|5|7|6|6|10|12|1|1|10|8|9|3|10|1|12|5|8|2|11,TRUE,2,0,
469,11,2|2|8|1|4|9|3|4|9|8|9|9|7|3|8|2|4|5|1|7|7|5|3|6|4|6|6|8|1|5|1|7|5|3|2|6,TRUE,2,0,
470,11,5|3|6|7|4|9|6|1|5|1|8|7|6|2|3|9|8|9|3|7|5|4|2|8|2|6|7|3|9|1|4|5|2|1|4|8,TRUE,2,0,
471,14,11|11|5|1|6|8|3|12|4|4|12|6|10|7|11|3|3|4|1|10|3|6|7|9|8|10|9|5|9|5|2|1|5|9|2|1|6|11|7|8|4|10|12|2|7|12|2|8,TRUE,2,0,
472,14,2|4|4|2|11|3|6|7|1|9|8|1|10|9|5|11|12|7|9|3|10|2|6|9|5|12|1|10|8|2|1|6|5|8|7|5|4|10|4|8|11|3|7|12|11|12|6|3,TRUE,2,0,
473,11,3|8|9|5|7|4|1|7|4|8|1|3|8|6|5|7|6|2|1|2|3|5|6|1|4|2|4|6|9|3|5|8|2|9|9|7,TRUE,2,0,
474,11,8|1|6|4|9|2|3|8|5|9|9|8|1|6|2|3|7|5|5|1|4|3|7|2|7|6|5|4|6|2|7|8|3|1|4|9,TRUE,2,0,
475,14,10|9|4|10|2|4|9|8|6|6|3|1|12|6|2|7|2|1|11|2|12|7|9|3|5|5|8|4|3|5|11|8|3|1|11|4|12|9|7|1|7|5|6|11|8|10|12|10,TRUE,2,0,
476,11,9|3|2|6|5|4|1|1|1|7|2|8|8|5|3|7|7|3|2|6|8|8|5|4|6|1|7|4|9|9|2|6|5|4|9|3,TRUE,2,0,
477,11,2|7|4|8|3|7|6|6|4|5|7|6|1|4|2|8|9|1|8|8|2|5|3|3|1|2|5|6|7|1|4|9|9|3|9|5,TRUE,2,0,
478,14,9|12|6|8|5|7|4|2|11|8|4|10|3|3|1|11|11|7|12|2|11|1|8|1|9|9|9|3|2|7|10|5|10|6|8|12|12|4|6|3|1|4|6|5|10|2|5|7,TRUE,2,0,
479,11,9|5|9|4|7|1|7|1|7|4|2|4|1|9|2|4|3|9|5|7|3|6|2|5|6|6|1|5|3|3|8|8|6|8|2|8,TRUE,2,0,
480,14,2|7|10|5|4|3|1|5|12|5|12|9|2|2|7|9|11|11|4|9|11|8|6|12|8|3|6|6|5|6|4|8|3|1|1|10|4|11|9|3|1|2|8|10|12|7|7|10,TRUE,2,0,
481,11,9|3|1|7|6|3|2|5|2|1|8|8|4|2|5|4|9|6|2|5|9|7|8|7|4|9|1|8|7|6|6|4|3|3|1|5,TRUE,2,0,
482,14,3|9|9|10|2|6|8|5|2|1|6|11|1|3|12|5|3|2|10|10|7|2|6|4|1|4|5|11|7|12|8|4|11|7|12|5|1|8|10|9|8|12|9|11|7|6|4|3,TRUE,2,0,
483,11,9|6|5|7|3|4|7|3|5|5|1|9|4|5|8|6|1|2|8|8|4|2|4|9|6|9|7|2|1|6|2|1|8|7|3|3,TRUE,2,0,
484,14,8|10|11|2|3|2|9|6|9|4|11|12|10|10|11|6|7|1|8|10|8|2|7|4|6|5|9|6|8|3|5|12|4|9|11|2|12|7|12|3|7|5|1|1|4|3|5|1,TRUE,2,0,
485,14,7|4|10|9|3|2|11|9|1|3|8|8|1|11|4|2|6|2|9|6|11|1|9|2|7|12|8|6|7|3|12|6|5|5|7|3|1|10|12|10|10|11|5|4|5|4|8|12,TRUE,2,0,
486,11,2|8|3|1|6|1|5|3|5|7|7|2|6|9|8|7|5|3|2|6|9|4|4|2|9|8|8|3|5|4|9|7|4|6|1|1,TRUE,2,0,
487,14,7|8|2|7|3|7|2|12|11|7|12|9|2|5|4|10|6|11|9|8|5|6|8|9|1|3|1|12|1|6|10|11|1|4|3|11|8|9|3|4|10|12|6|5|10|4|2|5,TRUE,2,0,
488,11,9|4|9|3|2|3|5|6|6|1|6|6|4|1|7|4|9|8|7|5|5|1|1|2|5|7|8|4|8|7|8|9|3|3|2|2,TRUE,2,0,
489,11,7|1|5|6|8|2|8|3|2|8|7|3|5|5|9|1|6|2|7|9|4|6|1|8|9|9|5|3|2|4|4|3|6|7|1|4,TRUE,2,0,
490,11,3|8|3|9|2|6|4|7|2|5|1|4|5|4|9|7|6|1|5|5|2|3|4|8|9|1|2|6|1|9|8|7|3|7|6|8,TRUE,2,0,
491,14,6|10|4|9|8|6|11|9|8|8|2|1|3|1|5|5|4|1|12|7|7|11|12|8|6|5|2|9|2|6|10|10|3|12|3|2|4|5|3|11|7|11|9|10|7|1|4|12,TRUE,2,0,
492,11,3|5|4|7|3|5|1|7|2|6|8|6|2|3|6|6|4|5|2|4|3|9|7|4|9|8|1|5|2|9|9|8|1|7|8|1,TRUE,2,0,
493,11,1|3|7|4|5|5|5|4|1|7|8|3|8|6|4|8|6|2|5|3|2|2|9|4|1|3|6|6|2|8|7|9|7|9|9|1,TRUE,2,0,
494,14,4|2|3|5|1|1|12|8|8|8|11|6|7|1|4|12|2|9|10|7|10|1|7|9|11|10|3|10|11|5|3|5|3|5|9|9|4|2|7|4|6|6|2|12|12|8|11|6,TRUE,2,0,
495,11,2|1|3|8|5|6|8|4|2|3|7|1|9|6|7|9|4|2|1|6|7|3|7|4|5|8|5|3|1|8|4|5|9|9|6|2,TRUE,2,0,
496,14,7|12|9|7|6|4|8|5|10|2|3|8|11|1|5|11|1|4|3|7|6|2|2|8|6|3|10|10|5|12|9|2|12|6|12|11|1|1|8|9|4|9|11|3|7|4|10|5,TRUE,2,0,
497,11,7|1|5|6|7|3|4|1|2|5|6|9|1|3|2|4|6|3|9|5|7|2|2|6|3|4|8|8|5|4|8|8|9|7|1|9,TRUE,2,0,
498,14,12|11|2|8|9|4|4|2|9|9|5|3|4|1|9|1|4|7|10|8|12|6|6|5|11|10|3|12|7|1|3|11|5|6|11|5|10|6|7|10|2|2|8|12|1|8|7|3,TRUE,2,0,
499,14,3|10|4|6|10|7|7|3|8|1|5|2|11|4|3|11|2|10|5|5|8|2|1|9|9|11|7|7|12|8|6|1|12|6|11|4|12|9|1|9|2|12|3|8|10|5|4|6,TRUE,2,0,
500,11,1|8|6|9|1|9|3|6|4|2|7|4|2|9|9|6|5|2|8|2|6|4|5|1|3|1|7|8|5|5|3|7|7|3|4|8,TRUE,2,0,
501,14,10|8|7|7|11|3|9|4|4|4|6|10|11|2|12|10|1|9|6|9|7|6|12|8|2|9|5|1|8|12|11|4|1|8|6|12|3|1|5|5|11|2|7|3|2|5|3|10,TRUE,2,0,
502,11,5|6|9|8|6|1|4|1|5|4|8|4|3|2|7|2|7|9|3|4|1|1|3|3|5|8|7|2|5|9|6|2|9|7|8|6,TRUE,2,0,
503,11,1|7|3|7|5|4|9|4|5|9|2|8|6|5|5|4|6|1|9|3|3|7|2|1|2|1|3|2|6|7|6|8|8|9|8|4,TRUE,2,0,
504,11,1|3|2|2|7|6|2|3|7|3|4|1|9|6|8|7|9|5|4|6|8|8|3|7|5|5|5|9|4|8|6|1|2|4|9|1,TRUE,2,0,
505,14,5|1|10|9|9|8|7|12|8|4|11|6|7|1|3|2|7|9|6|4|4|12|3|6|2|8|3|10|12|10|1|7|2|5|6|4|11|10|8|1|2|5|3|12|9|5|11|11,TRUE,2,0,
506,11,8|1|2|3|6|8|5|6|4|3|7|5|1|9|1|2|2|6|7|7|8|9|4|5|3|1|7|4|9|4|3|5|2|8|6|9,TRUE,2,0,
507,11,2|1|3|3|4|5|1|9|8|5|2|9|6|7|6|3|8|1|8|8|4|9|7|6|7|4|3|4|9|6|1|5|7|5|2|2,TRUE,2,0,
508,14,5|4|8|5|10|7|7|3|5|1|11|3|6|12|9|3|6|6|4|8|8|1|11|2|9|2|7|10|10|2|12|3|11|8|10|11|1|9|4|7|4|2|12|6|1|9|5|12,TRUE,2,0,
509,11,9|8|3|6|8|4|4|2|1|7|8|1|3|1|9|7|3|5|9|4|2|4|5|6|7|6|5|2|6|8|3|7|5|2|1|9,TRUE,2,0,
510,14,5|12|8|1|1|2|6|4|10|3|7|10|7|11|3|2|12|11|7|6|9|11|10|5|12|12|9|2|8|2|4|1|9|9|3|4|11|10|3|1|5|8|5|6|8|7|4|6,TRUE,2,0,
511,11,3|4|9|5|5|3|4|4|2|6|8|6|6|2|9|1|3|7|7|2|1|6|9|1|8|5|2|9|7|4|5|1|7|8|3|8,TRUE,2,0,
512,14,4|3|6|7|6|11|2|11|5|12|1|10|8|8|7|1|3|6|10|2|7|9|1|9|6|5|11|10|7|4|3|11|12|9|4|5|5|8|4|2|1|2|12|3|9|12|10|8,TRUE,2,0,
513,14,1|2|12|7|8|5|3|5|3|4|1|10|10|8|5|1|11|4|9|12|2|6|7|1|11|12|7|11|7|6|5|6|3|8|8|11|9|2|2|4|4|9|12|3|10|6|10|9,TRUE,2,0,
514,11,6|6|2|2|7|3|5|7|1|4|5|7|9|4|6|3|7|8|4|1|1|9|8|6|5|9|5|4|3|8|8|2|9|3|2|1,TRUE,2,0,
515,14,2|6|8|2|5|5|5|3|4|1|1|8|7|4|10|3|11|8|10|9|2|6|12|10|7|8|11|3|7|6|3|12|10|2|1|9|5|4|9|1|12|9|4|7|12|11|11|6,TRUE,2,0,
516,11,1|5|7|2|3|1|6|4|3|3|5|9|1|8|9|8|2|6|8|6|3|4|9|9|5|1|7|5|4|2|2|6|4|8|7|7,TRUE,2,0,
517,14,4|5|9|6|12|7|7|7|6|5|11|1|3|6|11|12|4|10|11|9|6|3|7|10|10|4|1|3|1|12|2|9|1|8|5|8|2|2|9|2|11|8|3|4|10|5|8|12,TRUE,2,0,
518,11,5|8|8|7|7|5|2|3|9|8|6|7|1|1|5|3|1|4|3|4|6|3|8|9|1|7|4|6|2|9|6|2|2|4|9|5,TRUE,2,0,
519,11,1|2|8|9|5|3|3|2|9|6|7|7|6|2|1|2|7|8|6|6|1|4|4|5|4|8|9|7|3|5|4|1|8|3|9|5,TRUE,2,0,
520,11,7|9|8|8|4|7|3|2|7|8|1|3|3|3|4|6|8|6|2|5|6|5|4|2|7|1|1|9|9|9|5|2|5|1|4|6,TRUE,2,0,
521,14,3|6|2|6|8|1|9|7|2|10|3|10|11|2|4|8|9|12|12|3|8|11|7|9|4|12|5|5|10|3|4|9|2|4|6|5|10|1|12|8|7|11|1|1|6|11|7|5,TRUE,2,0,
522,11,1|7|2|1|4|5|2|4|5|2|9|9|3|7|8|6|9|7|3|6|5|1|7|9|6|8|4|2|8|3|3|6|4|5|8|1,TRUE,2,0,
523,11,3|4|5|8|3|1|6|8|5|9|6|3|2|1|4|8|7|6|2|9|5|9|1|8|1|4|9|4|5|7|7|3|2|7|6|2,TRUE,2,0,
524,14,9|1|9|2|7|3|11|5|12|5|1|12|8|6|6|6|5|10|8|8|1|12|10|7|3|4|8|3|11|5|10|4|4|3|7|9|2|12|11|4|1|10|2|6|7|9|2|11,TRUE,2,0,
525,14,7|1|8|2|10|10|3|11|5|7|5|12|10|8|4|3|8|1|9|5|12|6|7|7|2|11|9|9|5|11|11|3|3|4|2|8|12|1|2|6|1|4|6|4|12|10|9|6,TRUE,2,0,
526,11,1|6|1|4|7|5|8|9|2|5|6|3|7|9|8|2|5|4|7|6|9|4|9|8|3|5|8|3|3|6|1|7|4|2|2|1,TRUE,2,0,
527,11,7|2|4|1|3|8|7|9|3|9|1|1|8|2|5|5|6|2|4|6|5|4|8|2|9|3|1|7|5|9|8|4|7|3|6|6,TRUE,2,0,
528,14,7|2|3|1|7|7|3|1|5|11|9|1|11|6|3|5|11|8|7|9|11|4|8|10|5|1|6|4|5|9|4|9|6|2|2|8|12|10|6|10|12|3|2|10|4|12|8|12,TRUE,2,0,
529,11,5|9|4|8|2|9|2|7|6|7|5|3|2|5|3|7|8|6|7|9|1|4|8|9|8|3|1|4|4|1|6|1|3|6|5|2,TRUE,2,0,
530,11,2|7|5|3|4|1|2|6|8|2|6|8|7|6|9|2|4|3|5|4|3|5|9|1|9|7|8|7|1|6|3|8|4|1|9|5,TRUE,2,0,
531,11,6|8|2|3|7|5|1|1|7|4|3|5|4|9|3|8|6|1|5|2|8|8|7|9|3|9|6|6|4|5|7|2|2|4|9|1,TRUE,2,0,
532,14,3|2|5|8|2|1|2|11|3|11|12|12|3|9|7|4|12|6|10|1|2|9|7|11|8|3|5|8|9|12|6|5|7|11|4|6|1|10|9|4|4|10|8|7|5|1|6|10,TRUE,2,0,
533,14,5|9|5|1|8|6|9|8|10|4|9|2|3|3|6|7|7|4|7|10|8|4|12|11|11|1|12|2|10|6|3|10|5|5|7|11|2|6|4|11|12|2|9|3|8|1|1|12,TRUE,2,0,
534,11,6|9|3|5|4|2|6|6|9|6|5|8|7|1|4|1|8|5|4|8|7|2|9|3|9|2|1|7|3|7|5|4|3|1|2|8,TRUE,2,0,
535,11,1|9|6|3|6|3|5|8|8|2|6|3|9|2|7|3|5|7|8|2|4|6|2|4|1|1|4|7|9|5|9|4|5|7|8|1,TRUE,2,0,
536,14,9|11|2|11|8|8|1|9|11|9|4|2|9|2|5|10|5|4|11|7|4|10|8|12|7|3|7|5|12|5|7|3|2|10|1|6|3|6|8|12|3|4|10|12|6|1|6|1,TRUE,2,0,
537,11,6|4|7|9|9|4|3|2|6|9|4|3|1|6|4|8|7|5|2|5|1|8|8|6|3|3|2|5|1|2|5|8|1|7|7|9,TRUE,2,0,
538,14,3|1|6|4|9|3|7|9|8|3|10|10|1|12|4|12|2|11|8|11|5|9|2|7|6|2|8|12|1|5|7|10|10|7|1|2|11|11|4|8|6|5|3|6|9|12|5|4,TRUE,2,0,
539,11,9|2|5|8|6|7|5|7|4|9|2|5|4|8|3|3|9|5|4|3|2|6|1|2|8|8|4|1|6|1|7|3|7|1|9|6,TRUE,2,0,
540,14,5|5|6|12|3|7|7|8|11|2|1|6|5|8|3|10|3|10|1|6|9|12|10|7|7|2|12|6|12|8|2|2|9|4|8|3|1|11|5|9|11|1|11|4|9|4|4|10,TRUE,2,0,
541,11,5|6|5|6|6|7|9|8|2|2|1|5|1|9|4|1|4|3|9|8|5|2|3|8|3|4|7|4|3|8|1|6|7|9|2|7,TRUE,2,0,
542,14,11|11|1|2|3|9|6|12|4|4|8|6|5|7|12|9|10|3|7|5|9|11|6|10|4|11|7|10|1|12|3|10|8|1|2|9|2|4|6|12|7|8|2|3|8|5|5|1,TRUE,2,0,
543,11,2|3|8|8|1|9|5|2|3|9|6|6|7|8|4|9|8|2|2|1|5|3|1|4|7|6|5|5|3|9|6|7|1|4|4|7,TRUE,2,0,
544,14,9|5|8|12|1|9|4|2|11|12|2|9|7|4|3|8|2|6|11|10|7|3|2|1|6|11|9|4|10|8|1|6|10|5|7|3|7|6|10|5|12|11|12|8|3|4|1|5,TRUE,2,0,
545,11,9|5|6|1|3|3|4|6|1|8|8|7|9|2|6|7|2|5|2|3|5|7|9|6|9|4|1|5|1|8|4|7|4|3|8|2,TRUE,2,0,
546,14,12|1|12|6|9|2|4|7|12|7|2|4|6|5|4|11|1|4|3|3|7|3|5|9|7|3|9|8|5|5|11|2|8|1|10|11|9|10|8|6|11|8|1|12|2|10|10|6,TRUE,2,0,
547,11,1|7|2|9|6|9|4|7|8|8|4|5|1|3|2|8|1|4|7|9|7|6|9|2|8|3|5|1|5|3|4|5|6|3|2|6,TRUE,2,0,
548,11,6|5|9|7|9|8|2|2|4|5|2|2|1|3|9|1|1|4|5|1|5|9|7|4|6|8|6|7|3|3|8|8|3|4|6|7,TRUE,2,0,
549,14,8|8|1|2|7|9|2|4|5|11|2|12|10|4|4|5|7|8|6|12|3|6|10|1|5|3|11|9|7|9|12|3|9|10|11|12|6|3|7|4|1|1|6|2|11|5|8|10,TRUE,2,0,
550,11,1|1|3|1|4|8|7|6|2|6|9|3|9|8|4|2|2|2|5|6|5|9|9|4|7|7|4|6|3|8|7|5|1|8|5|3,TRUE,2,0,
551,11,3|4|8|6|9|1|4|8|6|9|7|2|8|6|2|2|9|2|5|5|1|3|4|3|8|7|4|9|1|7|5|3|1|7|5|6,TRUE,2,0,
552,14,8|8|8|2|10|4|2|3|8|1|9|10|5|6|3|12|5|1|4|12|11|7|6|4|2|9|12|12|3|7|11|10|5|4|9|7|1|11|10|6|5|11|3|6|7|1|2|9,TRUE,2,0,
553,11,1|5|3|2|6|9|7|9|1|8|7|6|9|3|1|8|5|6|4|5|8|2|1|9|4|7|4|7|3|6|3|2|8|2|5|4,TRUE,2,0,
554,11,8|6|6|9|8|4|2|2|7|1|8|3|6|1|1|9|5|7|9|3|7|5|5|4|3|2|3|8|9|2|4|7|1|4|5|6,TRUE,2,0,
555,14,3|3|9|2|8|12|7|5|11|6|9|9|10|1|12|5|10|5|4|11|1|9|3|10|8|2|8|6|4|11|12|8|1|12|10|3|2|1|7|7|4|6|4|6|7|11|2|5,TRUE,2,0,
556,14,8|9|1|8|6|12|5|2|5|12|3|10|7|9|11|7|2|2|12|4|11|9|6|8|11|5|11|9|3|3|1|10|1|7|1|8|10|3|7|6|12|5|6|4|2|10|4|4,TRUE,2,0,
557,11,3|5|6|1|8|3|2|5|7|9|7|9|6|2|4|8|1|3|4|4|9|8|5|8|2|7|3|6|1|5|9|2|6|7|1|4,TRUE,2,0,
558,11,9|5|6|5|2|9|8|8|1|3|4|2|5|8|7|9|6|1|3|1|4|4|5|3|7|3|6|1|6|8|7|2|2|9|7|4,TRUE,2,0,
559,14,5|7|12|12|5|10|4|11|8|7|6|8|5|4|11|11|9|4|1|5|9|9|2|8|9|3|8|10|11|12|3|3|10|12|6|2|2|1|1|10|7|4|3|6|1|7|2|6,TRUE,2,0,
560,11,7|1|6|6|4|7|6|4|2|2|3|5|2|4|9|6|8|3|5|8|2|9|1|9|7|3|1|8|3|5|5|7|9|1|8|4,TRUE,2,0,
561,11,3|6|2|6|7|6|8|7|8|7|1|1|2|3|3|2|5|4|9|5|9|2|5|8|1|5|7|1|6|3|8|9|9|4|4|4,TRUE,2,0,
562,11,6|4|6|8|7|8|3|9|8|1|5|1|7|3|4|6|1|7|9|2|7|5|1|5|9|2|2|3|9|2|3|8|6|4|4|5,TRUE,2,0,
563,14,1|10|5|5|3|9|1|11|2|12|10|10|7|7|10|5|6|3|2|4|12|11|7|6|6|11|2|1|4|8|5|3|11|12|2|4|8|6|9|4|9|1|9|7|12|3|8|8,TRUE,2,0,
564,14,7|1|11|11|1|8|3|6|2|9|7|9|8|12|10|1|7|1|10|5|11|6|12|6|9|4|11|4|3|5|4|6|7|5|8|12|2|9|10|5|12|2|3|10|2|4|8|3,TRUE,2,0,
565,14,10|10|1|3|10|9|6|3|7|6|5|2|4|7|4|5|11|6|1|1|12|2|5|9|1|12|5|3|12|11|7|8|11|6|10|3|8|2|11|8|2|4|8|12|9|7|4|9,TRUE,2,0,
566,11,9|7|6|8|4|1|8|9|2|8|6|3|2|1|4|2|6|8|4|7|9|2|1|3|5|5|6|4|9|1|7|3|5|5|3|7,TRUE,2,0,
567,14,2|5|12|8|9|1|12|10|5|11|7|6|10|10|9|8|8|9|6|11|5|11|3|2|5|8|9|7|1|3|1|3|7|12|11|3|4|2|6|1|2|4|12|4|6|10|7|4,TRUE,2,0,
568,11,6|4|4|6|7|2|9|8|3|5|8|7|1|9|7|1|2|8|3|8|1|9|4|1|3|6|5|6|5|7|4|9|2|3|5|2,TRUE,2,0,
569,11,7|3|8|1|4|8|6|4|1|7|3|9|2|3|5|6|7|1|1|4|6|2|2|8|7|3|4|9|8|6|2|5|5|9|5|9,TRUE,2,0,
570,14,1|9|3|10|12|10|2|7|5|6|3|6|5|11|12|1|8|1|4|5|3|11|4|10|12|1|2|11|8|9|10|7|2|9|2|4|6|12|11|9|4|3|8|8|5|7|6|7,TRUE,2,0,
571,14,6|2|7|11|5|7|7|3|3|12|7|10|9|3|8|1|5|11|10|4|9|11|12|1|5|6|12|5|1|1|8|9|4|8|3|4|2|11|9|10|12|2|10|6|2|6|8|4,TRUE,2,0,
572,11,8|5|7|3|7|3|6|6|9|9|8|1|2|2|8|5|5|1|4|7|9|6|4|2|3|4|7|4|1|1|3|6|9|2|5|8,TRUE,2,0,
573,11,8|4|7|6|8|4|1|2|8|6|3|6|9|4|5|8|6|9|9|9|2|1|1|5|5|7|7|3|4|2|5|7|2|3|3|1,TRUE,2,0,
574,14,10|6|10|10|11|11|12|6|8|10|1|9|9|4|9|4|3|2|8|9|2|4|4|11|1|1|6|12|3|7|5|11|7|8|3|12|5|1|7|8|7|6|3|2|5|2|12|5,TRUE,2,0,
575,11,3|9|1|4|1|1|4|2|8|3|6|5|8|3|6|4|4|5|9|7|2|1|7|2|7|6|3|9|8|9|5|7|5|8|6|2,TRUE,2,0,
576,11,2|1|6|7|5|6|3|4|5|1|9|1|5|9|9|2|5|1|7|2|7|8|3|4|2|3|6|9|8|4|4|8|7|3|6|8,TRUE,2,0,
577,14,1|3|5|6|9|6|10|11|5|8|6|12|7|7|8|3|5|2|2|3|4|9|4|6|12|3|2|8|9|12|11|7|9|1|8|11|1|4|7|10|11|10|4|1|5|10|12|2,TRUE,2,0,
578,14,5|10|9|6|10|3|7|11|8|9|11|4|5|3|2|4|1|9|5|12|12|7|2|5|6|9|4|11|6|2|7|12|1|1|11|7|1|4|6|10|12|3|10|3|8|8|8|2,TRUE,2,0,
579,11,4|9|8|7|1|4|8|3|1|9|3|5|6|5|3|2|2|8|9|8|5|4|6|2|7|1|7|7|2|9|1|5|6|6|4|3,TRUE,2,0,
580,11,9|5|5|8|7|3|6|9|6|2|8|7|6|2|5|1|1|3|2|7|4|1|8|9|2|4|7|8|3|4|4|3|6|9|1|5,TRUE,2,0,
581,14,10|7|5|6|1|11|10|4|5|8|1|9|3|3|6|10|6|6|1|5|10|8|9|2|11|7|4|11|12|12|8|12|11|1|5|4|4|2|9|9|7|12|8|2|3|3|2|7,TRUE,2,0,
582,14,10|8|6|8|11|10|9|12|4|2|5|2|2|3|5|1|12|8|6|3|6|1|10|1|6|12|4|1|11|11|7|12|7|9|10|9|5|8|7|9|4|3|11|3|4|5|2|7,TRUE,2,0,
583,11,9|4|6|2|4|2|5|9|2|3|1|9|6|1|6|1|3|7|8|7|9|8|8|5|4|6|7|3|2|3|5|1|8|4|7|5,TRUE,2,0,
584,11,6|1|8|4|5|7|8|5|6|5|4|1|9|4|7|7|3|9|6|8|7|4|5|9|2|6|2|9|3|2|1|3|3|2|8|1,TRUE,2,0,
585,11,9|7|5|2|7|6|5|9|3|1|3|9|3|2|4|8|1|8|4|5|2|8|8|3|1|4|9|1|5|6|7|6|7|2|6|4,TRUE,2,0,
586,14,7|8|3|10|4|6|7|9|6|12|1|5|12|9|8|5|11|8|8|4|2|7|2|10|4|4|1|11|11|2|12|10|11|1|3|7|5|2|12|3|5|3|9|10|1|9|6|6,TRUE,2,0,
587,11,7|4|9|1|2|6|8|6|8|8|9|5|9|7|2|2|5|7|4|2|1|9|1|6|8|3|4|4|3|5|6|3|7|3|5|1,TRUE,2,0,
588,11,1|8|1|3|2|6|4|5|1|3|4|3|4|1|9|7|6|5|8|2|5|8|4|9|7|3|7|7|6|9|6|2|8|2|9|5,TRUE,2,0,
589,14,5|2|6|12|4|10|6|7|1|3|10|7|9|11|8|9|7|4|5|4|8|9|6|1|11|6|4|2|10|12|1|3|2|9|8|12|5|3|2|3|7|10|11|11|12|5|1|8,TRUE,2,0,
590,11,6|8|4|9|7|1|1|3|2|4|6|8|9|6|1|2|3|5|3|5|7|7|1|5|8|6|9|5|7|4|2|8|4|3|2|9,TRUE,2,0,
591,11,6|9|4|7|8|8|5|6|3|3|9|2|1|7|6|7|6|9|1|9|8|1|4|5|4|4|2|8|5|3|5|3|2|7|2|1,TRUE,2,0,
592,14,1|12|1|8|1|3|5|2|5|10|10|11|8|3|10|7|12|6|5|8|10|5|9|12|6|9|3|2|11|12|7|4|4|7|2|3|6|11|9|6|1|7|4|8|2|4|9|11,TRUE,2,0,
593,14,6|10|8|3|5|10|8|11|2|6|10|4|1|6|11|2|12|7|2|2|1|5|3|7|9|7|3|12|9|8|1|11|5|12|11|3|4|4|8|9|5|9|4|7|10|1|12|6,TRUE,2,0,
594,11,5|3|3|9|2|4|3|3|6|5|7|1|9|6|8|5|9|2|2|4|9|1|1|1|6|8|7|6|5|4|2|7|8|7|4|8,TRUE,2,0,
595,11,6|8|8|6|4|3|7|3|1|2|7|2|7|5|8|9|3|2|2|4|8|5|6|4|5|3|9|4|1|7|5|1|9|1|6|9,TRUE,2,0,
596,14,4|5|7|8|9|2|4|1|10|8|1|11|12|6|2|10|9|8|7|5|3|5|11|6|10|10|12|12|1|2|6|3|11|2|11|3|8|4|3|9|4|7|1|12|9|6|7|5,TRUE,2,0,
597,11,8|8|2|3|1|2|5|6|4|2|3|8|5|1|9|6|2|4|1|7|4|9|6|5|1|4|3|7|9|7|5|8|7|9|3|6,TRUE,2,0,
598,14,7|8|10|2|8|10|2|12|11|3|8|8|6|2|4|7|10|4|11|12|5|1|1|9|1|10|7|5|5|9|4|2|1|7|9|12|3|6|4|11|11|6|3|9|6|5|3|12,TRUE,2,0,
599,11,7|8|6|5|6|1|1|1|8|8|5|8|4|9|2|2|9|5|4|6|4|9|3|6|3|9|1|7|2|3|5|7|4|7|2|3,TRUE,2,0,
600,14,12|1|5|6|4|11|6|12|11|9|12|2|6|5|1|4|7|3|7|7|10|7|3|8|1|1|12|2|10|8|5|4|3|10|8|9|8|10|5|4|3|11|9|2|9|6|11|2,TRUE,2,0,
601,11,5|3|1|3|2|8|6|7|7|9|5|1|2|1|4|4|8|5|8|6|7|6|2|3|4|9|4|7|1|8|2|9|5|6|9|3,TRUE,2,0,
602,11,8|9|1|5|2|5|6|2|9|7|7|3|1|6|5|9|5|2|3|4|6|8|3|4|8|1|4|3|2|4|8|6|7|7|9|1,TRUE,2,0,
603,14,4|3|11|1|6|7|2|9|3|7|4|8|2|4|9|4|12|5|6|5|7|10|3|5|11|1|10|8|8|2|11|1|10|6|10|12|5|6|12|11|3|1|8|12|9|7|9|2,TRUE,2,0,
604,11,2|4|3|4|5|4|8|5|5|9|7|3|3|9|1|4|1|9|1|1|6|8|7|8|2|9|8|7|6|3|6|5|7|2|2|6,TRUE,2,0,
605,11,2|9|8|7|1|5|2|7|6|5|8|6|9|1|8|5|2|4|6|3|5|9|3|3|1|3|1|4|4|4|7|8|2|6|7|9,TRUE,2,0,
606,11,4|9|6|9|3|8|8|9|8|3|6|2|1|5|4|5|7|4|7|2|7|5|7|1|1|4|2|6|8|2|3|5|6|9|1|3,TRUE,2,0,
607,14,11|2|9|4|11|11|7|11|6|6|1|8|7|8|3|10|7|12|4|1|12|7|5|2|12|3|12|10|3|9|5|1|6|2|10|5|6|3|1|9|10|8|9|4|2|5|8|4,TRUE,2,0,
608,14,1|2|5|7|10|11|3|4|12|7|10|4|8|8|2|1|8|9|12|7|10|9|6|10|2|9|12|1|5|1|5|11|6|6|3|5|11|6|4|9|3|7|8|12|2|4|3|11,TRUE,2,0,
609,14,9|4|7|5|4|1|6|3|11|12|6|6|2|5|2|10|2|12|11|1|1|6|12|9|4|3|9|5|2|3|10|12|8|10|11|8|8|1|7|8|3|7|7|5|10|4|11|9,TRUE,2,0,
610,11,1|7|5|9|6|8|7|9|7|6|2|5|2|1|1|4|9|7|2|6|2|5|3|3|8|3|6|4|9|4|4|8|8|3|5|1,TRUE,2,0,
611,14,6|11|5|7|11|9|4|9|3|4|3|1|12|9|1|12|2|12|11|2|3|10|11|7|2|6|2|9|4|8|10|8|6|1|7|7|6|10|5|4|5|1|12|8|10|3|8|5,TRUE,2,0,
612,11,9|3|5|2|5|1|4|2|1|2|3|7|4|9|7|8|9|8|4|6|6|3|5|2|7|1|8|6|1|7|9|5|4|3|6|8,TRUE,2,0,
613,11,5|9|8|6|8|3|9|7|2|3|8|6|4|6|7|5|5|2|2|1|3|7|4|7|3|9|6|1|2|9|4|5|4|1|8|1,TRUE,2,0,
614,11,4|5|8|6|3|2|9|3|3|8|1|5|8|7|7|2|4|9|2|9|1|4|1|5|8|5|3|7|9|6|6|1|4|6|2|7,TRUE,2,0,
615,14,1|3|9|8|10|12|8|5|3|7|10|6|1|9|11|6|1|11|7|6|5|8|4|2|4|11|4|3|12|12|2|8|11|6|12|7|3|4|5|1|7|9|2|9|5|10|10|2,TRUE,2,0,
616,11,7|5|6|1|4|3|4|7|2|6|5|8|3|4|9|8|2|9|3|1|8|4|1|6|2|7|9|5|1|8|5|6|2|9|7|3,TRUE,2,0,
617,14,12|8|9|4|7|6|7|9|4|8|1|11|8|12|1|12|4|4|10|6|7|3|11|12|10|9|7|8|2|11|10|2|6|5|3|1|1|5|9|5|3|10|3|6|2|2|5|11,TRUE,2,0,
618,11,6|6|7|2|4|2|2|2|5|7|8|5|9|4|6|1|8|5|3|8|3|1|3|8|7|1|4|4|1|9|5|9|6|3|7|9,TRUE,2,0,
619,11,4|3|8|9|1|6|5|9|4|6|5|7|1|6|1|5|4|2|2|2|8|5|8|9|6|3|4|3|1|7|9|8|7|7|2|3,TRUE,2,0,
620,14,1|3|1|2|4|12|1|4|5|11|4|8|12|11|8|2|7|12|8|3|11|8|6|9|12|5|5|11|6|5|10|10|10|10|9|7|2|7|6|3|7|3|9|1|6|9|4|2,TRUE,2,0,
621,14,5|4|10|7|11|2|2|9|8|2|1|3|5|7|10|4|6|3|12|11|6|2|3|1|5|6|10|1|12|4|7|9|8|1|12|11|7|11|10|3|6|5|9|8|12|4|9|8,TRUE,2,0,
622,11,3|7|4|3|8|3|2|6|9|4|9|6|2|8|5|5|6|4|9|5|3|1|7|4|7|8|2|6|5|1|8|9|2|1|7|1,TRUE,2,0,
623,14,8|10|9|8|3|6|1|3|8|5|12|9|10|7|3|2|2|4|6|7|4|5|12|11|12|4|9|8|7|9|6|3|10|12|2|2|1|1|10|1|4|11|5|5|6|11|11|7,TRUE,2,0,
624,11,9|5|3|4|4|9|5|3|9|8|4|3|7|3|5|1|6|1|1|8|6|6|2|8|7|8|4|5|2|7|1|6|2|7|9|2,TRUE,2,0,
625,14,4|9|12|11|4|5|2|10|4|12|6|6|2|5|11|8|6|1|8|3|5|2|3|5|12|8|4|10|9|2|7|3|11|9|7|1|9|1|10|12|8|7|7|11|6|3|1|10,TRUE,2,0,
626,11,6|8|6|1|1|1|6|4|3|8|2|2|4|4|8|9|3|5|1|9|6|7|7|3|5|9|5|2|5|3|7|7|8|4|9|2,TRUE,2,0,
627,14,3|4|4|8|12|11|10|2|11|5|4|10|8|12|6|7|2|9|8|1|3|11|10|5|11|8|6|9|7|7|9|2|12|9|6|1|3|7|1|5|6|1|2|3|12|4|10|5,TRUE,2,0,
628,11,7|2|1|4|8|2|1|9|3|9|4|9|6|2|6|5|4|8|6|7|3|8|1|2|4|8|3|7|6|5|1|9|3|5|7|5,TRUE,2,0,
629,11,7|6|9|4|9|1|4|6|4|5|8|8|3|2|5|1|3|6|5|7|9|8|6|1|9|7|7|4|8|1|2|5|3|3|2|2,TRUE,2,0,
630,11,4|1|6|9|9|5|8|2|9|2|1|7|6|6|7|6|7|4|4|7|2|2|4|3|1|5|1|8|8|5|8|3|3|9|5|3,TRUE,2,0,
631,14,12|8|3|1|7|1|4|8|3|5|4|6|5|9|7|10|4|8|12|2|10|10|11|5|2|10|2|12|3|12|2|6|1|11|7|9|7|5|11|1|9|4|11|3|9|8|6|6,TRUE,2,0,
632,11,1|5|6|5|7|2|2|7|5|3|4|7|1|1|4|6|9|8|8|9|1|9|4|3|8|8|7|3|3|4|5|6|6|2|9|2,TRUE,2,0,
633,11,4|3|5|2|4|7|7|9|1|5|3|1|3|8|1|9|6|2|2|5|8|7|6|8|6|7|4|9|9|5|8|2|6|4|1|3,TRUE,2,0,
634,11,5|2|6|4|8|5|8|4|7|9|2|6|1|9|2|4|1|3|7|7|8|4|2|5|7|3|5|3|6|6|1|9|9|1|3|8,TRUE,2,0,
635,14,10|4|8|11|4|2|4|4|7|11|1|12|5|12|11|6|1|3|5|1|8|3|7|7|10|10|3|2|9|9|8|6|9|9|11|12|5|5|3|2|1|8|7|10|2|12|6|6,TRUE,2,0,
636,14,3|11|7|1|4|10|5|6|9|2|10|9|8|12|11|3|2|11|5|10|12|12|2|8|6|9|4|3|12|5|7|6|6|8|1|5|7|4|11|2|10|1|1|9|7|8|3|4,TRUE,2,0,
637,11,9|5|1|3|6|7|7|1|8|3|2|9|4|9|3|7|4|6|2|2|6|8|2|5|4|8|4|6|8|5|1|5|7|3|9|1,TRUE,2,0,
638,11,6|7|2|8|1|2|4|1|7|2|9|3|2|6|3|1|6|3|8|8|5|4|4|5|8|5|9|9|5|7|3|1|9|4|6|7,TRUE,2,0,
639,14,8|11|1|3|6|10|12|6|9|7|2|8|3|3|9|10|12|9|7|10|8|4|12|3|5|1|5|7|2|7|4|1|4|1|11|6|8|9|5|11|2|4|2|6|12|11|10|5,TRUE,2,0,
640,14,3|11|6|2|2|1|5|7|4|1|6|12|2|11|9|3|10|7|12|4|3|4|1|2|10|5|9|7|4|1|5|9|6|11|10|3|9|12|7|8|6|8|11|5|8|12|8|10,TRUE,2,0,
641,11,8|8|7|9|6|1|6|5|4|3|2|8|9|1|9|1|4|2|8|4|2|7|7|3|5|6|9|5|3|1|3|5|4|2|7|6,TRUE,2,0,
642,14,4|2|12|12|7|10|2|1|7|9|8|12|2|3|9|5|7|6|4|12|2|11|8|8|6|4|1|7|5|6|10|9|5|3|10|11|5|11|6|1|8|3|1|9|4|10|11|3,TRUE,2,0,
643,11,6|5|8|7|2|1|4|2|1|3|6|7|9|3|9|8|2|4|8|7|6|5|5|6|4|2|1|7|5|9|3|8|4|1|9|3,TRUE,2,0,
644,11,7|6|3|3|3|5|9|9|7|2|4|4|1|2|5|2|8|1|7|6|5|1|4|8|8|2|7|8|6|3|1|5|4|9|9|6,TRUE,2,0,
645,14,2|5|10|4|6|2|10|3|6|4|9|5|2|2|4|9|3|7|9|7|9|12|1|12|12|8|4|11|10|7|5|1|5|8|8|7|3|10|6|1|11|12|6|8|11|1|11|3,TRUE,2,0,
646,11,1|2|8|5|4|9|8|9|4|7|3|8|6|7|8|2|2|3|5|3|9|1|6|7|4|9|1|6|4|6|2|5|5|7|1|3,TRUE,2,0,
647,11,9|9|2|4|7|6|4|2|2|3|9|2|4|7|1|3|6|3|4|1|5|3|5|6|1|5|8|6|8|8|1|7|8|9|7|5,TRUE,2,0,
648,14,9|4|2|6|5|3|4|8|7|6|11|11|2|5|12|2|1|1|6|10|8|12|3|8|9|10|5|2|1|9|7|7|3|10|9|12|11|6|12|1|3|4|5|10|8|11|7|4,TRUE,2,0,
649,14,2|4|11|8|3|5|11|5|11|5|6|4|10|6|9|10|11|2|1|1|7|3|5|6|4|6|3|2|8|9|12|1|7|7|12|9|3|2|10|4|8|9|12|8|12|7|1|10,TRUE,2,0,
650,11,7|2|4|8|6|5|5|7|8|5|1|8|4|3|8|1|2|1|2|4|9|6|3|3|7|6|7|9|6|5|1|9|9|3|4|2,TRUE,2,0,
651,11,1|1|4|3|8|2|8|5|5|6|7|9|6|2|9|2|6|3|7|4|7|4|3|1|7|9|8|5|8|1|3|5|6|9|2|4,TRUE,2,0,
652,14,4|9|11|3|11|8|10|10|8|9|5|5|2|12|1|3|7|6|7|2|3|1|3|6|8|10|5|9|12|6|4|11|9|11|7|12|4|2|5|7|8|4|1|1|10|2|6|12,TRUE,2,0,
653,11,3|5|6|4|8|7|5|8|3|4|3|9|6|6|1|8|2|7|4|8|7|4|9|9|2|3|5|1|6|1|9|7|2|2|5|1,TRUE,2,0,
654,14,6|9|5|8|3|2|10|6|6|11|11|7|4|8|5|6|5|4|3|3|7|10|12|9|1|12|2|5|1|8|9|12|10|11|10|2|2|8|4|12|11|1|4|1|9|3|7|7,TRUE,2,0,
655,11,4|3|7|6|1|7|8|3|1|3|2|9|8|5|4|8|1|9|9|2|6|6|5|1|7|7|8|5|6|9|2|4|5|3|2|4,TRUE,2,0,
656,14,4|11|1|6|4|10|1|4|2|11|12|10|1|1|11|8|2|9|7|7|5|5|8|8|6|2|11|6|10|3|3|8|3|12|4|9|10|7|9|5|5|2|6|9|12|3|12|7,TRUE,2,0,
657,11,9|7|5|5|4|3|6|7|8|4|1|9|8|3|7|1|4|2|2|9|5|2|6|7|3|1|8|2|6|5|1|4|6|8|3|9,TRUE,2,0,
658,11,2|4|8|9|1|8|3|8|7|1|3|9|4|5|5|2|3|6|7|2|6|4|6|2|5|6|4|8|9|5|3|7|7|1|9|1,TRUE,2,0,
659,14,1|5|1|12|5|11|8|8|1|3|8|4|5|2|4|6|9|10|6|3|7|12|6|7|11|2|8|11|11|10|12|7|7|4|9|4|12|9|3|3|2|5|6|1|10|2|10|9,TRUE,2,0,
660,11,4|1|2|4|5|1|8|7|5|9|7|3|6|1|2|8|9|7|6|4|3|8|5|2|6|5|3|8|1|2|3|9|4|9|6|7,TRUE,2,0,
661,11,4|1|5|4|8|1|7|8|2|6|9|7|4|1|9|6|7|6|2|5|8|6|3|9|3|5|8|1|7|5|3|2|2|9|4|3,TRUE,2,0,
662,14,8|3|11|6|9|2|3|1|5|8|11|4|3|5|10|2|7|7|5|1|7|5|12|12|6|10|4|9|9|2|10|4|8|12|1|8|6|6|10|2|4|1|12|3|7|9|11|11,TRUE,2,0,
663,14,4|6|2|7|10|9|11|12|1|7|9|12|5|6|7|10|12|10|5|12|11|4|11|9|9|6|7|4|5|1|11|5|1|8|8|2|1|3|2|3|2|3|3|8|4|6|8|10,TRUE,2,0,
664,11,9|2|9|7|4|5|2|5|1|5|8|4|8|2|1|6|3|1|4|1|7|7|3|8|6|6|3|5|9|6|2|9|7|4|3|8,TRUE,2,0,
665,11,8|2|6|5|7|3|9|2|2|4|9|4|4|2|1|6|3|1|5|8|9|7|8|1|3|9|6|5|4|1|3|8|6|7|5|7,TRUE,2,0,
666,14,5|6|3|11|10|7|3|11|5|11|10|9|6|8|5|12|8|4|12|1|2|7|1|12|9|2|4|2|9|5|7|3|8|10|2|4|7|9|10|1|8|12|3|11|4|1|6|6,TRUE,2,0,
667,14,11|3|4|6|6|2|12|7|4|3|1|7|7|9|12|9|4|3|8|9|10|1|1|12|5|9|11|10|8|3|6|8|10|10|7|5|2|2|1|8|11|11|2|6|12|4|5|5,TRUE,2,0,
668,11,6|8|6|4|5|6|2|3|1|1|7|1|4|7|2|9|9|4|9|7|9|3|3|6|5|2|8|7|2|8|5|5|1|3|8|4,TRUE,2,0,
669,11,8|9|1|2|7|4|4|8|1|6|6|5|2|1|5|8|4|5|7|9|4|3|3|7|5|1|9|7|2|6|2|3|9|3|8|6,TRUE,2,0,
670,11,8|6|3|9|6|8|2|3|9|5|1|4|8|2|7|2|4|7|3|1|4|4|9|6|7|5|9|2|1|7|8|1|5|3|6|5,TRUE,2,0,
671,11,9|8|6|5|2|6|4|9|1|2|5|5|3|2|8|2|3|3|7|1|4|7|1|6|3|4|7|9|1|6|8|8|9|5|4|7,TRUE,2,0,
672,14,4|1|6|9|3|10|2|5|4|12|12|2|1|7|2|9|11|12|10|1|10|11|4|6|7|4|11|5|9|12|8|8|3|8|7|6|7|5|9|1|3|3|5|6|10|8|11|2,TRUE,2,0,
673,14,4|9|4|11|10|1|7|5|1|1|4|8|11|6|8|12|6|10|5|8|12|8|12|3|11|7|9|2|2|6|3|3|10|9|2|5|6|4|2|1|9|10|5|12|11|3|7|7,TRUE,2,0,
674,11,4|6|2|6|8|7|8|6|6|5|2|9|7|9|4|8|5|1|4|9|8|5|3|1|7|3|1|4|3|9|5|3|1|2|7|2,TRUE,2,0,
675,11,9|3|1|4|7|5|5|2|6|8|3|9|4|1|3|8|8|7|7|7|6|2|8|6|3|1|2|5|5|9|4|4|2|9|1|6,TRUE,2,0,
676,14,3|4|6|10|11|8|6|11|4|8|2|6|8|8|4|10|9|12|12|6|11|7|11|7|7|3|5|9|10|5|1|9|9|3|2|1|3|5|4|1|12|1|5|2|12|10|2|7,TRUE,2,0,
677,14,6|6|7|3|1|11|7|4|4|1|10|9|4|5|11|1|8|5|7|7|3|5|12|12|5|8|2|10|1|12|9|2|9|2|2|9|6|3|10|8|11|10|3|8|6|4|12|11,TRUE,2,0,
678,11,7|2|3|9|5|9|1|9|8|6|7|1|4|6|4|2|6|2|6|8|8|8|5|4|3|2|3|7|5|1|9|5|7|4|3|1,TRUE,2,0,
679,11,5|5|4|6|8|6|6|3|8|2|4|1|2|8|4|3|2|2|4|5|9|7|8|7|7|9|5|1|6|3|7|3|1|9|1|9,TRUE,2,0,
680,14,6|1|2|5|1|7|11|10|4|9|12|9|6|3|11|12|6|9|11|3|8|4|7|5|1|3|10|11|7|6|1|2|8|8|7|3|8|5|4|12|9|12|10|10|2|5|2|4,TRUE,2,0,
681,11,8|5|6|1|1|9|9|2|7|5|3|3|6|5|6|5|2|2|9|4|1|7|4|6|1|9|3|8|7|8|3|4|7|2|4|8,TRUE,2,0,
682,11,8|4|8|1|4|7|2|7|1|2|4|9|2|9|6|1|4|5|6|1|7|2|3|3|5|8|3|5|6|8|7|5|6|9|9|3,TRUE,2,0,
683,14,8|6|2|2|4|7|3|11|3|2|8|5|12|8|9|9|11|10|5|11|9|5|10|9|1|11|12|1|1|10|4|4|7|3|12|2|12|3|6|6|10|1|5|6|8|4|7|7,TRUE,2,0,
684,14,1|4|1|7|4|9|6|5|3|11|6|12|12|11|4|5|5|9|11|7|2|2|1|7|11|10|1|3|12|4|9|6|12|2|5|10|8|3|9|6|2|10|8|8|10|3|7|8,TRUE,2,0,
685,14,11|10|2|3|7|8|2|4|4|6|10|3|9|2|7|5|6|12|11|12|3|1|5|9|10|1|9|2|8|1|6|7|6|12|4|11|8|1|10|9|5|11|5|12|7|8|4|3,TRUE,2,0,
686,11,5|7|3|7|8|9|4|7|1|4|9|3|2|1|8|3|6|7|6|5|3|4|5|4|2|1|5|8|9|2|2|8|6|9|6|1,TRUE,2,0,
687,11,4|1|3|6|3|5|4|9|5|9|7|6|4|1|8|7|1|3|4|6|8|2|9|1|7|7|5|8|6|9|2|2|2|8|3|5,TRUE,2,0,
688,11,4|2|4|6|3|1|6|7|5|3|9|1|2|1|5|6|9|7|8|3|1|8|8|2|7|9|7|5|6|5|8|4|3|2|4|9,TRUE,2,0,
689,11,7|9|1|6|5|3|5|8|7|9|1|9|5|9|5|8|4|7|1|6|2|8|7|4|3|6|4|6|4|2|2|1|8|2|3|3,TRUE,2,0,
690,14,2|9|12|6|6|7|10|2|9|9|1|6|8|4|7|3|10|7|3|12|8|4|1|3|6|7|10|9|10|11|11|4|2|1|11|5|12|1|5|8|11|2|12|4|5|3|5|8,TRUE,2,0,
691,11,7|3|3|7|6|2|7|4|6|6|9|1|1|6|5|7|8|2|9|1|5|1|4|9|4|4|8|3|8|5|8|9|2|5|2|3,TRUE,2,0,
692,14,6|7|12|10|2|1|2|1|1|5|3|7|10|6|3|4|11|10|11|7|1|9|3|11|8|9|2|8|5|2|8|3|9|10|11|12|4|5|6|7|5|6|12|9|8|4|12|4,TRUE,2,0,
693,11,3|2|1|6|6|9|4|3|6|1|8|7|7|8|4|5|9|8|4|8|3|2|5|3|6|9|5|9|1|2|7|5|2|1|7|4,TRUE,2,0,
694,14,3|1|12|8|6|1|3|1|8|10|3|4|4|8|11|7|4|9|12|12|10|6|2|7|7|9|5|11|9|10|12|1|4|2|11|11|5|10|9|5|8|3|6|7|6|2|5|2,TRUE,2,0,
695,11,7|5|3|3|9|6|9|4|5|8|3|5|8|2|1|2|8|6|1|7|4|7|2|4|8|9|6|4|7|5|3|1|6|9|2|1,TRUE,2,0,
696,14,12|12|2|1|6|3|10|4|2|6|8|3|8|7|10|4|12|11|6|4|8|11|11|10|9|7|7|1|7|3|9|8|12|10|2|9|5|5|1|1|6|9|4|11|2|5|5|3,TRUE,2,0,
697,14,8|2|3|12|1|7|7|9|7|4|1|10|2|11|11|10|3|11|4|11|4|5|6|8|9|8|7|1|1|2|5|5|3|2|3|4|8|10|9|6|6|6|12|10|9|12|12|5,TRUE,2,0,
698,11,6|5|9|3|5|1|4|7|8|6|6|7|3|8|1|6|5|4|9|8|3|1|2|7|2|3|2|9|9|8|4|1|2|7|4|5,TRUE,2,0,
699,11,6|9|7|8|7|6|8|5|3|9|4|5|3|3|9|7|5|1|4|8|4|2|2|4|1|8|3|9|6|2|6|2|7|1|5|1,TRUE,2,0,
700,11,8|1|2|3|4|9|7|5|3|3|6|8|5|2|7|5|9|4|6|1|1|4|8|4|7|6|2|9|6|8|1|2|9|3|7|5,TRUE,2,0,
701,14,4|3|8|10|8|12|5|3|4|9|1|2|7|5|4|10|9|9|11|12|1|11|6|3|10|12|8|6|8|5|1|12|7|9|11|7|6|2|10|4|6|3|5|1|2|11|2|7,TRUE,2,0,
702,14,8|5|8|4|8|9|9|7|10|7|1|5|1|6|4|10|11|3|8|6|12|11|9|6|7|12|3|10|4|10|11|1|7|5|2|1|6|3|12|2|12|5|3|11|2|2|9|4,TRUE,2,0,
703,11,8|9|4|1|6|4|6|1|6|6|5|1|2|3|9|3|2|4|3|9|8|7|7|8|5|2|9|5|2|7|7|3|1|8|4|5,TRUE,2,0,
704,14,4|10|3|8|2|9|3|6|5|9|12|4|9|11|8|7|9|12|5|1|4|12|8|1|2|3|2|11|11|10|1|7|10|11|4|2|12|6|1|6|7|5|10|5|8|3|6|7,TRUE,2,0,
705,11,6|1|3|2|8|3|5|4|7|5|6|8|3|9|3|8|7|2|1|6|9|8|5|9|1|4|6|2|7|5|4|2|9|4|7|1,TRUE,2,0,
706,14,12|9|4|12|5|10|3|2|8|7|3|4|8|11|12|12|10|6|7|6|8|7|4|10|5|2|4|1|7|10|11|2|8|9|11|9|3|1|1|6|5|11|6|5|3|1|9|2,TRUE,2,0,
707,11,5|6|4|5|9|2|5|9|5|3|6|4|2|3|3|9|7|1|2|8|8|1|7|7|8|6|4|6|8|1|1|3|7|2|9|4,TRUE,2,0,
708,11,9|5|2|5|5|9|6|1|1|8|8|4|4|8|6|4|9|2|7|8|2|7|2|6|3|3|7|6|5|7|3|3|4|1|1|9,TRUE,2,0,
709,14,7|6|6|4|2|1|11|4|5|1|6|7|4|2|8|4|10|10|9|7|10|11|12|1|2|8|6|5|12|11|9|12|11|3|5|8|9|1|10|5|3|2|3|12|7|9|8|3,TRUE,2,0,
710,11,5|9|5|9|6|8|8|3|5|8|6|7|2|9|3|9|7|4|3|3|1|6|2|7|2|4|4|4|1|1|1|8|7|2|6|5,TRUE,2,0,
711,11,2|3|5|5|3|8|4|3|4|9|1|8|2|9|1|8|4|3|5|7|6|5|1|2|4|9|1|6|2|7|6|9|8|6|7|7,TRUE,2,0,
712,14,12|1|6|2|8|4|9|9|3|11|5|6|8|8|10|6|12|1|12|4|8|12|6|4|9|7|1|11|11|4|2|11|2|10|5|7|3|10|1|5|7|10|7|5|3|2|3|9,TRUE,2,0,
713,11,9|6|4|6|6|9|5|5|4|8|1|7|1|4|8|5|1|3|3|1|4|2|7|9|3|2|8|8|7|3|5|9|7|2|2|6,TRUE,2,0,
714,11,2|1|9|5|6|8|7|3|2|3|1|8|1|9|7|6|9|5|3|7|3|4|1|8|2|2|4|4|8|4|5|9|5|6|6|7,TRUE,2,0,
715,14,1|2|12|6|9|4|4|3|10|10|9|4|3|4|2|7|12|11|5|6|6|1|5|11|7|5|10|12|10|9|7|11|8|12|1|2|8|6|11|3|8|1|9|7|2|5|3|8,TRUE,2,0,
716,14,11|9|12|8|4|10|7|3|10|4|1|1|5|11|9|8|2|3|6|1|8|9|3|12|6|11|5|2|4|6|10|7|12|9|12|7|1|2|4|10|3|8|5|6|7|2|5|11,TRUE,2,0,
717,14,4|7|12|10|9|3|3|5|11|12|2|9|6|12|4|10|7|11|6|7|3|4|8|8|6|2|1|6|10|9|5|5|1|9|2|5|7|2|1|10|12|3|11|8|1|8|4|11,TRUE,2,0,
718,11,2|9|7|1|8|7|4|6|5|4|4|9|6|2|7|2|1|3|5|3|5|3|8|7|1|9|1|8|5|4|6|2|3|9|6|8,TRUE,2,0,
719,11,9|2|5|2|4|6|9|7|8|1|8|4|5|3|5|3|6|6|3|1|2|2|3|9|1|7|6|8|7|8|1|4|5|9|4|7,TRUE,2,0,
720,11,9|1|3|9|1|2|4|5|6|9|3|5|8|6|2|7|3|5|3|2|5|9|7|4|6|8|7|4|1|8|4|8|6|2|1|7,TRUE,2,0,
721,14,7|3|3|2|9|4|9|4|5|3|4|7|6|7|11|6|12|12|10|6|10|1|11|8|1|11|4|1|8|7|12|3|10|5|6|5|2|5|9|8|11|1|9|8|12|10|2|2,TRUE,2,0,
722,11,4|8|2|9|7|9|8|3|6|7|6|1|5|2|9|5|2|9|1|5|1|4|6|5|3|3|7|2|4|4|8|1|7|8|6|3,TRUE,2,0,
723,14,7|3|6|3|8|9|8|9|6|2|2|4|11|8|1|4|6|5|3|11|12|5|10|12|11|10|6|12|9|10|11|3|7|8|10|1|9|1|5|4|2|2|7|12|1|4|7|5,TRUE,2,0,
724,11,5|4|1|2|6|8|2|9|2|4|8|8|5|9|5|3|3|5|8|7|7|6|7|1|1|1|7|4|9|3|6|6|9|4|2|3,TRUE,2,0,
725,14,2|9|6|4|10|9|12|8|7|8|11|1|3|6|8|10|11|12|7|11|2|5|3|12|10|6|6|1|1|2|10|4|7|7|4|11|3|3|8|2|4|12|5|5|9|9|5|1,TRUE,2,0,
726,14,8|10|1|7|1|5|10|3|2|4|9|4|12|11|4|8|5|4|9|6|6|11|1|10|3|5|8|7|9|2|7|7|12|6|11|2|3|1|10|11|3|12|9|6|2|5|12|8,TRUE,2,0,
727,11,4|8|3|6|6|7|9|5|1|9|2|2|7|4|1|7|6|5|9|5|5|9|8|3|3|2|3|8|1|4|1|6|4|2|7|8,TRUE,2,0,
728,11,3|5|2|3|8|3|8|1|9|6|4|5|6|1|5|7|7|8|5|6|2|9|7|6|4|7|9|1|4|2|4|3|1|2|9|8,TRUE,2,0,
729,11,3|4|1|4|6|1|1|7|6|3|2|8|9|8|5|7|7|2|9|5|7|5|8|5|6|9|9|1|6|2|3|3|4|8|2|4,TRUE,2,0,
730,14,12|10|6|12|5|11|10|3|8|9|2|11|8|9|11|11|1|2|10|3|4|1|6|2|6|1|4|6|5|1|8|7|7|9|7|4|3|2|3|12|4|12|10|8|9|5|7|5,TRUE,2,0,
731,11,7|1|5|7|3|3|1|7|7|9|9|4|9|2|2|2|2|6|1|6|8|8|5|6|8|9|1|5|4|6|4|3|4|3|8|5,TRUE,2,0,
732,14,2|6|11|6|10|3|11|6|9|7|5|8|9|11|11|5|12|7|5|1|6|8|4|5|7|7|10|2|2|3|9|1|10|2|8|3|12|8|10|12|4|1|9|12|3|4|1|4,TRUE,2,0,
733,14,9|1|11|4|9|2|2|10|8|6|7|6|6|5|10|11|4|11|4|2|8|8|12|6|7|7|11|12|5|5|3|3|9|9|5|10|12|2|4|10|1|3|7|1|8|3|1|12,TRUE,2,0,
734,11,8|7|3|1|5|7|1|2|4|5|9|3|7|8|3|6|2|9|8|9|6|2|3|1|6|4|2|6|4|9|7|8|5|5|1|4,TRUE,2,0,
735,11,1|1|4|4|9|7|6|5|4|4|9|6|7|8|9|2|8|1|3|2|9|7|6|6|8|8|3|3|2|5|1|5|2|5|3|7,TRUE,2,0,
736,11,7|1|1|3|5|2|7|6|9|4|5|9|4|5|2|1|4|1|3|7|9|8|5|6|4|8|2|3|6|6|7|8|9|2|3|8,TRUE,2,0,
737,14,8|4|5|1|7|11|9|8|3|7|1|6|10|8|1|2|6|11|2|3|9|6|9|12|6|4|4|5|11|10|9|11|12|10|2|5|7|12|2|4|8|10|7|3|12|1|3|5,TRUE,2,0,
738,14,2|3|1|5|9|5|7|12|4|6|1|11|3|9|9|7|10|9|2|8|11|3|6|10|5|2|12|11|10|8|12|4|8|1|6|5|4|8|12|7|7|1|10|11|6|4|3|2,TRUE,2,0,
739,11,2|8|9|5|1|6|6|7|2|4|4|5|7|6|5|1|1|5|3|9|3|3|4|7|2|8|3|2|4|6|8|9|7|9|8|1,TRUE,2,0,
740,11,1|2|9|1|1|4|4|3|3|7|7|7|7|5|6|3|9|2|5|4|1|8|3|9|4|5|6|8|5|6|8|6|8|2|2|9,TRUE,2,0,
741,14,4|11|1|12|2|5|12|9|5|1|3|4|7|2|12|2|6|3|11|3|1|9|6|7|5|10|3|6|7|12|8|6|8|8|11|9|1|5|4|9|10|7|10|8|10|11|2|4,TRUE,2,0,
742,11,4|7|1|6|7|7|2|1|9|9|5|3|1|8|5|5|5|6|3|2|8|4|2|9|2|4|3|4|6|8|9|3|7|8|6|1,TRUE,2,0,
743,11,5|1|4|3|4|9|5|6|8|7|2|2|5|3|8|4|3|8|9|3|7|6|1|7|9|1|6|5|4|8|1|2|9|6|2|7,TRUE,2,0,
744,14,2|5|6|8|3|10|12|9|5|9|6|11|9|4|4|7|2|5|10|2|12|3|2|8|11|1|10|6|4|10|5|7|11|1|3|11|8|1|12|12|1|7|9|6|8|3|7|4,TRUE,2,0,
745,11,9|6|8|8|1|2|2|6|9|1|4|7|5|1|7|7|9|8|3|9|4|3|3|8|4|7|1|2|6|5|5|5|6|3|4|2,TRUE,2,0,
746,11,7|3|8|9|3|4|4|3|8|4|5|1|9|6|1|7|9|6|8|2|3|6|2|6|5|5|4|7|7|9|5|1|1|8|2|2,TRUE,2,0,
747,11,6|7|4|5|8|9|7|7|3|3|4|2|3|2|6|7|9|5|4|6|1|5|6|1|2|5|1|9|8|9|8|4|2|8|3|1,TRUE,2,0,
748,14,3|6|10|4|2|2|11|5|8|5|5|6|4|4|10|9|8|4|3|7|9|5|12|7|1|3|1|6|1|11|1|12|6|10|9|2|3|11|10|2|8|12|8|12|11|7|9|7,TRUE,2,0,
749,11,1|2|8|9|7|6|5|9|1|6|2|7|8|1|3|5|4|9|3|4|6|4|8|3|6|5|2|7|2|4|9|7|3|8|5|1,TRUE,2,0,
750,14,2|2|12|9|9|1|10|7|7|4|8|5|11|11|4|2|2|9|6|3|3|12|4|1|10|5|10|8|12|5|6|6|11|8|3|4|11|5|1|7|1|3|12|10|8|7|9|6,TRUE,2,0,
751,14,6|8|12|5|8|9|5|4|11|11|10|2|1|11|4|2|10|3|6|7|1|12|6|9|1|12|11|7|5|5|6|7|9|1|10|2|3|7|2|10|8|4|12|4|8|3|3|9,TRUE,2,0,
752,11,8|4|1|5|6|3|4|3|8|3|7|4|5|8|6|2|7|9|9|5|9|1|8|7|1|9|1|2|4|6|3|5|6|7|2|2,TRUE,2,0,
753,14,7|4|4|1|7|9|1|8|5|9|7|12|5|10|9|12|6|3|11|2|11|3|2|2|8|10|1|12|9|8|11|4|7|3|8|6|10|5|6|12|11|5|1|4|10|6|2|3,TRUE,2,0,
754,11,8|3|6|5|7|1|2|9|3|3|5|8|1|6|5|3|4|4|9|7|2|1|1|4|4|2|7|6|8|9|7|9|5|6|8|2,TRUE,2,0,
755,14,7|8|7|6|3|7|1|10|10|1|4|4|8|2|2|11|10|9|3|1|12|11|11|6|12|9|6|5|3|10|8|7|4|9|5|5|5|9|2|12|11|3|1|8|12|6|4|2,TRUE,2,0,
756,11,6|3|8|9|3|5|7|1|8|9|4|2|8|5|5|4|2|2|3|4|6|9|8|2|9|7|7|5|7|1|1|3|4|6|1|6,TRUE,2,0,
757,11,6|8|4|3|5|9|1|6|3|4|5|5|2|4|5|7|7|9|2|1|6|2|3|8|6|2|8|7|9|4|8|1|9|3|7|1,TRUE,2,0,
758,14,5|12|4|4|12|8|10|11|3|8|10|5|9|6|5|7|1|2|5|7|7|9|4|8|2|6|2|1|11|10|9|2|4|6|3|11|3|12|7|6|10|3|1|12|11|1|8|9,TRUE,2,0,
759,11,5|7|2|7|3|2|6|1|3|1|7|8|4|6|4|9|5|5|7|6|5|9|8|2|2|4|3|9|8|1|8|6|1|3|4|9,TRUE,2,0,
760,14,9|12|1|9|3|1|1|6|1|7|8|5|4|5|7|3|2|10|6|12|9|3|2|8|4|10|8|2|10|8|11|9|12|12|5|6|11|4|3|10|11|5|2|6|7|11|7|4,TRUE,2,0,
761,11,3|9|8|1|2|5|8|7|8|6|3|5|9|5|4|7|4|2|3|4|9|9|8|6|7|2|1|5|1|6|7|1|4|3|2|6,TRUE,2,0,
762,14,5|11|9|1|2|7|9|8|9|1|11|7|10|12|3|8|4|3|6|12|4|8|2|3|1|1|11|10|7|6|6|2|10|3|11|4|12|5|12|7|10|4|2|8|9|5|5|6,TRUE,2,0,
763,14,5|5|1|3|11|1|6|8|11|10|5|4|3|7|12|1|2|4|1|10|2|7|5|12|4|9|3|4|3|2|8|9|11|10|6|12|10|7|8|9|6|12|6|7|8|9|11|2,TRUE,2,0,
764,11,1|4|3|8|4|5|5|3|2|5|1|6|7|2|3|2|6|6|7|9|4|8|7|1|3|2|1|4|8|9|9|8|5|6|7|9,TRUE,2,0,
765,11,5|5|5|4|8|9|2|8|6|1|4|2|2|5|8|9|3|1|7|1|9|7|3|1|3|2|9|8|3|4|6|7|6|6|4|7,TRUE,2,0,
766,14,6|5|6|5|5|3|11|3|11|10|2|12|10|1|4|3|6|4|2|7|1|8|8|11|1|7|2|9|9|1|9|12|6|7|5|10|4|2|10|8|9|11|12|7|3|4|12|8,TRUE,2,0,
767,14,9|8|8|12|3|10|3|2|8|6|3|6|2|4|6|2|7|8|4|4|1|11|1|7|7|3|12|5|9|5|12|10|4|11|11|9|6|12|10|1|2|10|5|5|9|1|11|7,TRUE,2,0,
768,11,4|8|7|2|3|6|6|2|8|1|6|1|1|3|4|8|6|4|3|9|8|7|5|5|7|5|5|4|2|9|3|9|2|1|9|7,TRUE,2,0,
769,14,8|2|2|12|4|11|8|12|1|7|4|9|6|7|9|10|6|3|9|6|11|5|5|8|3|9|2|10|12|11|3|3|2|7|4|11|1|1|7|5|4|10|6|10|5|12|8|1,TRUE,2,0,
770,11,6|7|8|5|3|8|2|8|3|6|6|8|4|4|7|5|2|7|4|9|3|5|9|2|9|2|3|1|6|1|5|1|1|4|7|9,TRUE,2,0,
771,14,7|11|9|1|7|11|1|8|7|11|12|5|3|3|6|5|12|2|8|6|6|3|12|8|4|10|2|2|10|11|8|9|9|12|4|10|5|4|7|5|9|2|1|1|4|3|10|6,TRUE,2,0,
772,11,6|1|2|3|2|4|7|4|1|9|8|9|5|1|8|2|6|8|3|7|5|3|2|5|5|8|6|4|3|1|9|7|7|9|6|4,TRUE,2,0,
773,14,11|11|4|9|10|2|7|7|5|7|3|2|5|7|1|1|4|3|4|8|12|10|10|8|8|1|8|6|5|6|3|5|2|1|9|11|12|10|4|6|2|9|6|12|3|11|12|9,TRUE,2,0,
774,11,4|3|9|9|2|1|5|1|7|5|3|6|4|8|6|2|5|8|2|8|6|1|6|9|8|9|7|1|5|7|7|2|4|3|3|4,TRUE,2,0,
775,14,5|7|11|11|1|2|4|10|2|9|6|4|9|1|11|6|5|1|1|10|3|12|4|8|4|10|10|11|6|12|2|8|2|12|8|7|9|12|3|7|7|6|3|8|9|3|5|5,TRUE,2,0,
776,11,7|5|3|6|2|7|8|8|3|2|6|2|7|1|9|8|6|4|5|5|4|8|9|7|6|3|1|9|3|5|9|2|4|1|4|1,TRUE,2,0,
777,14,12|4|12|3|5|8|2|7|7|10|2|3|8|6|11|11|12|7|2|4|6|2|10|10|6|9|4|9|1|7|3|3|10|4|5|12|5|9|1|1|11|1|11|8|5|9|8|6,TRUE,2,0,
778,14,6|9|2|8|3|1|5|4|7|12|2|1|11|4|12|7|9|2|9|7|8|5|1|8|5|4|3|5|12|10|4|1|6|10|10|6|7|10|3|11|8|11|3|6|2|12|9|11,TRUE,2,0,
779,11,7|2|3|9|7|1|6|2|8|9|5|1|6|3|6|4|9|2|1|7|5|2|8|7|3|8|4|8|1|4|5|6|3|9|5|4,TRUE,2,0,
780,11,1|7|9|2|3|8|6|2|3|4|1|8|5|1|5|8|4|4|9|7|9|7|2|6|6|5|6|9|5|4|1|7|3|2|3|8,TRUE,2,0,
781,11,3|3|4|6|3|5|2|9|8|7|1|8|2|8|4|5|6|5|2|6|1|7|9|4|5|1|8|9|7|3|2|1|9|4|6|7,TRUE,2,0,
782,14,4|12|3|7|2|12|4|11|7|6|10|5|11|5|12|3|7|9|1|11|5|11|1|2|3|2|2|9|6|1|3|10|8|5|4|12|9|8|7|6|6|1|8|4|10|10|9|8,TRUE,2,0,
783,14,9|8|10|6|6|12|5|7|2|12|1|2|5|7|10|8|7|2|7|3|5|9|11|3|12|10|5|2|11|9|10|4|8|12|3|8|6|4|1|4|11|6|1|4|1|3|9|11,TRUE,2,0,
784,11,4|8|9|5|2|2|5|9|8|3|4|6|2|1|3|8|4|6|6|3|2|7|8|1|7|7|3|9|6|1|5|7|5|9|1|4,TRUE,2,0,
785,14,2|6|8|3|3|12|10|5|10|1|11|10|9|11|4|11|9|1|8|12|7|1|9|1|2|11|2|7|5|9|3|5|7|8|6|4|4|7|10|5|12|8|6|12|2|4|3|6,TRUE,2,0,
786,11,4|6|5|1|2|4|3|2|8|2|7|8|9|9|6|3|9|3|5|5|1|9|1|3|2|6|7|8|7|6|4|8|1|7|4|5,TRUE,2,0,
787,14,7|12|11|3|8|5|6|10|7|1|8|10|4|8|1|7|7|11|2|10|4|10|2|12|2|1|4|12|8|5|3|2|1|3|9|5|9|12|3|5|6|6|9|9|11|6|4|11,TRUE,2,0,
788,11,1|6|7|3|4|5|3|4|1|5|8|9|7|3|4|5|2|6|9|5|9|8|8|7|1|7|2|6|8|3|6|2|1|9|4|2,TRUE,2,0,
789,11,9|5|1|2|5|6|7|5|9|1|2|4|4|6|3|8|9|6|3|3|2|8|9|1|2|8|5|1|7|8|6|4|3|7|4|7,TRUE,2,0,
790,14,2|11|10|11|4|4|12|3|5|1|3|2|1|4|1|7|1|6|2|2|9|6|5|3|6|10|7|12|4|11|9|10|5|7|6|8|8|12|9|8|3|8|9|7|11|12|10|5,TRUE,2,0,
791,11,5|2|7|6|3|6|6|4|4|6|8|3|1|3|3|7|8|7|4|9|2|7|5|4|8|9|9|8|1|2|1|2|5|5|9|1,TRUE,2,0,
792,14,7|3|6|4|7|10|11|8|8|11|12|1|9|10|3|2|1|3|6|5|1|2|9|10|5|1|7|12|4|5|12|9|8|7|8|2|4|12|4|6|11|3|6|10|11|2|5|9,TRUE,2,0,
793,14,9|10|2|9|6|10|3|2|11|7|1|2|6|5|2|10|12|12|11|4|3|4|7|8|7|9|12|5|11|3|6|9|8|3|5|1|4|1|8|5|10|12|7|1|11|6|4|8,TRUE,2,0,
794,11,2|4|4|2|6|2|5|4|8|9|1|1|8|9|4|1|5|1|6|9|6|8|7|8|7|6|3|3|3|7|2|9|5|7|5|3,TRUE,2,0,
795,14,3|11|7|3|2|1|1|2|2|2|12|7|9|9|9|10|5|12|11|11|8|8|11|6|9|6|10|4|12|8|8|5|4|6|6|10|12|1|7|4|4|7|5|3|10|3|5|1,TRUE,2,0,
796,11,2|4|2|8|5|6|2|3|8|8|3|6|1|5|9|2|4|9|1|8|5|1|4|9|3|1|7|7|7|5|9|3|6|6|4|7,TRUE,2,0,
797,14,4|10|6|4|1|12|10|2|2|1|9|12|8|11|7|11|6|11|8|3|5|7|1|2|12|9|3|11|3|4|5|7|2|8|7|12|5|5|9|8|6|4|10|6|3|10|9|1,TRUE,2,0,
798,11,2|1|3|5|9|5|6|4|4|9|6|3|7|7|5|2|8|9|7|1|3|1|9|6|8|7|4|2|8|5|6|3|8|1|4|2,TRUE,2,0,
799,11,7|8|4|3|9|7|4|2|9|5|2|2|3|2|5|6|8|7|1|3|1|3|8|9|5|6|9|6|8|4|1|5|7|1|6|4,TRUE,2,0,
800,14,4|6|11|7|7|11|7|12|6|6|4|2|9|6|3|9|5|5|4|8|10|9|1|7|8|12|5|8|1|3|2|3|10|2|1|8|10|2|5|12|9|11|3|11|1|10|12|4,TRUE,2,0,
801,14,3|9|9|5|1|12|5|10|6|2|8|2|6|5|7|8|9|6|9|10|4|10|2|4|4|2|12|11|11|1|3|8|3|12|3|1|10|6|7|1|8|7|11|12|5|11|7|4,TRUE,2,0,
802,11,8|6|5|9|3|1|5|9|9|2|6|3|3|8|5|3|2|4|7|2|5|4|8|4|8|7|6|7|4|2|1|6|1|1|9|7,TRUE,2,0,
803,14,2|2|8|3|9|1|4|11|2|5|4|10|6|10|7|1|9|2|1|6|12|5|7|6|12|9|4|8|1|3|5|5|10|10|9|11|3|11|11|7|6|12|8|3|8|7|12|4,TRUE,2,0,
804,11,3|6|2|9|8|4|7|5|6|5|2|1|4|3|2|6|7|3|2|1|6|5|9|4|1|1|3|8|7|8|4|8|7|9|5|9,TRUE,2,0,
805,14,3|3|4|6|4|1|10|5|12|7|8|12|5|12|10|9|4|11|2|7|8|1|4|3|9|8|7|9|11|6|7|5|2|6|2|8|9|5|2|12|1|10|6|11|10|1|3|11,TRUE,2,0,
806,11,1|2|5|6|4|7|1|9|7|2|5|6|7|2|5|1|6|9|1|8|4|2|5|7|3|9|9|3|8|4|3|8|4|3|6|8,TRUE,2,0,
807,11,7|5|9|1|4|2|8|4|2|7|4|9|7|6|7|1|2|8|3|3|8|8|1|5|2|9|6|5|3|6|9|5|4|3|6|1,TRUE,2,0,
808,14,1|2|6|12|7|1|11|10|10|9|9|5|5|5|7|11|9|12|1|3|8|7|11|8|2|6|6|11|1|6|12|10|4|8|3|3|9|5|10|4|7|4|12|2|4|2|3|8,TRUE,2,0,
809,11,4|8|3|9|4|1|5|9|6|3|3|9|2|8|7|5|8|5|4|5|6|7|1|6|7|9|4|1|2|2|3|6|7|1|2|8,TRUE,2,0,
810,11,6|8|3|6|9|1|2|7|3|9|8|2|2|3|7|4|6|3|6|8|8|9|5|1|9|4|7|2|5|1|4|4|1|5|7|5,TRUE,2,0,
811,14,9|9|4|3|2|7|11|6|10|12|4|3|8|8|5|9|12|5|9|4|3|1|2|2|1|11|10|8|10|12|8|7|3|5|1|11|10|6|6|6|11|5|7|1|12|7|2|4,TRUE,2,0,
812,14,7|5|7|12|2|11|3|11|12|11|5|12|7|6|5|4|2|6|10|8|8|1|9|6|12|8|10|3|2|4|4|10|5|9|10|8|1|9|1|9|4|11|2|7|6|1|3|3,TRUE,2,0,
813,14,3|8|7|2|10|2|8|12|9|11|5|9|5|9|5|4|4|3|2|7|1|12|10|1|1|12|4|9|3|11|4|5|3|6|8|1|6|10|6|7|11|7|12|8|2|6|10|11,TRUE,2,0,
814,11,9|9|8|7|1|8|1|8|9|4|7|6|6|7|1|4|5|6|7|5|4|2|3|5|6|1|4|3|5|8|2|9|2|3|3|2,TRUE,2,0,
815,11,2|5|3|7|7|5|2|9|7|8|9|2|5|1|3|6|8|1|1|6|4|4|8|5|8|6|2|9|1|3|4|4|6|3|7|9,TRUE,2,0,
816,14,8|2|12|5|3|4|2|11|11|10|10|9|3|8|4|3|2|12|6|5|3|5|9|9|7|2|1|6|6|12|7|9|1|7|4|8|11|6|12|11|4|10|1|7|1|10|5|8,TRUE,2,0,
817,11,2|4|9|7|7|9|6|8|1|7|8|4|2|1|5|3|5|5|9|3|4|4|6|6|7|1|8|6|3|2|9|8|5|1|2|3,TRUE,2,0,
818,14,1|5|1|1|6|7|4|10|2|7|5|4|4|7|11|12|2|12|8|3|8|10|11|9|9|12|1|3|9|11|5|3|10|6|6|10|2|5|8|2|8|11|6|7|4|9|3|12,TRUE,2,0,
819,11,1|3|8|7|2|8|5|6|4|4|7|8|1|5|5|4|7|9|8|3|2|2|5|6|1|3|1|3|2|9|9|6|9|7|4|6,TRUE,2,0,
820,14,12|1|5|12|5|4|11|9|10|7|3|10|4|3|6|2|8|2|1|6|5|11|9|6|4|8|6|2|2|12|8|7|5|3|1|7|1|7|4|3|9|10|11|10|12|9|11|8,TRUE,2,0,
821,11,5|6|2|1|8|8|2|7|2|3|5|9|5|2|6|1|6|3|6|1|5|7|7|8|9|4|1|7|4|4|9|4|9|8|3|3,TRUE,2,0,
822,11,1|3|4|6|4|7|7|5|7|5|9|5|8|2|8|2|6|2|4|6|8|1|6|3|2|3|9|1|5|7|3|8|4|9|1|9,TRUE,2,0,
823,14,9|8|9|4|3|4|5|6|10|1|7|3|10|4|12|6|8|3|7|12|2|11|1|4|5|2|11|8|6|11|1|10|12|3|2|7|5|12|1|2|10|6|9|7|5|8|9|11,TRUE,2,0,
824,14,12|1|1|7|4|12|12|4|6|1|5|9|3|4|7|10|8|8|8|9|7|6|5|11|3|12|10|1|5|2|10|2|5|11|8|3|6|10|11|9|7|2|6|9|4|11|2|3,TRUE,2,0,
825,14,3|11|9|10|12|11|9|2|7|2|6|1|3|11|5|8|7|4|5|1|1|4|5|8|1|12|7|7|2|11|6|3|6|2|8|9|4|12|8|4|10|9|5|12|3|10|6|10,TRUE,2,0,
826,14,8|12|1|10|6|2|1|4|6|11|7|9|2|6|6|3|10|12|1|12|9|9|2|5|8|11|7|4|4|7|8|10|9|7|1|3|2|5|12|3|10|4|5|3|5|11|8|11,TRUE,2,0,
827,11,3|7|2|6|9|5|4|2|5|1|8|9|7|7|4|1|8|1|6|3|5|8|4|9|9|2|7|3|3|4|6|6|2|5|8|1,TRUE,2,0,
828,11,9|6|6|4|2|7|5|3|3|6|8|4|7|9|2|5|2|5|8|1|4|1|3|1|4|7|6|7|8|9|5|1|8|3|9|2,TRUE,2,0,
829,11,8|3|7|4|2|7|6|3|5|2|2|5|3|1|8|4|9|8|6|7|1|1|5|2|4|9|5|6|8|4|1|6|7|9|3|9,TRUE,2,0,
830,14,6|3|4|12|6|5|5|7|8|6|8|4|7|11|10|10|9|6|9|9|1|4|3|3|12|2|1|7|8|2|12|1|10|2|5|11|2|7|11|12|3|9|1|5|10|8|11|4,TRUE,2,0,
831,14,5|9|10|12|1|9|8|6|2|6|7|1|1|11|4|5|12|11|4|5|8|4|3|7|5|10|11|3|2|2|8|10|9|1|7|2|4|9|12|11|7|3|12|6|6|8|10|3,TRUE,2,0,
832,11,3|7|4|9|9|1|6|2|5|4|1|6|2|3|3|5|7|9|6|7|1|3|2|5|7|4|8|5|2|8|1|9|8|6|4|8,TRUE,2,0,
833,14,2|9|3|10|3|11|11|4|11|9|10|1|6|4|7|10|1|6|2|10|12|4|2|3|6|12|5|2|5|8|8|7|5|9|4|1|8|11|12|6|5|8|12|7|9|1|3|7,TRUE,2,0,
834,11,3|3|1|9|4|5|8|8|3|7|7|9|9|6|1|5|2|4|8|9|1|7|2|6|4|8|6|6|2|7|5|1|5|3|4|2,TRUE,2,0,
835,14,7|8|2|1|8|3|10|5|11|10|2|7|9|7|6|7|6|2|4|12|12|9|8|11|5|12|4|4|5|9|1|1|8|12|3|2|11|10|5|10|3|6|4|11|1|6|9|3,TRUE,2,0,
836,11,5|4|7|1|8|3|3|4|5|5|6|2|8|4|3|9|9|9|9|1|5|6|7|6|2|8|8|6|4|1|2|7|3|7|2|1,TRUE,2,0,
837,14,8|5|1|5|8|10|11|7|5|10|9|11|12|7|1|4|10|6|12|9|1|8|6|12|4|11|5|2|4|7|3|4|3|9|3|1|8|9|12|11|7|6|6|2|2|3|2|10,TRUE,2,0,
838,11,8|8|1|5|6|6|9|3|7|1|9|2|5|9|2|3|4|4|2|8|7|5|7|8|4|4|5|6|1|9|1|2|3|3|6|7,TRUE,2,0,
839,14,9|4|8|3|7|4|2|5|6|6|10|12|12|12|3|10|2|9|8|6|9|12|7|8|2|4|11|5|6|9|1|5|7|10|5|11|3|7|11|8|4|1|2|10|11|1|3|1,TRUE,2,0,
840,11,5|9|6|2|7|6|2|4|3|7|9|5|3|7|5|7|3|9|2|6|6|8|8|1|1|2|8|1|9|4|4|4|5|3|1|8,TRUE,2,0,
841,11,8|5|6|3|3|7|7|8|1|3|1|5|2|1|4|7|8|4|3|1|4|9|2|2|8|9|9|6|7|5|2|6|4|5|6|9,TRUE,2,0,
842,14,3|8|10|9|5|12|8|11|6|5|4|12|2|7|9|5|3|12|6|7|8|1|12|3|2|1|10|9|11|3|4|2|10|6|11|9|11|7|6|8|2|4|1|1|5|7|10|4,TRUE,2,0,
843,14,4|1|11|11|5|3|2|5|7|4|7|2|3|12|3|9|9|9|10|1|4|10|10|5|11|7|6|2|8|6|8|12|1|1|10|11|3|12|7|5|9|8|8|12|6|6|4|2,TRUE,2,0,
844,11,1|7|8|5|3|6|7|3|4|5|1|8|4|1|8|2|6|5|6|2|2|4|9|9|6|5|4|7|9|2|9|7|1|3|3|8,TRUE,2,0,
845,14,6|1|3|5|7|11|2|1|12|10|3|8|2|5|8|11|3|10|12|8|10|12|2|6|7|10|9|3|7|11|4|9|7|1|4|1|9|2|4|6|12|6|5|9|4|8|5|11,TRUE,2,0,
846,11,7|7|9|9|4|6|5|5|3|6|7|3|3|4|6|5|2|9|2|3|1|2|8|1|2|9|1|7|5|4|4|8|8|6|8|1,TRUE,2,0,
847,14,5|12|2|12|6|8|6|9|7|11|4|8|12|2|3|3|1|9|6|6|11|3|5|11|8|3|11|9|1|7|4|4|5|12|10|1|9|1|8|2|10|10|7|2|7|5|4|10,TRUE,2,0,
848,11,2|3|8|7|1|9|3|1|5|6|3|6|1|5|7|9|7|8|1|8|4|6|5|6|5|7|2|2|2|3|4|4|4|9|9|8,TRUE,2,0,
849,14,9|8|11|9|3|7|4|10|6|1|8|9|3|6|3|12|3|5|4|5|7|12|11|11|2|5|1|4|6|4|10|2|12|2|2|1|10|7|6|8|1|11|10|5|9|12|8|7,TRUE,2,0,
850,11,7|6|8|4|5|1|6|2|9|9|5|3|3|9|5|1|7|4|3|7|6|2|3|4|7|2|8|9|5|8|2|6|8|1|4|1,TRUE,2,0,
851,11,5|5|5|8|8|2|7|6|6|9|8|4|1|7|7|1|1|3|2|4|3|3|9|7|4|6|2|4|8|6|1|9|9|5|3|2,TRUE,2,0,
852,14,3|1|8|7|8|1|10|4|12|1|9|9|10|7|2|11|12|3|1|11|6|11|2|5|2|12|11|9|7|3|5|8|4|2|8|6|5|4|9|10|6|4|3|10|12|6|7|5,TRUE,2,0,
853,11,7|2|8|6|8|5|4|5|3|6|6|4|3|8|8|3|2|7|2|9|6|7|1|9|2|1|5|5|4|1|9|9|3|4|7|1,TRUE,2,0,
854,11,4|3|5|1|2|5|8|4|8|8|1|2|2|3|6|9|2|3|1|7|5|1|7|9|9|6|3|7|7|4|5|6|6|4|8|9,TRUE,2,0,
855,14,6|4|10|10|11|9|9|4|10|12|11|1|11|12|9|6|2|8|3|9|8|7|10|7|5|1|12|1|8|7|2|12|6|11|3|4|1|6|5|2|7|5|4|3|5|2|8|3,TRUE,2,0,
856,14,3|9|12|12|10|3|3|2|11|7|8|11|4|6|8|9|1|10|5|11|4|5|2|10|7|8|10|7|4|6|5|1|7|6|2|9|1|12|8|2|1|11|12|3|6|5|4|9,TRUE,2,0,
857,11,3|5|3|9|7|7|9|5|8|4|6|7|2|1|1|4|2|6|1|3|4|8|4|8|2|8|6|6|3|5|9|9|1|7|5|2,TRUE,2,0,
858,14,11|4|1|10|3|7|11|2|5|11|9|2|6|5|1|5|8|1|2|10|11|3|12|7|10|7|12|4|6|9|5|8|4|12|3|8|10|9|3|8|6|12|9|4|7|2|1|6,TRUE,2,0,
859,14,11|1|5|6|12|1|2|6|6|9|11|1|5|8|6|4|4|3|12|10|9|7|11|4|9|9|12|10|3|2|11|8|12|2|4|8|7|1|10|10|2|7|3|8|3|5|7|5,TRUE,2,0,
860,11,1|5|2|7|7|4|4|9|4|2|9|9|2|3|8|7|3|5|2|6|8|6|4|8|3|3|1|1|1|6|5|8|7|9|6|5,TRUE,2,0,
861,14,1|10|11|12|5|6|8|7|1|6|12|4|11|4|3|11|9|3|3|12|2|8|6|9|12|5|6|1|1|10|7|2|2|5|7|11|4|10|8|9|4|9|10|7|2|8|3|5,TRUE,2,0,
862,11,8|7|5|8|9|8|2|6|2|2|6|8|4|6|9|3|3|5|1|9|3|1|7|7|4|9|4|1|2|7|3|5|6|4|5|1,TRUE,2,0,
863,14,5|12|6|11|2|7|12|1|8|4|12|1|2|11|10|9|10|11|1|6|5|2|9|9|8|3|8|7|3|4|7|2|12|7|11|4|5|5|10|3|9|10|8|6|3|4|6|1,TRUE,2,0,
864,11,1|9|7|2|5|9|1|3|7|2|6|5|8|9|8|6|5|7|9|6|4|1|3|3|4|8|4|6|7|3|2|5|4|1|8|2,TRUE,2,0,
865,14,6|2|2|7|6|3|1|6|3|11|3|8|12|5|8|6|9|2|12|11|4|1|7|10|10|5|8|9|5|11|4|4|3|12|1|1|8|5|7|4|9|12|2|10|7|11|9|10,TRUE,2,0,
866,14,2|11|3|7|6|1|12|5|2|2|10|4|7|7|9|8|6|1|8|9|6|11|10|8|6|5|4|8|7|10|3|4|12|9|3|12|5|10|12|3|4|1|5|11|1|9|2|11,TRUE,2,0,
867,11,3|4|2|8|1|7|4|5|4|7|3|3|8|1|2|9|8|1|5|6|1|9|7|8|5|2|7|9|3|6|6|5|2|6|4|9,TRUE,2,0,
868,11,3|2|4|3|9|1|7|7|4|9|8|1|7|8|1|2|2|2|5|8|7|3|5|4|1|6|5|6|5|9|9|6|6|8|4|3,TRUE,2,0,
869,11,9|4|2|2|2|8|1|3|6|1|5|7|9|1|6|8|7|4|1|3|8|7|6|5|9|2|8|3|3|5|4|5|6|7|4|9,TRUE,2,0,
870,14,12|2|1|6|12|4|11|12|10|1|10|7|4|6|9|3|8|9|5|9|7|10|12|8|5|3|11|8|2|4|1|11|10|5|9|3|4|6|5|6|7|3|8|7|2|11|2|1,TRUE,2,0,
871,14,4|11|11|3|6|7|2|1|12|10|6|4|8|3|3|10|10|12|12|4|9|10|1|9|8|11|11|2|8|8|5|7|9|7|2|1|7|12|5|2|5|6|3|5|6|4|9|1,TRUE,2,0,
872,11,7|5|2|1|1|9|9|1|4|7|5|6|3|8|2|7|9|7|3|5|8|9|6|2|6|8|2|3|3|8|1|4|5|4|4|6,TRUE,2,0,
873,14,7|11|2|12|11|5|6|6|1|2|1|11|4|1|2|12|5|10|4|2|8|9|6|4|10|12|7|9|10|6|8|8|5|9|11|1|3|3|8|3|7|5|7|4|10|12|3|9,TRUE,2,0,
874,14,6|8|3|1|4|4|9|2|8|1|10|11|7|5|7|10|7|12|11|1|6|9|10|2|4|2|4|11|12|12|11|3|10|8|5|3|2|6|12|8|9|5|9|1|3|5|6|7,TRUE,2,0,
875,11,7|2|6|4|1|2|3|7|5|7|5|9|4|7|6|3|6|9|9|6|5|1|3|8|1|4|8|2|8|8|1|5|2|4|9|3,TRUE,2,0,
876,11,4|4|6|8|4|2|3|5|5|5|7|9|1|8|6|2|6|9|3|8|1|7|3|7|7|5|9|3|2|1|6|4|9|2|1|8,TRUE,2,0,
877,11,6|5|8|9|2|9|5|1|7|3|7|7|9|2|4|5|6|7|8|1|4|5|3|4|8|1|4|3|6|3|6|8|1|2|2|9,TRUE,2,0,
878,14,3|9|4|12|11|4|7|5|4|8|10|5|6|3|7|4|9|2|1|1|11|6|11|7|6|2|12|10|3|9|2|2|8|1|10|11|1|7|12|6|9|5|5|10|8|3|8|12,TRUE,2,0,
879,11,7|9|3|9|3|8|2|7|9|2|3|7|2|4|5|4|1|6|9|5|8|8|6|1|5|1|2|4|7|1|4|5|3|6|6|8,TRUE,2,0,
880,14,10|9|6|12|9|2|2|1|5|11|1|11|4|3|12|7|8|5|7|9|2|10|12|3|5|11|3|3|1|4|8|8|7|9|4|6|8|10|7|2|10|6|5|6|12|11|4|1,TRUE,2,0,
881,11,9|9|5|5|8|1|3|6|7|4|1|9|5|7|6|3|7|3|4|4|2|6|8|1|7|8|2|8|4|9|6|5|1|2|2|3,TRUE,2,0,
882,14,10|3|4|10|3|7|8|12|9|7|11|5|4|1|2|9|8|11|3|3|12|5|7|5|6|1|1|2|6|1|12|6|9|12|9|7|4|10|11|2|6|4|11|2|10|5|8|8,TRUE,2,0,
883,11,1|7|5|4|5|3|6|7|4|8|2|8|8|4|1|4|9|9|7|6|7|2|3|9|3|1|1|8|2|3|5|2|9|5|6|6,TRUE,2,0,
884,14,2|6|10|8|5|9|6|2|5|11|7|11|10|9|12|12|1|10|12|11|4|8|1|3|7|11|5|10|2|1|3|12|1|6|8|9|7|9|2|6|4|7|3|8|5|4|4|3,TRUE,2,0,
885,14,4|10|7|9|12|2|3|11|7|7|9|5|1|3|5|1|11|6|3|10|1|3|5|11|11|2|6|10|7|2|8|12|12|6|8|4|8|2|12|4|9|5|10|4|8|9|6|1,TRUE,2,0,
886,11,8|4|7|3|6|5|9|5|7|5|5|9|8|2|4|1|1|3|6|1|7|3|8|4|1|6|4|2|7|9|9|2|3|2|8|6,TRUE,2,0,
887,11,8|1|7|6|5|6|3|8|7|1|5|1|3|2|7|9|4|4|2|5|8|7|3|4|3|2|2|8|6|5|1|9|9|6|9|4,TRUE,2,0,
888,14,12|3|2|6|10|12|8|10|9|6|5|4|10|8|4|12|8|7|1|11|1|1|6|7|4|12|3|3|11|2|6|9|7|5|5|9|3|10|5|1|11|4|7|2|9|2|11|8,TRUE,2,0,
889,11,5|3|9|1|7|3|7|9|6|2|5|2|9|6|2|8|2|5|4|7|3|5|9|1|1|1|8|4|8|3|6|4|6|4|8|7,TRUE,2,0,
890,11,6|9|6|6|7|9|1|2|3|9|4|6|2|3|7|7|7|1|5|4|4|9|1|5|8|3|4|2|5|1|2|3|8|8|8|5,TRUE,2,0,
891,14,7|10|8|5|5|10|6|5|3|8|2|4|1|7|12|2|4|1|6|3|1|9|5|12|7|7|3|9|11|10|1|9|2|11|4|11|2|10|8|9|12|3|8|11|12|4|6|6,TRUE,2,0,
892,14,7|12|7|2|4|11|7|1|2|10|11|5|6|4|12|12|8|5|5|7|1|2|11|1|3|10|9|11|8|3|6|12|5|6|9|2|3|8|9|4|4|8|10|10|3|9|6|1,TRUE,2,0,
893,14,1|7|10|4|3|8|11|12|9|9|6|6|4|4|10|2|12|10|12|1|8|5|12|9|8|11|6|11|5|7|1|3|3|9|11|7|1|2|10|8|7|5|2|2|5|4|3|6,TRUE,2,0,
894,11,2|6|8|4|7|5|5|3|3|9|1|1|6|2|6|5|1|8|8|3|1|8|7|9|9|4|7|9|5|2|4|4|3|6|2|7,TRUE,2,0,
895,14,1|3|11|11|5|6|9|1|3|9|10|2|11|10|5|4|4|11|10|12|7|9|5|3|4|8|4|8|8|7|3|1|5|10|6|2|12|9|2|12|2|7|12|1|7|6|6|8,TRUE,2,0,
896,11,6|1|7|9|2|9|9|1|6|5|6|3|5|7|9|3|1|3|7|5|8|4|8|3|4|7|2|8|2|2|5|8|1|4|4|6,TRUE,2,0,
897,14,12|7|10|6|11|8|4|12|12|2|6|8|12|3|2|7|9|1|5|4|10|6|9|2|5|5|10|4|10|11|1|3|3|3|2|9|9|8|8|4|6|1|11|7|5|11|7|1,TRUE,2,0,
898,11,3|8|5|7|2|6|8|6|3|2|2|4|4|1|5|4|5|7|3|5|7|9|7|1|8|4|1|8|6|2|6|1|3|9|9|9,TRUE,2,0,
899,14,7|12|6|1|9|5|4|2|12|11|11|11|4|12|7|10|6|4|1|8|1|10|9|5|5|3|7|12|3|9|10|1|2|6|10|9|2|3|4|7|8|6|8|5|11|3|2|8,TRUE,2,0,
900,11,6|4|8|5|1|6|1|8|1|9|9|6|3|6|2|7|7|3|8|3|7|2|9|2|5|4|1|5|3|7|4|8|2|9|5|4,TRUE,2,0,
901,11,7|3|1|2|7|4|3|9|6|3|7|8|5|6|4|3|2|2|9|4|5|1|8|5|8|7|4|6|2|1|5|6|9|8|1|9,TRUE,2,0,
902,11,9|9|3|8|2|1|7|8|9|7|7|2|3|3|8|3|6|4|6|1|5|2|1|2|5|1|4|7|4|6|5|6|9|8|4|5,TRUE,2,0,
903,14,6|11|5|2|4|8|8|7|10|8|9|11|11|1|1|4|9|12|1|7|6|2|7|7|1|12|10|2|3|4|8|3|3|9|4|6|3|10|5|12|2|5|5|10|12|6|11|9,TRUE,2,0,
904,14,11|9|11|8|3|8|2|4|12|11|10|4|10|8|9|5|12|6|5|1|5|2|10|8|7|7|12|5|6|4|9|10|2|1|4|12|3|1|7|7|6|2|9|3|1|3|11|6,TRUE,2,0,
905,14,11|5|7|9|1|7|8|9|9|11|8|4|11|5|1|12|10|3|10|11|6|2|12|5|12|3|2|12|2|10|6|6|3|9|10|4|6|4|3|4|7|7|1|1|5|2|8|8,TRUE,2,0,
906,11,6|8|8|5|3|5|1|8|7|3|2|4|6|5|7|1|7|9|5|1|1|9|6|9|3|3|6|9|4|4|2|8|7|2|4|2,TRUE,2,0,
907,11,8|3|9|1|3|6|8|4|9|5|6|5|4|9|2|9|8|4|1|6|2|1|3|6|3|7|7|1|2|4|7|2|8|5|5|7,TRUE,2,0,
908,14,12|3|5|7|2|9|4|8|12|6|11|1|3|6|4|3|7|2|11|11|6|7|7|5|9|12|8|8|5|4|10|10|12|11|2|3|5|9|1|10|9|10|2|8|1|4|1|6,TRUE,2,0,
909,14,3|2|5|10|8|12|10|12|8|8|10|6|10|9|5|7|6|2|9|11|7|4|1|6|5|2|12|12|11|9|4|1|2|5|4|4|11|1|7|11|9|8|3|1|3|3|7|6,TRUE,2,0,
910,11,2|3|1|2|5|3|3|9|8|7|7|2|2|7|5|8|4|1|8|9|1|8|6|4|9|4|9|6|7|5|6|5|6|3|1|4,TRUE,2,0,
911,14,1|1|6|8|12|4|2|3|9|10|5|12|1|7|2|8|4|2|5|11|6|3|3|11|5|12|12|4|6|7|5|4|6|10|10|2|3|9|7|11|9|9|8|11|7|8|10|1,TRUE,2,0,
912,11,1|8|6|2|7|4|5|6|2|8|4|5|5|7|3|6|6|1|9|3|3|4|9|1|2|9|3|4|9|7|5|2|8|7|1|8,TRUE,2,0,
913,11,8|4|5|6|2|9|2|2|4|6|7|3|5|9|4|7|1|3|9|3|1|6|7|5|1|3|6|5|9|8|4|7|2|1|8|8,TRUE,2,0,
914,14,9|1|8|7|1|4|11|9|4|10|3|6|5|8|2|12|3|7|12|4|1|1|11|3|2|12|8|7|4|6|5|8|9|7|5|5|11|9|10|12|2|10|3|6|11|2|10|6,TRUE,2,0,
915,11,4|7|3|1|5|8|4|6|2|7|7|4|8|5|3|2|9|3|1|1|7|6|8|5|6|1|9|8|2|5|9|9|3|2|4|6,TRUE,2,0,
916,14,5|4|7|7|7|8|8|12|5|10|10|11|1|10|3|4|8|10|1|9|4|12|3|2|6|8|2|11|5|12|2|9|12|9|5|6|2|1|11|7|6|1|11|4|3|6|9|3,TRUE,2,0,
917,14,1|9|2|2|1|5|10|2|10|7|4|11|8|6|2|6|4|9|6|1|3|4|5|12|7|12|9|7|7|5|10|8|12|3|12|3|4|6|11|8|1|5|9|3|11|10|8|11,TRUE,2,0,
918,14,5|12|1|11|3|9|11|1|5|11|12|11|4|8|10|8|6|9|8|1|5|4|3|6|2|5|2|1|9|6|10|4|2|4|7|7|10|3|12|12|7|9|6|7|8|10|3|2,TRUE,2,0,
919,11,7|2|5|7|5|8|3|8|6|1|8|6|6|9|9|8|3|5|2|1|2|4|1|2|4|1|9|7|4|5|4|7|3|3|6|9,TRUE,2,0,
920,11,9|3|3|4|4|2|6|5|1|2|6|2|7|1|8|4|1|7|6|5|3|9|8|8|4|6|7|8|3|9|1|7|2|5|5|9,TRUE,2,0,
921,14,8|1|3|1|6|2|1|5|2|4|12|11|4|10|6|4|1|12|8|10|9|10|7|2|9|11|9|12|3|3|8|3|11|5|4|8|5|11|2|6|5|7|7|7|10|12|6|9,TRUE,2,0,
922,11,8|4|9|6|9|7|7|8|4|8|9|4|7|5|4|6|2|1|1|3|2|9|1|5|5|7|3|3|2|5|8|6|6|1|3|2,TRUE,2,0,
923,14,9|11|10|7|11|1|10|1|2|4|4|5|8|8|7|9|1|6|3|4|12|6|7|10|6|12|2|8|11|3|5|3|10|3|9|2|5|9|12|6|4|8|2|11|5|1|12|7,TRUE,2,0,
924,11,9|3|8|6|4|6|5|2|2|8|1|8|6|1|7|9|2|3|1|5|4|7|3|7|8|5|3|6|1|5|2|7|4|4|9|9,TRUE,2,0,
925,11,2|2|8|8|4|7|4|7|1|4|3|7|3|6|3|5|5|7|6|5|1|9|4|8|1|9|5|9|2|9|6|1|6|2|3|8,TRUE,2,0,
926,11,8|1|7|9|9|5|6|2|1|4|7|2|2|4|1|7|3|4|4|7|3|9|8|8|5|8|3|9|5|6|6|5|3|6|2|1,TRUE,2,0,
927,14,12|6|1|11|4|8|2|2|4|7|11|11|8|1|7|2|9|12|6|3|7|3|5|11|8|10|4|5|1|5|6|9|12|2|4|1|10|7|12|3|9|8|6|9|10|3|5|10,TRUE,2,0,
928,14,2|5|8|12|2|3|7|11|1|8|7|6|12|6|3|9|11|3|9|3|5|11|12|7|10|6|4|4|2|1|4|2|12|10|11|8|1|10|10|5|9|6|1|4|5|7|8|9,TRUE,2,0,
929,14,6|8|4|11|1|3|2|3|2|6|1|3|11|12|9|5|1|7|11|2|8|10|2|8|11|7|9|12|1|6|12|10|9|9|6|7|10|8|4|5|4|10|4|12|5|3|5|7,TRUE,2,0,
930,11,5|4|6|9|4|8|3|9|5|6|2|4|4|8|8|3|9|3|7|8|9|1|1|2|7|5|1|5|3|2|7|1|6|6|7|2,TRUE,2,0,
931,11,1|2|5|5|4|2|1|2|7|8|9|4|9|6|1|7|3|6|6|5|4|5|9|3|2|4|3|7|3|6|8|9|8|7|1|8,TRUE,2,0,
932,14,1|9|10|9|3|5|5|7|11|4|5|7|10|2|3|8|2|12|3|4|6|12|6|9|9|11|1|6|5|7|8|2|3|6|4|12|7|1|4|12|11|2|11|10|8|10|8|1,TRUE,2,0,
933,11,4|1|2|9|3|3|8|2|5|9|5|1|9|2|9|6|6|8|1|6|4|1|3|6|7|4|7|8|3|8|7|7|4|5|5|2,TRUE,2,0,
934,11,9|6|7|3|3|3|7|5|5|3|4|7|2|8|4|1|4|8|6|2|2|5|1|8|5|1|6|8|7|9|9|9|6|2|4|1,TRUE,2,0,
935,14,5|10|8|11|12|9|6|3|9|7|10|3|7|10|1|8|4|1|10|8|9|3|9|8|4|12|12|6|6|7|4|1|7|11|4|2|5|5|11|3|2|6|12|5|11|2|1|2,TRUE,2,0,
936,14,4|6|12|10|1|9|5|7|7|5|10|2|11|5|6|4|11|12|9|12|8|12|6|4|3|2|4|3|10|6|2|9|1|7|10|1|3|8|5|8|7|1|11|3|8|11|9|2,TRUE,2,0,
937,14,3|9|4|5|1|6|3|7|9|7|11|3|10|5|1|12|7|3|1|10|1|6|4|12|11|11|4|5|12|10|2|4|8|9|5|9|8|12|6|2|6|10|2|11|8|7|8|2,TRUE,2,0,
938,14,7|1|2|3|9|9|3|5|12|4|7|8|2|1|8|10|8|5|10|12|7|11|11|4|4|12|2|3|1|1|6|11|10|9|5|6|7|8|6|6|5|2|3|11|12|10|4|9,TRUE,2,0,
939,11,5|9|1|6|8|9|1|8|8|2|2|4|1|1|4|5|7|5|4|3|3|2|8|6|9|3|5|2|7|6|7|3|9|7|4|6,TRUE,2,0,
940,11,9|3|6|5|5|1|9|8|4|7|8|3|1|2|8|1|7|4|2|2|9|6|6|9|3|4|8|7|1|2|3|5|7|6|4|5,TRUE,2,0,
941,14,2|10|4|4|12|3|2|5|5|12|10|2|8|7|4|10|7|6|3|2|6|6|5|7|3|12|8|12|5|1|9|7|11|1|4|1|10|11|11|3|9|11|9|6|9|1|8|8,TRUE,2,0,
942,14,5|3|4|11|5|6|11|2|6|6|1|7|10|2|8|9|5|8|8|12|3|9|3|1|12|6|2|4|7|9|10|1|12|1|3|8|10|7|12|5|11|11|9|4|7|4|10|2,TRUE,2,0,
943,11,1|7|4|3|6|4|7|2|5|3|5|3|6|3|1|7|4|9|9|2|8|7|6|5|2|4|9|6|8|1|8|9|1|8|5|2,TRUE,2,0,
944,11,8|2|4|1|2|3|8|6|7|4|1|8|3|2|1|1|2|8|3|3|4|5|6|9|6|6|5|5|9|7|9|9|5|4|7|7,TRUE,2,0,
945,14,6|7|4|12|10|1|9|2|5|11|8|12|3|9|5|11|1|1|10|2|10|8|6|11|8|5|12|5|7|12|2|4|4|3|7|9|9|7|11|1|3|2|8|10|6|6|3|4,TRUE,2,0,
946,14,12|6|3|4|6|12|11|7|5|3|8|9|11|3|8|9|8|1|10|10|5|1|2|6|2|4|2|2|4|7|12|5|10|11|10|7|6|9|12|11|9|8|1|4|5|7|1|3,TRUE,2,0,
947,11,9|4|3|5|8|2|3|7|5|7|6|4|6|5|1|9|6|1|6|9|8|9|8|3|4|2|5|7|7|2|1|3|1|4|2|8,TRUE,2,0,
948,11,4|9|2|5|2|5|3|2|7|1|3|3|7|3|5|8|4|2|6|6|6|6|9|1|4|7|7|9|8|8|5|1|8|1|4|9,TRUE,2,0,
949,11,2|3|7|8|6|1|5|3|6|9|5|8|4|5|5|2|4|1|8|2|8|4|6|3|9|1|7|9|7|9|3|7|1|4|2|6,TRUE,2,0,
950,11,1|2|6|2|8|9|1|1|4|8|2|8|4|3|9|6|6|1|7|7|3|2|5|5|3|5|3|4|6|5|9|8|4|7|9|7,TRUE,2,0,
951,14,9|12|5|7|7|9|12|10|10|7|7|9|5|12|8|5|11|2|9|6|12|3|3|4|1|1|10|3|6|3|6|6|4|4|2|1|2|11|2|11|8|10|1|11|4|5|8|8,TRUE,2,0,
952,14,10|1|7|5|3|1|2|12|3|5|5|7|11|12|5|6|8|10|3|12|11|8|9|10|7|2|8|8|10|9|11|11|2|6|12|4|6|4|3|9|2|4|1|1|6|4|9|7,TRUE,2,0,
953,14,9|2|4|7|9|1|4|10|2|2|11|11|12|1|11|10|7|4|1|5|10|6|8|8|3|5|8|4|7|3|5|1|3|9|8|10|5|2|12|6|6|9|3|12|12|7|6|11,TRUE,2,0,
954,11,2|4|2|3|7|4|4|1|6|8|9|5|1|8|1|5|9|6|6|2|5|6|9|9|7|5|8|4|2|3|1|7|3|8|3|7,TRUE,2,0,
955,11,3|5|4|2|2|3|6|9|1|5|9|7|6|8|3|3|6|6|2|8|8|7|7|9|8|4|5|7|1|9|2|1|4|4|1|5,TRUE,2,0,
956,14,11|11|12|9|11|2|4|3|9|7|8|7|10|12|3|5|1|10|3|7|6|6|4|12|2|5|11|10|5|10|1|9|6|4|5|8|6|8|2|3|9|7|12|8|2|1|4|1,TRUE,2,0,
957,14,9|11|6|7|1|5|2|6|12|11|5|4|8|5|10|2|7|3|12|1|11|8|1|10|9|7|9|12|4|4|6|12|10|9|8|4|3|3|2|1|2|10|8|6|5|11|7|3,TRUE,2,0,
958,11,3|3|5|3|5|8|4|8|9|4|9|2|7|8|6|1|2|4|8|6|7|2|1|1|7|2|9|7|5|9|5|6|4|6|1|3,TRUE,2,0,
959,11,3|1|1|6|9|8|5|2|5|8|6|7|2|2|4|5|3|7|5|9|6|7|7|8|3|9|1|6|3|4|4|1|8|9|2|4,TRUE,2,0,
960,14,6|5|2|3|7|6|11|1|8|12|10|8|3|4|12|2|2|4|4|11|9|7|11|9|5|8|11|5|10|3|5|12|12|7|9|1|6|1|6|9|4|10|1|3|7|2|10|8,TRUE,2,0,
961,11,9|5|5|1|2|1|8|6|4|7|2|5|3|9|7|3|3|7|2|3|9|8|2|4|6|8|6|1|1|4|9|8|4|6|5|7,TRUE,2,0,
962,14,8|8|6|3|5|1|10|7|9|11|12|10|5|2|8|6|7|4|11|10|3|12|2|1|2|10|9|5|4|9|7|3|11|12|4|1|12|7|8|5|4|3|6|1|6|9|11|2,TRUE,2,0,
963,11,9|4|6|2|9|8|4|5|5|5|7|7|6|8|6|1|3|1|7|2|4|4|3|3|7|5|1|8|9|2|9|6|8|2|1|3,TRUE,2,0,
964,14,2|1|2|3|2|3|8|5|6|7|11|9|8|9|9|10|2|7|5|1|3|10|8|7|6|11|11|9|4|5|10|12|6|7|12|4|1|3|12|10|12|1|6|5|4|11|8|4,TRUE,2,0,
965,14,4|6|4|9|7|11|11|5|8|12|11|1|1|2|12|2|1|2|3|5|10|12|9|3|9|6|10|6|8|3|3|6|9|11|7|7|5|1|8|4|10|2|8|7|10|4|12|5,TRUE,2,0,
966,11,8|6|5|6|7|7|3|2|2|4|6|8|3|9|1|1|7|8|4|3|9|5|6|1|1|4|4|3|5|2|9|8|2|9|7|5,TRUE,2,0,
967,11,4|7|5|8|1|1|5|8|2|5|9|7|8|2|4|2|3|2|4|9|8|1|6|6|6|6|7|4|1|3|7|3|3|9|9|5,TRUE,2,0,
968,14,7|12|8|3|11|12|2|8|10|5|6|6|5|2|1|4|6|7|4|5|1|9|9|5|12|10|8|8|7|12|9|2|10|11|3|10|2|1|11|1|3|7|6|3|11|9|4|4,TRUE,2,0,
969,14,1|5|4|12|12|10|1|1|6|3|10|2|3|9|9|10|6|8|7|5|8|2|7|12|11|2|1|11|4|12|9|8|11|11|5|10|4|8|6|2|7|6|9|5|4|7|3|3,TRUE,2,0,
970,11,1|2|6|6|9|2|1|9|7|9|4|6|6|8|4|1|9|3|5|7|2|8|7|7|4|8|5|5|2|5|1|8|3|3|4|3,TRUE,2,0,
971,14,8|5|6|8|4|6|6|9|2|3|4|7|11|2|5|5|3|3|4|10|1|2|10|12|11|3|9|12|9|9|7|1|5|10|1|6|7|12|4|7|11|8|8|11|10|1|2|12,TRUE,2,0,
972,11,9|6|4|8|7|3|9|3|2|2|8|6|4|2|1|1|5|4|2|8|6|5|9|3|1|8|7|1|3|7|7|5|4|5|9|6,TRUE,2,0,
973,14,3|10|6|8|9|7|5|7|12|12|1|8|2|6|4|4|3|9|5|11|12|1|1|6|3|12|11|10|5|11|10|8|3|8|11|9|1|7|2|10|2|4|5|2|7|4|6|9,TRUE,2,0,
974,11,9|1|4|1|3|9|8|8|7|8|4|4|7|3|2|8|2|9|5|3|5|6|6|4|1|7|2|6|3|5|5|1|2|7|6|9,TRUE,2,0,
975,11,6|5|5|9|9|4|6|4|7|2|6|5|5|9|6|3|9|2|8|3|7|8|4|7|1|3|1|2|1|4|8|1|8|3|7|2,TRUE,2,0,
976,14,7|10|9|1|2|4|10|7|6|8|10|6|4|1|6|7|12|2|4|4|2|11|9|5|11|3|5|9|12|1|8|1|10|12|3|9|3|2|12|11|11|5|8|6|7|5|8|3,TRUE,2,0,
977,14,2|1|3|12|5|5|6|1|1|7|12|10|4|6|6|8|11|7|12|4|11|2|10|7|11|7|2|4|1|12|10|6|9|3|3|5|11|2|5|8|10|3|8|9|9|9|8|4,TRUE,2,0,
978,11,6|9|9|5|3|4|9|3|5|5|6|4|4|6|6|7|8|1|2|7|3|3|2|2|7|9|7|1|8|4|1|1|8|8|2|5,TRUE,2,0,
979,14,8|5|5|9|11|9|2|10|10|8|9|12|2|5|4|12|11|11|6|2|10|4|1|3|8|4|1|6|12|6|3|8|7|2|4|7|3|1|6|1|10|12|11|7|7|3|5|9,TRUE,2,0,
980,11,1|3|2|8|1|2|6|5|8|3|9|9|3|7|2|5|8|4|6|5|7|4|5|1|7|6|9|9|4|6|8|4|3|2|7|1,TRUE,2,0,
981,11,7|3|1|9|3|2|5|6|7|1|8|7|2|1|8|4|2|4|6|9|3|9|4|6|8|9|4|3|2|5|5|1|7|8|5|6,TRUE,2,0,
982,14,12|1|4|9|2|4|2|3|11|4|6|2|10|7|10|6|6|1|4|11|9|5|10|11|12|8|8|7|12|5|8|9|3|3|11|5|12|8|1|7|6|1|5|3|7|9|10|2,TRUE,2,0,
983,11,7|9|1|4|9|6|8|5|6|2|4|2|8|7|6|8|1|8|5|2|4|1|9|7|4|9|1|7|6|2|3|5|3|5|3|3,TRUE,2,0,
984,14,1|6|2|4|6|12|1|6|6|2|8|10|12|12|11|5|7|2|5|7|9|3|9|1|5|7|3|12|3|10|9|4|10|11|11|11|8|4|8|4|5|2|10|9|8|1|7|3,TRUE,2,0,
985,14,8|2|6|11|11|12|12|11|1|6|10|3|3|4|4|5|12|9|7|3|4|8|2|11|8|7|8|2|10|5|10|9|4|9|3|10|6|1|1|1|6|9|7|5|2|12|5|7,TRUE,2,0,
986,11,7|6|9|8|4|9|7|6|9|2|2|1|8|5|3|9|4|4|5|6|8|1|2|3|7|1|4|6|3|7|2|3|5|5|1|8,TRUE,2,0,
987,11,5|6|1|9|9|4|2|6|1|3|9|2|5|8|4|4|2|7|5|5|7|7|4|7|6|1|3|8|1|2|8|3|8|6|9|3,TRUE,2,0,
988,14,12|8|5|1|12|5|7|10|10|11|1|3|7|7|4|11|12|1|6|5|6|2|2|2|4|12|11|3|3|10|9|4|8|4|7|11|1|2|6|5|8|3|6|9|9|10|9|8,TRUE,2,0,
989,11,5|4|7|3|8|9|3|1|6|2|8|7|3|6|4|1|5|6|2|6|2|9|4|7|8|5|3|2|1|1|7|4|9|5|9|8,TRUE,2,0,
990,14,6|6|11|10|4|5|9|12|1|1|7|7|6|2|11|5|8|3|12|3|2|3|4|9|9|5|10|8|8|12|4|7|4|12|8|9|2|10|1|6|11|2|1|11|10|5|3|7,TRUE,2,0,
991,11,1|6|1|9|3|9|4|7|9|5|6|2|1|6|6|5|4|4|3|8|2|2|7|7|3|5|8|9|2|7|8|8|3|4|5|1,TRUE,2,0,
992,14,12|3|2|1|5|6|11|5|5|3|7|12|2|9|10|4|12|10|3|4|9|7|1|11|8|7|8|8|11|10|5|8|2|6|10|11|1|9|1|4|3|4|9|6|2|7|12|6,TRUE,2,0,
993,14,11|2|4|12|10|6|11|5|1|4|3|1|5|10|1|9|6|3|1|12|7|7|8|11|4|4|9|3|7|11|12|5|2|10|8|9|9|12|5|6|8|7|10|3|6|2|2|8,TRUE,2,0,
994,11,1|2|2|8|8|5|6|4|4|8|1|7|9|5|6|7|9|7|3|9|1|2|3|7|5|5|2|3|9|6|6|8|4|1|3|4,TRUE,2,0,
995,14,8|5|5|8|7|6|10|11|10|4|3|2|10|2|3|12|12|4|9|5|6|8|8|9|7|12|9|6|3|1|7|11|2|12|9|11|1|4|3|7|10|11|6|1|5|2|1|4,TRUE,2,0,
996,11,2|3|7|1|1|2|7|5|5|8|4|1|3|3|9|6|6|7|5|5|8|1|9|8|7|4|9|8|2|6|4|3|2|9|4|6,TRUE,2,0,
997,14,4|12|5|12|4|1|9|7|12|10|8|1|2|8|10|11|9|4|3|6|6|10|11|8|12|7|7|5|4|5|2|9|10|7|3|11|3|1|2|9|5|1|6|11|6|3|8|2,TRUE,2,0,
998,14,6|2|4|1|8|12|10|1|6|7|12|1|6|7|2|9|10|4|10|10|3|8|9|3|8|11|4|1|5|9|5|2|9|2|3|5|12|3|6|11|11|5|7|12|11|7|8|4,TRUE,2,0,
999,11,9|7|5|8|3|9|9|5|8|8|1|5|7|6|2|7|4|6|2|7|1|4|2|9|5|3|1|3|1|6|4|2|3|4|8|6,TRUE,2,0,
1000,11,6|6|9|1|2|3|5|9|1|1|2|6|8|7|8|5|5|8|2|5|7|4|2|7|7|8|3|4|4|9|1|6|3|4|9|3,TRUE,2,0,
1001,14,1|10|1|8|11|6|7|5|2|8|11|5|4|5|9|8|7|6|12|10|1|9|2|3|2|4|8|12|11|6|3|3|4|10|11|10|3|9|7|6|12|5|12|7|1|9|4|2,TRUE,2,0,
1002,11,5|5|8|3|6|9|2|8|7|1|6|8|3|7|9|4|5|1|9|4|6|6|1|3|2|1|9|3|7|5|8|2|7|2|4|4,TRUE,2,0,
1003,14,12|12|7|6|2|8|10|5|1|5|8|10|9|7|2|12|5|10|1|7|12|4|7|4|4|8|2|5|9|3|4|3|6|8|3|1|11|6|11|6|9|10|1|2|3|11|11|9,TRUE,2,0,
1004,11,3|2|2|7|6|4|8|4|7|5|1|1|8|5|9|9|6|3|2|5|9|2|4|3|6|1|8|9|8|6|7|1|3|5|7|4,TRUE,2,0,
1005,11,3|7|6|1|6|5|3|9|5|4|6|7|9|1|9|4|3|3|4|5|8|1|6|7|2|2|4|7|2|8|9|8|1|2|8|5,TRUE,2,0,
1006,14,11|2|4|8|10|5|3|9|9|3|8|4|10|8|12|10|11|1|5|1|1|11|9|6|3|11|2|2|4|5|2|12|6|9|7|5|4|1|6|6|7|12|7|7|8|10|3|12,TRUE,2,0,
1007,14,1|9|10|6|2|2|10|11|8|12|1|3|5|11|4|8|11|7|4|10|8|9|6|7|6|5|2|7|12|3|3|2|4|5|9|9|10|12|8|11|12|7|3|5|6|1|4|1,TRUE,2,0,
1008,11,8|4|7|1|7|6|2|1|5|4|4|7|9|8|9|6|3|1|7|1|2|8|6|9|5|6|2|9|5|5|3|8|3|3|4|2,TRUE,2,0,
1009,14,10|2|11|3|1|2|3|4|5|12|12|6|4|9|4|5|3|7|9|7|11|1|2|4|12|7|10|1|11|2|9|8|11|8|7|6|9|8|6|3|1|8|6|5|10|10|12|5,TRUE,2,0,
1010,11,3|2|4|9|1|7|7|6|6|6|5|7|7|1|5|8|8|9|8|4|4|2|9|3|2|2|1|5|6|3|4|9|8|5|3|1,TRUE,2,0,
1011,11,2|2|5|3|6|4|9|4|8|6|8|9|4|1|5|5|7|1|5|3|8|6|2|7|2|1|1|4|3|9|6|7|8|3|9|7,TRUE,2,0,
1012,14,6|5|10|1|6|4|5|9|7|10|8|1|2|8|10|10|9|12|11|6|3|3|7|3|7|3|4|12|8|2|9|11|8|2|4|9|1|11|6|12|11|2|5|7|5|1|12|4,TRUE,2,0,
1013,14,5|7|5|6|9|3|3|1|2|11|7|12|1|4|7|9|7|4|4|1|12|2|6|6|8|2|5|1|11|2|9|5|10|12|12|10|3|11|8|10|6|4|3|10|9|8|11|8,TRUE,2,0,
1014,11,1|9|1|3|4|6|5|3|7|6|5|7|2|5|8|4|9|2|1|3|9|7|9|8|2|3|2|1|7|4|5|4|8|6|6|8,TRUE,2,0,
1015,11,5|7|9|1|9|2|7|5|9|1|8|2|1|4|3|3|7|4|6|3|8|3|8|7|2|4|9|6|4|6|5|2|1|6|8|5,TRUE,2,0,
1016,14,1|7|3|6|4|8|10|3|6|8|5|2|1|2|7|12|12|5|9|3|5|6|10|6|10|10|1|2|4|7|8|9|4|11|5|11|12|11|7|1|4|2|11|9|12|3|9|8,TRUE,2,0,
1017,14,12|11|3|10|2|2|3|3|1|6|10|9|1|5|4|11|9|5|8|8|2|7|7|11|6|6|5|9|7|10|3|4|11|9|7|8|1|4|1|10|12|6|12|5|12|4|2|8,TRUE,2,0,
1018,11,4|2|5|2|8|1|3|1|8|4|6|9|3|7|7|4|8|3|9|2|3|1|6|6|6|7|5|1|5|7|4|9|2|9|5|8,TRUE,2,0,
1019,14,7|2|12|5|7|9|3|4|4|8|2|11|10|11|4|8|6|12|1|7|2|6|3|5|10|7|4|8|11|1|9|12|9|2|8|9|5|11|5|1|6|1|3|3|10|6|12|10,TRUE,2,0,
1020,11,1|4|6|5|1|9|2|1|7|2|3|1|2|7|5|6|2|8|3|4|5|6|6|8|5|7|9|3|4|9|8|7|3|8|9|4,TRUE,2,0,
1021,11,2|6|4|5|5|6|4|5|2|3|6|5|4|7|7|8|1|9|8|6|1|9|8|7|8|1|3|2|1|7|9|2|3|3|9|4,TRUE,2,0,
1022,11,6|7|2|4|5|8|6|8|9|7|1|3|4|5|3|2|4|6|7|2|7|4|9|5|2|9|8|3|1|1|9|3|5|1|8|6,TRUE,2,0,
1023,14,10|8|4|11|8|2|12|1|1|6|4|11|12|9|8|4|3|11|3|2|6|2|4|12|7|8|5|5|3|10|5|9|9|3|6|2|5|7|1|10|12|11|10|9|7|7|6|1,TRUE,2,0,
1024,14,6|3|11|4|1|2|1|1|5|7|7|5|1|10|6|2|4|11|10|10|8|8|2|2|4|11|12|12|7|9|3|8|8|9|12|5|12|9|3|10|5|4|6|6|3|7|9|11,TRUE,2,0,
1025,14,8|3|9|12|10|5|8|4|3|5|6|12|6|12|4|6|11|5|7|5|9|2|1|7|2|1|1|12|2|9|4|10|3|1|8|4|11|11|10|6|7|2|11|3|8|10|9|7,TRUE,2,0,
1026,14,7|1|1|10|6|4|8|9|11|10|1|7|5|10|2|11|9|3|7|12|9|5|3|11|4|9|2|5|12|2|1|3|12|6|11|6|2|7|4|4|8|5|3|8|10|8|12|6,TRUE,2,0,
1027,11,7|6|3|7|3|3|4|1|8|4|4|5|7|8|2|1|3|6|9|8|9|2|1|8|4|7|6|9|6|5|5|2|2|9|1|5,TRUE,2,0,
1028,11,3|8|5|4|6|7|4|5|4|3|9|1|8|2|6|1|4|8|7|2|9|6|1|3|1|2|7|5|2|7|8|5|6|9|9|3,TRUE,2,0,
1029,11,3|6|1|2|6|3|9|5|7|1|5|2|1|9|7|4|6|5|1|4|7|3|5|3|8|4|7|9|8|2|6|2|8|9|4|8,TRUE,2,0,
1030,14,2|10|2|7|8|8|9|7|11|5|1|6|3|2|6|3|11|4|4|4|5|5|11|10|1|12|12|8|3|1|10|12|5|3|9|11|9|1|7|7|12|9|6|8|2|4|10|6,TRUE,2,0,
1031,14,6|3|6|11|10|10|6|11|4|9|9|8|11|4|8|8|12|5|11|6|12|10|3|2|2|7|1|5|5|1|10|5|4|7|1|1|7|12|2|3|4|8|3|2|12|7|9|9,TRUE,2,0,
1032,11,3|1|4|6|2|1|9|5|1|1|6|7|2|5|8|7|8|2|3|2|9|4|5|6|7|3|3|8|4|9|6|7|4|8|5|9,TRUE,2,0,
1033,11,3|8|2|7|4|8|2|8|4|9|9|1|3|6|1|9|4|6|9|5|3|5|8|7|5|2|1|5|6|7|4|6|2|7|3|1,TRUE,2,0,
1034,14,2|3|7|5|5|12|2|10|8|4|6|6|12|2|7|11|11|10|5|8|1|8|1|8|3|7|2|4|6|7|11|3|10|12|9|6|9|1|1|3|12|4|9|4|11|9|5|10,TRUE,2,0,
1035,14,7|5|5|10|7|5|3|6|1|12|8|7|9|6|10|4|3|1|11|8|4|12|5|12|11|9|4|6|2|4|11|11|8|8|7|3|6|2|10|12|2|9|1|2|10|9|3|1,TRUE,2,0,
1036,11,5|4|3|1|2|9|6|8|9|6|6|1|3|3|2|2|4|5|7|3|5|1|9|2|4|1|5|7|9|8|7|8|6|8|7|4,TRUE,2,0,
1037,11,8|9|6|2|4|8|6|7|3|5|9|4|9|3|8|9|7|5|2|3|4|8|7|1|5|1|2|1|4|5|3|2|1|6|6|7,TRUE,2,0,
1038,14,4|7|9|1|6|12|12|1|1|7|2|11|3|3|4|6|12|11|9|8|4|8|7|5|8|6|1|10|9|11|2|10|8|5|9|3|5|7|6|4|3|10|5|2|2|11|10|12,TRUE,2,0,
1039,11,7|6|1|1|4|7|6|8|7|2|5|3|5|4|5|4|9|4|3|9|7|2|9|2|6|3|1|5|8|1|8|8|9|3|6|2,TRUE,2,0,
1040,14,10|5|12|6|9|11|7|12|1|8|4|4|7|7|3|5|4|11|10|10|5|3|5|4|11|3|2|12|8|6|2|6|8|10|7|3|2|2|1|11|9|6|1|12|9|9|1|8,TRUE,2,0,
1041,14,12|5|10|7|1|9|9|5|5|7|6|1|11|3|9|8|2|2|8|6|4|2|6|4|2|9|10|10|1|8|12|3|12|11|1|3|5|11|3|7|4|4|10|11|7|8|6|12,TRUE,2,0,
1042,11,7|3|4|5|9|5|4|5|3|7|2|7|9|4|8|2|8|9|3|1|1|6|5|2|7|1|6|3|1|6|2|8|9|8|6|4,TRUE,2,0,
1043,14,11|8|10|11|6|9|7|2|5|2|11|6|6|11|5|12|3|5|9|12|12|10|4|12|2|6|10|4|4|9|7|7|3|1|2|3|7|4|8|1|10|1|3|8|8|5|9|1,TRUE,2,0,
1044,14,2|10|9|2|9|4|6|12|6|6|10|10|5|10|12|7|11|5|3|9|8|8|11|3|8|7|11|1|9|3|2|4|12|1|1|3|7|8|4|5|1|2|7|12|4|5|11|6,TRUE,2,0,
1045,14,11|10|8|2|8|6|9|7|4|3|11|12|10|2|12|1|1|7|10|5|9|1|2|6|3|2|6|4|9|4|10|6|11|7|5|4|8|5|3|8|1|11|5|9|12|12|7|3,TRUE,2,0,
1046,11,1|6|5|9|9|7|9|7|9|4|2|8|4|5|1|6|8|4|8|7|8|2|5|2|1|7|4|3|3|5|1|3|6|2|6|3,TRUE,2,0,
1047,11,6|7|3|7|5|9|2|9|1|8|3|7|9|1|5|1|6|5|5|4|2|3|7|8|3|2|2|1|6|4|9|8|4|6|4|8,TRUE,2,0,
1048,14,4|6|2|9|3|12|3|4|12|6|10|8|1|2|7|1|1|12|7|2|9|3|7|5|8|5|11|8|10|5|11|9|9|7|10|11|11|6|12|5|1|10|8|4|3|6|4|2,TRUE,2,0,
1049,11,3|4|8|1|4|9|4|8|3|9|5|7|8|9|6|7|8|1|2|2|7|4|1|9|5|1|6|3|7|3|6|2|5|6|2|5,TRUE,2,0,
1050,11,5|8|7|8|3|4|1|3|8|2|4|5|3|1|9|9|6|1|2|7|8|9|6|6|2|7|3|9|7|4|5|5|4|2|1|6,TRUE,2,0,
1051,14,12|5|3|2|4|6|6|2|12|1|12|11|11|1|7|3|8|9|7|8|12|4|8|8|5|5|7|2|6|10|9|2|7|11|3|3|1|6|10|9|5|4|9|10|11|10|4|1,TRUE,2,0,
1052,14,6|11|2|2|7|11|5|2|1|7|3|7|8|10|10|11|9|8|4|3|1|7|9|8|4|6|3|5|4|6|12|5|12|9|1|11|10|1|3|10|12|5|12|2|9|4|8|6,TRUE,2,0,
1053,14,10|4|12|11|3|5|9|12|1|2|9|6|10|8|5|7|3|9|10|8|12|9|1|1|2|6|6|1|10|8|5|5|11|4|4|7|2|7|7|12|6|3|8|11|2|4|3|11,TRUE,2,0,
1054,11,9|8|5|7|5|4|4|3|1|1|2|3|8|6|9|7|4|6|1|9|3|2|8|2|9|6|5|4|3|8|6|7|2|1|7|5,TRUE,2,0,
1055,14,11|1|5|8|2|1|2|7|3|7|6|12|12|9|10|7|11|1|9|6|8|5|6|10|4|3|3|2|9|12|7|12|11|6|10|5|10|1|8|4|11|4|9|8|2|3|4|5,TRUE,2,0,
1056,11,5|7|4|1|1|8|2|9|8|2|4|4|3|3|7|5|6|3|7|4|5|6|6|8|1|1|9|9|9|3|2|6|2|7|8|5,TRUE,2,0,
1057,11,9|8|9|5|7|1|3|1|7|2|5|9|4|4|3|8|5|8|3|2|6|6|3|1|5|6|7|4|8|6|2|4|7|2|9|1,TRUE,2,0,
1058,14,10|9|6|3|8|11|11|2|1|5|10|1|10|11|4|4|2|8|2|10|4|7|5|12|3|9|6|2|7|4|7|12|9|8|12|6|3|7|3|5|6|9|1|8|11|5|1|12,TRUE,2,0,
1059,14,3|6|11|7|9|7|1|5|6|4|9|5|8|4|4|7|9|5|1|3|8|6|1|5|2|3|12|6|11|8|3|12|1|8|12|12|10|10|9|11|7|10|2|4|10|11|2|2,TRUE,2,0,
1060,14,12|8|9|6|5|2|7|9|1|4|7|4|7|8|3|10|1|11|11|9|2|10|2|3|7|5|3|11|5|12|10|10|9|5|1|2|12|4|8|6|8|12|11|3|4|1|6|6,TRUE,2,0,
1061,14,2|3|6|12|2|2|10|9|6|8|10|1|7|10|12|2|4|7|9|1|6|5|5|11|7|12|11|11|9|8|4|1|3|4|1|10|5|6|7|12|5|8|3|3|8|4|11|9,TRUE,2,0,
1062,11,6|4|7|6|3|5|5|8|9|2|1|3|4|7|1|7|5|4|2|5|6|1|7|9|9|3|3|2|9|6|8|1|2|8|8|4,TRUE,2,0,
1063,14,2|12|4|6|5|6|11|3|5|12|8|1|4|5|7|8|1|4|12|11|8|6|12|3|10|10|7|2|1|7|1|3|9|7|11|10|4|5|6|9|3|2|8|9|10|11|2|9,TRUE,2,0,
1064,11,2|8|1|7|7|6|9|2|6|7|4|3|5|7|4|6|6|1|3|9|1|5|8|9|5|5|8|2|3|4|3|2|8|4|9|1,TRUE,2,0,
1065,14,3|12|5|2|12|9|10|6|7|10|12|3|6|5|10|7|9|2|4|4|1|4|1|1|10|7|8|8|12|7|5|2|4|8|11|11|6|9|11|9|5|1|3|2|11|8|6|3,TRUE,2,0,
1066,14,8|6|4|10|5|12|9|4|7|3|6|1|9|11|8|2|10|2|7|3|11|6|4|11|7|9|4|8|3|9|12|5|2|10|1|1|11|12|6|3|1|2|7|5|12|8|5|10,TRUE,2,0,
1067,11,9|2|4|5|6|8|3|1|4|1|4|1|7|1|9|2|2|6|5|4|6|9|7|3|7|7|5|8|8|5|3|6|8|9|2|3,TRUE,2,0,
1068,11,1|4|5|2|3|9|9|7|8|8|2|6|6|7|7|6|3|3|3|5|6|2|8|4|9|2|4|4|1|5|5|8|9|7|1|1,TRUE,2,0,
1069,14,8|9|12|11|10|4|7|1|5|8|1|6|3|10|10|8|4|12|3|9|8|10|5|7|11|5|4|12|6|9|6|1|11|7|1|12|2|5|11|2|3|9|2|7|4|6|3|2,TRUE,2,0,
1070,14,4|8|4|12|6|2|6|5|5|2|2|7|9|4|10|5|1|7|12|7|12|1|11|1|8|5|3|4|9|1|2|12|3|11|3|10|10|3|11|6|11|8|6|8|9|7|9|10,TRUE,2,0,
1071,11,7|2|8|8|6|6|1|8|4|9|4|4|3|7|6|2|5|8|2|5|3|7|9|4|7|5|9|2|1|1|3|5|1|3|6|9,TRUE,2,0,
1072,14,12|10|10|4|10|11|2|11|2|3|2|6|1|1|11|3|7|11|9|12|3|5|9|1|5|7|8|9|12|8|3|7|12|7|4|5|1|5|10|6|8|8|6|4|9|2|6|4,TRUE,2,0,
1073,11,7|6|1|9|4|9|3|8|8|7|1|8|7|6|4|2|5|5|3|9|6|2|2|5|4|5|1|6|3|1|8|7|3|4|2|9,TRUE,2,0,
1074,11,6|4|3|1|9|5|8|5|3|2|1|7|7|6|7|8|5|2|3|9|1|8|9|4|8|4|5|2|1|6|9|7|6|2|3|4,TRUE,2,0,
1075,14,7|1|12|8|2|7|5|11|10|6|6|5|9|3|12|3|11|2|4|5|1|4|8|10|9|9|3|10|8|12|6|11|7|10|1|4|4|8|12|3|2|7|6|1|5|2|11|9,TRUE,2,0,
1076,14,7|5|3|2|10|8|2|1|11|8|11|2|11|9|3|3|5|1|12|12|5|9|11|7|5|9|8|10|10|7|12|4|3|2|6|4|6|4|12|7|6|10|8|9|4|1|1|6,TRUE,2,0,
1077,11,9|1|2|4|4|5|6|2|9|2|9|6|3|6|8|7|6|9|1|5|4|7|7|4|7|8|5|3|5|8|1|2|8|1|3|3,TRUE,2,0,
1078,14,11|10|7|9|12|1|9|7|1|5|7|11|3|2|11|8|2|9|5|12|6|2|4|7|11|6|8|6|9|10|3|8|3|12|1|10|2|1|5|8|4|4|4|10|5|6|3|12,TRUE,2,0,
1079,14,12|12|7|9|9|10|8|5|5|2|5|12|9|11|4|4|8|11|1|1|7|4|5|10|3|6|1|2|7|10|3|6|6|10|8|8|1|9|12|3|2|3|11|11|7|4|6|2,TRUE,2,0,
1080,11,2|5|2|9|9|3|7|7|8|5|1|4|4|9|6|7|2|3|4|8|6|1|8|1|6|3|2|7|6|3|5|1|9|5|4|8,TRUE,2,0,
1081,11,3|2|2|2|5|6|8|9|1|9|4|4|8|7|7|1|7|9|6|1|3|4|3|6|5|9|8|7|5|8|1|4|6|2|5|3,TRUE,2,0,
1082,11,3|3|7|1|1|9|8|2|9|8|5|1|4|6|3|7|2|8|6|9|5|4|6|7|4|5|4|3|5|8|6|2|7|1|9|2,TRUE,2,0,
1083,14,12|8|3|3|8|2|4|7|9|12|3|11|1|11|6|10|6|4|6|7|5|12|8|10|9|2|1|10|12|6|11|9|7|4|2|8|2|1|3|11|10|7|5|5|5|4|9|1,TRUE,2,0,
1084,14,2|10|11|9|2|10|2|3|5|8|4|3|8|7|2|8|4|3|4|7|9|1|12|11|10|6|6|11|7|1|9|10|12|5|5|7|12|12|5|1|11|4|8|3|1|9|6|6,TRUE,2,0,
1085,14,4|3|7|9|5|2|10|5|10|9|6|12|9|7|10|3|4|1|1|11|11|7|7|8|10|4|5|6|12|1|11|8|2|2|6|4|5|8|3|12|12|6|1|11|9|8|3|2,TRUE,2,0,
1086,14,7|7|10|12|11|11|1|8|4|1|2|2|9|9|12|4|2|5|8|7|5|7|5|1|1|4|6|8|3|12|10|4|2|5|12|10|6|6|6|9|3|3|8|10|9|11|3|11,TRUE,2,0,
1087,14,11|9|3|4|9|4|12|7|6|6|6|7|6|2|11|3|1|5|10|11|1|9|1|5|4|8|12|2|12|9|7|5|2|12|2|10|8|3|10|8|8|11|3|7|5|4|1|10,TRUE,2,0,
1088,11,2|4|1|9|3|6|5|8|8|1|7|5|7|9|6|3|3|8|6|4|2|2|2|7|7|9|1|1|8|4|3|5|4|9|5|6,TRUE,2,0,
1089,11,3|6|4|4|4|8|1|3|4|2|8|7|7|6|1|9|2|1|9|9|7|8|2|6|7|2|5|1|3|5|6|9|5|5|3|8,TRUE,2,0,
1090,14,9|4|1|12|3|6|2|6|4|12|5|2|8|3|4|7|7|5|7|9|10|2|8|8|7|9|3|6|12|11|2|4|11|3|6|1|11|1|11|5|10|10|8|10|5|9|1|12,TRUE,2,0,
1091,11,7|4|3|8|7|4|2|6|8|7|8|4|9|1|3|7|9|6|9|3|5|6|5|2|5|8|2|4|1|1|2|5|6|9|1|3,TRUE,2,0,
1092,14,4|6|10|8|3|3|11|10|10|11|3|1|2|4|5|4|11|9|9|5|5|4|8|2|2|12|7|7|11|9|3|2|5|10|1|6|1|8|7|7|12|12|9|1|12|6|8|6,TRUE,2,0,
1093,11,7|7|7|9|8|3|4|1|5|3|1|3|8|4|5|1|9|1|9|4|8|2|4|6|7|5|6|8|2|3|9|6|5|2|6|2,TRUE,2,0,
1094,14,7|3|9|5|11|7|9|4|6|4|6|10|9|1|9|12|2|10|7|10|5|11|3|11|12|10|4|6|7|12|8|8|2|11|5|8|1|3|8|2|6|3|1|1|12|5|2|4,TRUE,2,0,
1095,14,11|2|11|6|8|10|10|7|3|2|1|6|8|10|7|5|7|4|6|4|8|1|5|2|3|3|6|9|1|7|9|4|1|2|10|12|5|9|9|12|12|12|8|4|11|11|3|5,TRUE,2,0,
1096,11,3|8|5|5|4|9|2|2|6|8|5|6|4|7|6|7|1|7|9|8|1|2|7|1|9|2|6|4|3|1|5|8|4|3|3|9,TRUE,2,0,
1097,14,4|11|8|10|7|10|2|3|8|4|7|8|6|5|12|5|3|12|12|10|5|9|12|11|10|3|7|7|4|11|4|5|6|9|3|1|6|8|6|1|1|11|9|2|2|9|1|2,TRUE,2,0,
1098,11,2|3|4|6|9|9|8|2|5|9|8|2|3|1|6|4|7|3|4|7|8|2|5|1|6|6|8|4|1|5|3|5|1|7|7|9,TRUE,2,0,
1099,14,7|1|11|12|9|6|3|5|7|1|2|8|6|8|11|12|1|6|10|5|10|12|8|3|10|4|11|9|4|12|6|3|2|7|2|10|2|8|11|9|5|4|7|9|3|4|1|5,TRUE,2,0,
1100,14,1|3|9|7|8|4|11|7|12|3|1|1|11|7|5|3|5|9|5|2|4|6|4|11|7|2|2|9|3|8|2|4|10|6|12|12|6|9|10|1|11|10|12|5|8|6|10|8,TRUE,2,0,
1101,14,12|11|5|6|9|6|5|11|7|9|3|3|10|10|8|1|11|12|5|8|9|6|7|7|2|3|11|2|2|4|1|1|4|8|4|10|8|10|1|5|3|4|2|12|6|7|12|9,TRUE,2,0,
1102,11,8|5|9|2|1|7|3|5|2|5|4|2|8|7|3|9|8|9|7|6|4|4|8|6|1|2|6|7|3|5|9|6|1|4|3|1,TRUE,2,0,
1103,11,5|1|3|6|6|1|8|5|9|7|5|6|2|2|8|5|7|9|6|8|4|4|9|7|8|2|7|4|1|9|1|3|4|3|2|3,TRUE,2,0,
1104,14,6|4|9|11|2|12|1|11|5|12|6|7|10|7|1|8|3|2|6|9|9|5|5|7|4|3|5|1|10|12|3|10|4|11|1|2|9|2|10|8|11|8|3|12|7|8|6|4,TRUE,2,0,
1105,11,4|2|6|8|5|2|8|5|3|8|8|7|5|7|1|2|4|1|9|1|5|3|1|6|9|6|9|6|3|2|7|3|4|4|7|9,TRUE,2,0,
1106,14,1|8|9|3|6|7|7|11|10|6|12|4|5|9|12|8|12|5|11|10|9|7|10|3|4|9|2|10|12|8|1|6|8|3|4|5|1|6|4|1|2|11|11|5|7|3|2|2,TRUE,2,0,
1107,11,5|6|3|5|1|9|7|1|2|1|9|3|5|4|8|4|5|6|3|3|7|8|4|6|7|2|9|9|7|1|8|4|6|2|8|2,TRUE,2,0,
1108,14,2|12|11|10|4|9|2|5|1|1|4|7|3|12|3|9|7|4|2|8|9|11|5|6|10|3|6|10|1|11|5|2|6|8|12|4|9|8|8|5|12|10|1|11|7|3|7|6,TRUE,2,0,
1109,11,6|2|5|3|4|4|2|8|8|4|7|4|1|3|3|9|9|1|8|7|6|6|3|8|5|5|5|2|9|6|1|9|1|7|2|7,TRUE,2,0,
1110,14,7|11|4|9|5|5|6|3|1|6|12|4|8|3|12|7|6|11|12|3|2|7|10|7|10|2|8|9|11|1|10|5|8|9|11|10|8|4|1|1|12|5|9|2|4|2|3|6,TRUE,2,0,
1111,14,9|10|12|1|5|12|11|7|7|11|6|6|4|11|2|6|2|8|9|1|9|6|8|9|3|12|4|5|7|4|8|12|2|10|10|11|3|5|7|1|8|3|1|4|3|5|10|2,TRUE,2,0,
1112,11,1|5|3|9|8|2|9|4|1|7|5|8|6|6|8|9|3|2|7|1|6|3|5|4|4|7|4|7|6|1|5|8|9|2|2|3,TRUE,2,0,
1113,14,6|10|1|5|6|9|8|9|11|5|9|3|1|4|5|7|6|10|12|12|8|4|10|1|7|8|7|12|2|3|11|4|11|10|9|4|12|7|5|3|6|8|2|2|3|11|1|2,TRUE,2,0,
1114,11,3|1|3|1|8|2|7|5|8|6|6|7|6|9|4|1|5|7|5|3|6|4|1|9|9|7|4|2|3|9|8|5|4|2|2|8,TRUE,2,0,
1115,14,7|7|5|1|8|4|4|9|3|1|2|4|4|9|7|10|8|5|11|12|8|5|12|3|11|6|9|6|1|10|3|3|2|8|1|12|5|10|10|11|6|12|11|2|7|6|9|2,TRUE,2,0,
1116,14,9|1|11|4|5|5|4|1|2|3|7|1|9|6|2|6|12|8|10|7|12|9|8|8|3|5|4|2|5|9|7|3|11|10|10|3|6|11|7|4|1|12|10|6|12|8|11|2,TRUE,2,0,
1117,14,9|11|4|2|4|9|12|10|6|11|7|2|8|1|1|12|11|5|1|3|7|10|12|2|4|5|9|5|11|7|3|6|6|9|1|8|6|10|7|10|2|3|3|12|4|8|5|8,TRUE,2,0,
1118,11,2|4|3|9|9|3|5|9|3|9|6|4|7|6|1|5|1|2|5|4|8|6|7|1|5|2|8|7|8|3|7|6|1|2|4|8,TRUE,2,0,
1119,14,3|8|2|3|4|9|4|7|9|11|3|6|5|6|1|5|7|10|10|7|2|2|9|11|12|6|12|1|10|8|5|11|7|2|4|8|9|12|5|4|11|1|3|8|6|1|10|12,TRUE,2,0,
1120,11,7|4|2|8|8|6|8|4|5|3|7|7|1|8|2|5|6|3|3|9|9|1|3|2|5|5|9|1|4|1|6|6|7|2|9|4,TRUE,2,0,
1121,11,6|9|8|2|1|8|4|4|5|1|9|1|5|5|6|3|8|2|3|3|7|4|4|1|7|8|6|2|7|2|3|6|9|7|5|9,TRUE,2,0,
1122,11,2|1|7|6|7|4|2|4|9|3|8|6|6|3|1|5|8|2|9|3|9|5|8|5|8|6|9|7|5|1|1|7|4|2|3|4,TRUE,2,0,
1123,14,2|9|1|9|6|5|6|6|5|3|10|10|2|4|11|7|1|3|11|8|9|12|1|5|11|2|12|11|3|4|7|10|8|9|8|7|4|10|5|12|3|2|6|4|12|7|1|8,TRUE,2,0,
1124,14,5|9|2|8|3|6|11|5|3|11|8|4|3|1|12|9|4|6|7|10|12|5|5|3|1|2|7|7|1|2|11|4|6|8|10|7|9|8|12|10|2|11|6|9|1|12|4|10,TRUE,2,0,
1125,14,2|7|12|11|2|9|11|2|5|10|8|3|3|9|3|11|12|4|6|5|10|12|1|3|4|9|1|4|10|10|7|6|5|1|6|4|8|8|2|6|9|7|1|8|11|5|7|12,TRUE,2,0,
1126,14,3|7|1|4|7|6|8|8|2|5|1|8|7|10|7|9|11|4|2|6|5|5|8|3|11|4|12|2|1|12|3|12|3|10|4|12|9|9|10|11|2|6|1|10|9|6|5|11,TRUE,2,0,
1127,14,5|7|9|8|5|6|4|8|12|11|10|1|6|9|12|10|2|8|2|4|11|2|3|12|9|12|5|3|3|6|6|10|3|7|2|4|9|7|1|4|7|11|10|5|8|1|11|1,TRUE,2,0,
1128,11,9|8|1|7|2|9|5|4|1|6|1|5|5|6|4|3|6|9|4|2|7|3|7|6|4|1|7|8|8|5|2|8|3|9|2|3,TRUE,2,0,
1129,11,9|8|5|3|1|8|4|5|4|1|1|8|9|7|2|1|4|3|8|3|6|6|6|5|7|2|2|2|7|9|5|9|3|6|4|7,TRUE,2,0,
1130,14,3|10|4|9|2|11|10|4|12|1|11|5|2|12|1|11|10|4|5|7|4|12|2|9|6|3|7|8|5|5|10|8|11|1|7|6|9|1|3|6|7|8|6|3|9|2|8|12,TRUE,2,0,
1131,14,2|6|1|12|9|11|9|8|6|10|7|5|2|5|1|4|8|1|1|4|3|12|9|9|3|2|3|11|8|12|6|10|7|7|5|4|11|12|11|6|4|2|8|5|7|3|10|10,TRUE,2,0,
1132,11,4|9|5|4|8|5|1|5|3|4|5|8|9|6|2|3|8|2|3|7|6|7|6|4|9|7|6|1|2|1|7|8|2|3|9|1,TRUE,2,0,
1133,14,5|4|10|11|3|6|12|11|4|2|6|4|8|3|8|9|9|1|3|9|2|12|10|7|5|11|7|2|9|5|12|10|10|1|7|8|1|7|4|5|8|6|11|3|6|12|2|1,TRUE,2,0,
1134,14,6|10|10|4|4|2|3|4|7|12|8|11|8|7|11|6|5|7|8|10|1|1|1|7|9|1|9|2|5|2|11|2|9|9|11|3|3|3|5|5|12|12|8|6|10|12|6|4,TRUE,2,0,
1135,11,9|6|2|5|9|6|1|5|8|2|7|5|1|1|2|1|4|3|3|8|4|8|4|3|7|6|6|2|9|7|5|8|9|4|7|3,TRUE,2,0,
1136,11,6|2|5|8|2|9|1|4|9|7|4|1|7|5|8|9|1|3|7|2|9|3|3|2|4|8|6|4|1|3|5|6|8|6|5|7,TRUE,2,0,
1137,11,4|2|3|9|1|6|4|6|3|7|7|4|1|8|2|2|5|2|6|5|4|1|3|7|8|9|9|5|5|6|9|1|8|8|3|7,TRUE,2,0,
1138,14,7|6|8|3|5|9|2|10|12|12|3|2|4|2|2|8|1|5|4|8|6|1|4|4|10|10|3|8|1|9|3|7|6|9|5|10|7|1|11|7|11|12|6|12|11|9|11|5,TRUE,2,0,
1139,14,3|4|4|7|3|1|11|6|12|8|5|9|2|12|9|7|4|10|1|8|5|4|8|12|2|10|1|11|12|6|3|2|10|9|2|10|6|9|7|7|1|6|3|8|11|11|5|5,TRUE,2,0,
1140,11,7|9|4|5|6|5|7|5|8|8|5|1|7|9|2|4|4|2|2|3|9|2|8|3|1|9|8|1|7|4|6|6|3|3|6|1,TRUE,2,0,
1141,14,7|8|6|12|11|12|5|6|11|4|10|4|6|7|11|4|3|10|3|9|3|5|8|9|1|1|2|12|9|11|7|7|10|4|3|5|8|2|10|6|1|2|8|9|12|2|1|5,TRUE,2,0,
1142,14,10|3|8|8|12|5|2|3|7|5|12|2|10|8|6|10|6|5|12|6|1|11|1|11|11|6|7|8|7|9|1|2|10|2|4|9|9|5|1|12|3|3|4|7|11|4|4|9,TRUE,2,0,
1143,11,1|1|7|6|5|9|7|5|6|4|3|8|8|7|2|9|4|2|2|7|2|6|3|4|3|3|6|5|9|5|9|1|1|8|8|4,TRUE,2,0,
1144,14,12|5|2|2|11|10|7|3|9|10|6|6|4|1|10|8|6|2|8|1|5|11|3|1|7|8|7|12|11|5|10|2|4|1|8|4|3|12|4|12|11|9|9|6|7|5|3|9,TRUE,2,0,
1145,14,11|6|7|10|1|11|4|2|6|2|11|2|1|12|8|8|6|3|5|10|4|10|4|3|4|10|7|9|9|9|9|5|3|3|8|8|7|1|2|12|7|5|6|5|12|11|1|12,TRUE,2,0,
1146,14,11|3|6|1|11|8|5|10|1|4|12|5|3|7|1|10|2|11|4|11|8|7|12|7|12|9|10|5|3|6|6|10|9|8|1|3|4|7|9|2|2|12|5|2|9|8|6|4,TRUE,2,0,
1147,11,9|4|9|9|6|9|5|3|6|1|5|7|8|1|8|1|6|2|4|4|7|1|4|5|6|7|2|2|8|2|8|3|3|5|3|7,TRUE,2,0,
1148,11,2|4|3|8|5|7|5|7|6|5|9|8|6|1|3|5|3|9|4|1|7|8|1|7|3|2|9|2|4|1|6|9|2|6|8|4,TRUE,2,0,
1149,11,9|4|9|2|8|4|1|3|9|2|4|2|7|1|4|1|3|7|8|6|9|5|1|3|7|2|6|6|7|5|6|8|5|3|8|5,TRUE,2,0,
1150,14,3|7|12|8|10|6|11|4|7|5|11|5|2|10|6|8|7|6|4|6|3|12|4|3|5|1|8|9|11|4|9|2|2|3|8|9|1|1|10|12|7|11|10|5|9|2|1|12,TRUE,2,0,
1151,14,11|1|3|11|8|11|1|6|3|12|6|5|10|7|7|12|8|9|4|1|4|5|4|10|9|11|7|7|5|9|12|4|2|3|9|1|10|2|5|2|10|6|8|3|6|2|8|12,TRUE,2,0,
1152,11,4|6|8|3|2|2|1|9|7|8|3|7|6|4|9|6|8|7|7|5|4|4|3|9|1|5|8|5|5|2|3|1|9|1|2|6,TRUE,2,0,
1153,11,3|7|5|8|2|6|5|3|7|1|8|5|8|6|1|2|4|3|8|4|9|7|5|7|2|6|2|9|9|1|4|1|4|3|6|9,TRUE,2,0,
1154,14,5|10|3|8|11|7|1|7|1|10|9|11|8|4|7|4|12|12|10|5|2|6|3|6|4|11|7|5|11|8|4|1|12|9|3|5|2|8|2|12|3|2|6|9|6|1|10|9,TRUE,2,0,
1155,14,6|8|7|8|2|9|6|12|11|2|2|10|4|3|5|9|3|11|2|10|11|6|8|6|1|5|4|9|1|1|10|5|3|10|7|1|9|4|12|12|3|11|12|7|5|4|8|7,TRUE,2,0,
1156,14,11|12|1|3|10|4|2|9|9|4|5|12|8|11|3|10|8|10|8|9|6|6|4|12|1|7|6|1|7|1|3|6|11|7|4|11|2|12|5|10|2|5|2|9|3|8|5|7,TRUE,2,0,
1157,11,4|7|1|9|7|2|2|3|6|4|3|1|1|3|7|3|9|8|5|2|5|8|4|6|5|2|6|7|9|6|8|1|5|8|4|9,TRUE,2,0,
1158,11,4|1|5|5|2|3|3|9|6|2|5|6|8|7|8|4|6|1|2|9|7|4|5|8|1|7|3|8|6|3|9|7|9|4|1|2,TRUE,2,0,
1159,14,9|2|6|5|1|10|7|3|12|11|5|10|8|1|4|4|3|6|10|10|3|12|7|7|7|1|5|11|6|8|1|8|2|12|2|4|4|3|11|9|11|5|8|9|6|12|9|2,TRUE,2,0,
1160,14,8|6|12|1|5|12|10|3|7|6|9|10|11|10|7|12|4|11|5|5|1|9|9|2|7|3|9|4|8|2|6|2|11|8|6|8|4|12|11|3|3|2|10|5|1|1|7|4,TRUE,2,0,
1161,11,7|3|9|6|2|1|5|9|6|1|2|7|4|7|5|4|7|6|4|2|8|8|5|5|9|1|6|2|8|3|1|9|3|3|8|4,TRUE,2,0,
1162,14,11|4|9|9|10|8|6|4|5|3|5|2|10|1|8|7|12|1|3|10|11|12|6|5|11|1|3|9|12|2|5|6|11|12|8|4|6|9|8|7|10|4|3|2|1|2|7|7,TRUE,2,0,
1163,11,4|6|7|2|7|6|5|1|8|6|9|3|5|9|5|4|4|3|9|2|2|8|1|6|7|5|1|7|4|9|3|8|3|2|8|1,TRUE,2,0,
1164,14,7|1|11|1|3|6|11|2|8|3|6|9|8|1|7|6|12|4|5|7|10|11|1|8|2|5|9|3|5|12|9|10|10|4|4|10|9|8|5|7|11|2|4|2|12|12|6|3,TRUE,2,0,
1165,14,5|5|4|6|5|11|7|9|1|7|4|8|8|9|4|9|3|11|11|3|3|6|6|10|1|8|12|10|2|9|10|8|7|6|1|12|5|11|1|2|2|7|10|3|12|2|4|12,TRUE,2,0,
1166,14,10|3|12|6|5|11|2|6|5|10|6|5|10|8|12|7|2|1|8|10|1|1|7|2|1|4|8|9|4|4|12|11|2|4|9|9|9|5|3|11|7|11|7|12|3|3|8|6,TRUE,2,0,
1167,11,4|5|3|1|8|2|1|7|7|3|5|1|3|8|9|2|7|2|9|8|2|4|6|4|6|5|7|5|1|9|6|8|4|6|3|9,TRUE,2,0,
1168,11,2|3|8|4|5|6|7|5|3|9|5|8|7|2|9|6|4|6|1|2|8|8|7|4|7|4|9|1|5|3|1|9|2|3|6|1,TRUE,2,0,
1169,14,10|1|3|6|11|12|12|9|12|6|2|11|2|8|4|6|2|3|5|5|1|9|8|7|1|11|8|3|7|5|3|1|5|6|7|11|9|4|8|7|10|4|9|10|2|4|12|10,TRUE,2,0,
1170,14,12|7|11|7|4|5|4|10|2|9|6|4|8|5|11|1|10|7|9|2|1|3|12|8|7|10|4|5|1|12|8|11|11|5|2|3|3|3|2|12|1|9|6|6|6|9|10|8,TRUE,2,0,
1171,11,4|4|2|6|1|6|5|6|9|1|7|4|7|5|5|4|3|3|5|8|9|7|1|3|2|2|9|7|9|8|8|1|2|3|6|8,TRUE,2,0,
1172,14,8|7|5|2|3|12|12|2|6|8|4|8|1|1|7|8|1|4|5|11|3|3|7|9|6|5|11|6|9|1|10|12|4|2|10|10|9|2|11|9|11|4|5|6|3|12|7|10,TRUE,2,0,
1173,14,7|5|2|7|4|11|10|12|9|10|1|4|5|3|11|3|6|7|6|1|4|12|12|2|8|8|1|6|11|7|1|4|10|2|10|6|8|3|3|9|9|5|5|9|11|12|2|8,TRUE,2,0,
1174,11,4|5|1|8|5|1|1|2|5|3|7|6|5|3|3|2|9|7|6|8|3|2|6|7|9|8|9|4|2|7|4|6|1|4|9|8,TRUE,2,0,
1175,14,2|3|5|9|9|1|7|1|4|10|1|11|4|12|12|8|7|2|7|10|3|8|11|8|12|10|6|1|2|5|6|4|3|5|12|2|4|10|11|6|9|11|3|6|7|9|5|8,TRUE,2,0,
1176,11,1|5|7|8|7|7|9|2|3|8|3|9|1|4|5|5|6|1|2|9|2|3|5|4|7|1|4|6|9|6|3|4|8|6|8|2,TRUE,2,0,
1177,14,2|6|8|8|7|11|10|5|3|11|4|12|3|12|10|1|12|3|9|8|4|7|5|9|4|2|2|5|6|12|6|6|10|7|3|1|8|1|11|5|7|10|2|9|4|9|11|1,TRUE,2,0,
1178,14,3|7|7|12|3|4|12|5|5|2|5|2|8|4|10|11|8|9|8|10|12|11|11|4|6|5|10|2|11|1|3|6|4|9|7|10|1|2|7|1|6|9|12|3|8|1|6|9,TRUE,2,0,
1179,11,8|2|2|1|9|3|4|6|6|9|4|3|7|7|2|1|7|4|5|5|3|1|1|4|8|6|9|2|7|8|8|5|3|6|5|9,TRUE,2,0,
1180,11,5|2|8|5|3|4|7|8|1|6|3|1|2|3|9|2|1|6|7|9|6|2|4|7|6|3|9|5|8|1|5|7|4|9|8|4,TRUE,2,0,
1181,14,8|3|9|3|1|2|12|4|1|4|11|12|10|2|7|8|6|2|7|3|10|7|5|9|11|1|4|10|9|5|8|10|6|5|2|12|7|9|6|12|11|6|8|4|3|1|5|11,TRUE,2,0,
1182,14,8|1|6|10|5|8|9|8|9|4|1|10|1|11|12|12|9|6|5|3|3|10|7|10|3|2|9|11|7|3|11|12|5|6|2|2|12|4|5|8|7|4|2|11|7|1|6|4,TRUE,2,0,
1183,14,4|3|1|10|6|2|11|9|11|6|8|4|12|8|3|9|11|2|12|7|5|7|5|12|6|7|12|11|1|4|3|9|3|10|5|9|8|8|7|1|6|2|4|1|5|10|10|2,TRUE,2,0,
1184,11,5|7|7|1|4|3|4|8|6|6|2|9|5|8|3|4|6|9|5|3|8|1|8|2|7|2|4|5|7|6|1|9|3|1|2|9,TRUE,2,0,
1185,14,5|11|12|6|7|3|3|6|10|9|9|8|4|12|9|8|1|1|6|1|4|4|12|8|11|11|10|5|6|5|3|2|3|10|2|5|8|11|10|2|4|9|1|12|2|7|7|7,TRUE,2,0,
1186,14,7|11|6|1|5|12|8|2|10|2|7|6|8|2|9|5|3|7|9|4|12|1|6|9|7|10|2|3|1|11|4|5|10|5|12|9|4|1|4|3|11|3|6|10|11|12|8|8,TRUE,2,0,
1187,11,5|2|3|4|2|6|6|7|6|1|2|9|9|5|4|4|9|5|3|7|3|8|7|3|1|4|2|8|8|7|1|8|5|6|9|1,TRUE,2,0,
1188,11,3|2|1|1|4|7|7|9|5|9|3|1|9|4|8|3|2|5|4|2|6|8|8|6|3|6|1|7|5|9|8|7|2|6|5|4,TRUE,2,0,
1189,14,12|2|5|1|6|5|4|12|7|6|9|8|8|11|10|5|3|8|4|11|8|1|11|12|3|2|1|9|4|6|9|10|4|6|7|2|12|3|10|11|1|9|2|7|7|5|10|3,TRUE,2,0,
1190,11,2|8|2|5|7|5|1|9|6|3|1|3|2|8|7|9|1|1|9|3|6|5|3|6|5|7|6|4|8|4|7|8|2|9|4|4,TRUE,2,0,
1191,11,8|4|4|3|7|3|2|6|1|2|5|9|6|6|5|7|9|8|4|8|2|4|1|9|7|3|9|1|2|5|3|8|1|7|5|6,TRUE,2,0,
1192,14,3|5|8|11|5|6|11|10|2|9|9|7|12|6|8|8|3|8|10|1|7|12|9|5|6|12|4|1|2|3|7|2|6|10|3|1|4|1|7|9|5|10|12|4|2|11|4|11,TRUE,2,0,
1193,11,1|6|4|4|2|7|3|3|8|6|8|6|8|9|5|3|2|4|6|3|9|7|5|1|4|8|5|1|5|9|2|1|9|2|7|7,TRUE,2,0,
1194,14,5|6|4|12|6|2|9|7|1|10|4|2|3|1|3|5|8|7|6|8|4|8|1|9|12|11|6|5|11|10|12|8|7|3|2|9|11|1|4|10|3|11|2|9|5|12|10|7,TRUE,2,0,
1195,11,1|2|7|3|8|7|4|2|5|8|7|6|9|4|9|1|9|3|6|2|9|6|3|1|4|3|6|8|7|4|5|5|1|2|5|8,TRUE,2,0,
1196,14,5|12|3|6|2|1|11|4|4|8|1|7|2|9|2|3|12|3|11|5|6|4|7|1|5|6|11|4|10|6|7|12|8|3|10|8|12|2|9|9|5|7|11|8|10|10|9|1,TRUE,2,0,
1197,14,9|5|12|10|6|1|11|5|6|11|2|4|5|11|1|7|9|11|7|8|8|6|9|7|5|1|10|4|8|12|2|2|3|10|12|12|1|8|10|6|4|7|9|3|2|3|3|4,TRUE,2,0,
1198,14,7|4|10|6|8|11|10|7|1|2|8|12|5|3|6|5|11|9|1|1|2|7|9|1|3|3|9|9|2|4|12|8|10|4|8|6|2|5|4|12|6|7|10|12|11|11|5|3,TRUE,2,0,
1199,14,1|10|4|4|1|8|3|2|3|6|8|11|9|6|2|11|12|3|2|4|7|5|8|12|3|5|6|11|8|1|10|11|7|6|9|2|9|7|7|5|9|4|12|1|12|10|5|10,TRUE,2,0,
1200,11,1|5|3|6|4|9|7|6|9|2|2|3|6|8|3|8|9|1|2|7|6|1|8|7|4|8|5|1|7|9|5|4|2|5|3|4,TRUE,2,0,
1201,11,4|6|2|3|2|7|7|1|7|3|6|3|1|1|5|8|5|8|4|9|2|8|6|7|4|5|1|2|5|9|9|4|3|8|9|6,TRUE,2,0,
1202,14,2|12|9|5|9|8|10|1|3|11|2|12|10|5|1|5|11|7|8|11|3|10|11|1|12|8|1|10|3|8|6|7|7|4|4|2|6|2|3|4|9|4|9|12|6|5|6|7,TRUE,2,0,
1203,14,9|9|12|3|4|8|8|2|2|6|7|10|11|6|1|11|8|12|7|9|1|5|10|3|3|10|2|9|1|6|12|11|12|5|1|3|7|6|4|11|2|4|8|7|4|5|5|10,TRUE,2,0,
1204,11,2|1|8|6|8|8|7|7|9|2|1|6|3|6|1|2|5|4|3|3|9|7|3|7|1|4|2|6|9|5|4|8|5|9|5|4,TRUE,2,0,
1205,14,4|7|10|8|11|12|5|3|1|2|8|1|8|6|7|9|7|12|11|5|10|3|4|3|11|10|12|9|2|9|11|1|5|12|9|6|2|1|2|7|4|6|8|10|6|5|3|4,TRUE,2,0,
1206,11,7|3|1|3|6|5|5|4|8|1|8|7|9|5|4|5|7|8|9|4|6|4|6|1|1|2|2|7|8|6|2|9|9|3|2|3,TRUE,2,0,
1207,14,1|3|6|2|5|9|2|11|8|5|4|7|7|9|1|9|10|7|11|8|3|12|8|1|10|1|7|11|4|11|8|4|12|5|4|6|2|9|12|10|3|6|5|10|12|2|3|6,TRUE,2,0,
1208,11,3|1|8|6|1|5|7|2|8|4|5|3|7|4|9|2|7|6|2|9|7|9|6|8|5|1|4|4|1|5|2|3|9|6|8|3,TRUE,2,0,
1209,14,8|2|7|11|2|3|10|8|8|3|5|7|7|5|2|9|9|11|12|12|6|8|12|11|6|12|4|10|10|2|6|1|1|1|5|4|9|9|6|3|4|3|5|1|4|7|11|10,TRUE,2,0,
1210,14,3|7|12|9|12|11|12|4|4|10|9|1|6|1|2|2|11|6|11|5|8|3|7|9|1|7|3|9|8|6|12|6|10|1|5|3|8|4|7|5|2|11|10|2|8|4|10|5,TRUE,2,0,
1211,14,8|12|4|11|5|5|12|4|10|8|10|12|3|6|10|1|5|2|12|3|7|1|6|4|8|9|2|2|9|7|11|6|5|2|10|3|11|9|6|8|3|7|4|9|7|1|11|1,TRUE,2,0,
1212,11,1|8|7|2|8|5|9|9|7|3|3|4|4|5|9|7|6|2|3|6|1|2|5|9|6|3|2|4|1|8|5|8|6|1|7|4,TRUE,2,0,
1213,11,1|8|8|3|7|4|4|9|7|9|8|6|1|7|2|5|5|6|6|6|3|5|2|4|9|9|5|1|8|1|2|7|3|2|3|4,TRUE,2,0,
1214,11,6|8|3|3|2|2|9|7|3|2|7|2|9|4|6|5|4|7|4|5|8|8|4|9|3|1|9|8|1|5|5|7|1|6|1|6,TRUE,2,0,
1215,14,5|10|9|11|8|6|12|2|11|2|5|12|3|4|5|9|9|10|3|1|7|5|6|8|1|7|2|8|7|10|11|1|8|4|6|6|9|11|10|7|3|3|12|4|2|12|4|1,TRUE,2,0,
1216,14,3|8|6|1|5|9|12|3|9|3|9|12|3|2|9|10|10|11|4|8|5|4|7|4|1|7|7|7|2|6|6|5|4|8|11|2|10|6|1|5|11|12|11|8|12|2|1|10,TRUE,2,0,
1217,11,5|9|6|2|9|5|2|6|9|7|6|4|1|4|9|3|5|1|4|3|5|6|8|8|8|3|7|2|1|8|7|2|1|4|3|7,TRUE,2,0,
1218,14,1|2|6|4|1|7|5|3|2|12|11|8|5|2|10|4|4|3|9|10|11|5|8|12|4|6|10|6|10|3|9|7|1|8|8|7|11|2|6|5|12|12|11|3|1|9|9|7,TRUE,2,0,
1219,14,7|5|6|12|2|1|4|7|9|10|3|11|9|5|11|7|4|9|8|6|11|1|1|3|10|10|5|9|3|4|3|8|2|6|8|12|4|2|10|2|5|12|6|12|1|8|11|7,TRUE,2,0,
1220,11,3|9|1|4|7|8|4|7|8|2|4|4|5|5|6|7|1|6|6|8|3|2|2|7|3|9|9|5|9|5|6|2|1|1|3|8,TRUE,2,0,
1221,14,5|8|12|7|11|8|5|1|12|6|3|11|4|1|2|9|7|2|4|6|3|6|2|8|2|9|3|12|3|1|10|9|11|4|10|1|4|5|12|11|6|5|7|10|7|10|8|9,TRUE,2,0,
1222,11,4|4|3|6|1|9|1|2|8|4|3|6|5|4|9|9|3|8|8|2|2|6|2|6|5|7|7|1|5|7|5|9|8|7|1|3,TRUE,2,0,
1223,11,9|3|8|6|7|3|4|5|9|1|8|7|1|2|6|9|6|1|6|7|4|8|3|5|2|1|2|5|4|3|8|9|5|4|7|2,TRUE,2,0,
1224,14,1|7|8|12|9|11|9|2|1|2|1|6|1|10|7|10|9|8|6|5|7|12|9|11|3|3|10|5|2|6|4|11|4|2|3|5|4|5|3|8|7|12|12|11|6|4|10|8,TRUE,2,0,
1225,14,10|2|11|11|1|5|9|8|4|7|6|9|6|3|4|6|7|2|7|5|8|3|3|10|9|12|4|3|4|1|11|1|2|8|5|10|1|9|11|8|7|12|12|5|2|6|10|12,TRUE,2,0,
1226,11,6|8|5|2|8|6|6|3|5|9|9|4|7|7|2|3|3|5|1|4|6|5|7|1|1|4|9|8|4|1|2|2|8|9|3|7,TRUE,2,0,
1227,14,2|3|2|12|9|3|11|5|6|10|5|12|6|1|8|11|11|9|5|3|7|7|1|2|5|6|8|12|8|4|9|2|10|12|4|4|1|9|10|6|3|10|4|8|7|11|1|7,TRUE,2,0,
1228,14,4|10|1|10|12|3|4|6|4|9|5|6|5|10|7|11|1|9|3|12|7|6|2|2|8|12|10|7|8|5|5|3|7|2|6|9|11|1|8|4|12|8|11|3|1|2|9|11,TRUE,2,0,
1229,14,1|2|10|8|4|1|8|5|4|8|3|12|12|11|6|11|9|1|11|3|11|12|3|7|5|7|2|4|6|8|6|3|10|9|5|12|5|1|4|2|2|6|7|10|10|7|9|9,TRUE,2,0,
1230,14,1|7|12|8|8|6|10|8|1|5|4|9|11|10|11|11|9|5|10|2|1|5|6|3|8|6|2|9|4|5|12|7|4|10|3|2|7|9|1|3|4|7|3|6|11|12|12|2,TRUE,2,0,
1231,11,6|3|5|1|1|9|8|7|5|9|3|4|9|7|8|7|5|2|9|1|6|3|7|1|2|4|8|4|6|4|3|5|6|2|2|8,TRUE,2,0,
1232,11,4|2|7|9|8|4|3|7|6|8|5|7|5|9|9|1|6|6|5|2|1|6|8|4|7|5|1|3|2|8|3|3|4|2|9|1,TRUE,2,0,
1233,14,11|6|8|9|11|7|7|5|8|12|1|3|12|5|8|9|4|5|3|10|1|1|11|6|12|4|2|10|2|2|6|8|5|1|4|9|3|10|12|4|11|7|2|6|9|7|3|10,TRUE,2,0,
1234,11,9|2|5|1|7|9|3|3|6|8|1|6|8|8|3|2|6|9|4|1|7|1|7|2|8|4|4|5|5|3|7|4|6|9|5|2,TRUE,2,0,
1235,14,12|9|7|4|6|11|3|1|4|6|1|1|10|8|6|11|5|2|3|11|4|8|10|9|7|9|5|2|10|9|5|6|3|1|7|12|8|2|12|11|2|5|10|3|12|8|7|4,TRUE,2,0,
1236,11,5|3|8|6|2|7|7|5|5|7|6|6|4|2|1|5|1|6|9|3|9|1|3|1|3|9|2|4|8|7|4|8|2|4|9|8,TRUE,2,0,
1237,14,1|7|9|7|9|2|12|5|7|3|1|11|8|6|2|5|10|8|10|4|10|7|12|6|4|1|9|2|2|12|11|9|6|3|1|10|11|3|4|8|4|12|8|11|5|6|5|3,TRUE,2,0,
1238,14,2|8|5|11|10|8|1|9|3|4|1|11|5|7|1|11|6|10|2|1|6|3|8|5|11|6|10|12|3|4|3|9|9|6|7|10|5|2|12|8|7|12|2|9|7|4|4|12,TRUE,2,0,
1239,14,12|6|5|8|1|7|1|7|6|2|11|3|3|12|4|11|9|12|4|8|5|10|11|11|7|2|1|1|3|5|8|2|6|10|10|4|8|6|4|9|9|12|5|10|9|3|7|2,TRUE,2,0,
1240,11,3|2|2|7|9|5|8|4|6|9|5|4|1|6|4|2|3|7|3|6|9|3|8|7|8|1|7|4|5|5|9|2|1|6|8|1,TRUE,2,0,
1241,11,6|7|1|1|1|8|9|8|5|4|3|2|2|4|9|7|3|7|6|4|8|5|8|6|2|4|3|5|9|2|1|5|7|3|9|6,TRUE,2,0,
1242,11,6|5|3|1|8|5|8|3|3|1|5|3|8|4|1|9|4|6|2|6|1|4|9|7|4|7|9|7|2|2|6|5|8|7|9|2,TRUE,2,0,
1243,14,11|5|10|3|3|8|6|10|12|6|9|8|11|12|7|2|6|9|7|4|11|1|8|7|10|10|1|9|1|7|3|11|5|4|5|4|1|3|2|12|12|8|2|6|5|2|9|4,TRUE,2,0,
1244,14,5|12|11|9|1|11|10|9|2|9|1|8|2|5|5|4|10|2|10|4|3|3|7|5|12|9|12|4|12|11|1|4|8|7|11|3|8|6|10|6|8|7|2|1|6|6|3|7,TRUE,2,0,
1245,11,3|7|1|1|2|7|8|6|9|8|4|7|8|4|3|1|5|6|2|3|4|4|3|6|7|5|9|2|5|1|8|9|9|5|6|2,TRUE,2,0,
1246,14,9|3|2|8|10|10|9|8|6|5|11|5|12|3|3|2|4|11|9|4|12|4|6|9|1|10|7|1|8|5|8|1|3|2|11|10|7|6|6|2|12|7|1|7|5|12|4|11,TRUE,2,0,
1247,11,7|5|6|2|7|1|3|2|3|4|8|7|5|4|1|3|8|9|6|6|4|5|8|2|1|1|9|9|4|8|3|2|5|7|9|6,TRUE,2,0,
1248,14,11|9|9|4|12|6|8|8|6|5|2|12|1|11|5|11|5|6|6|7|12|3|7|3|9|10|4|2|8|7|4|10|3|12|4|5|1|8|11|10|7|1|9|2|3|2|1|10,TRUE,2,0,
1249,11,7|5|3|8|6|6|9|9|3|2|1|2|2|4|8|9|7|3|7|3|9|2|7|5|4|6|1|6|5|8|1|1|5|4|8|4,TRUE,2,0,
1250,11,1|5|7|9|3|8|7|4|4|4|1|6|7|9|3|8|8|9|2|1|3|6|5|6|1|2|3|2|8|5|6|7|5|9|2|4,TRUE,2,0,
1251,14,2|9|1|10|7|9|8|4|8|7|5|8|6|3|4|7|2|12|6|6|4|5|10|8|2|2|12|11|1|3|5|12|3|3|11|11|5|6|1|11|12|9|4|1|9|7|10|10,TRUE,2,0,
1252,14,3|11|7|6|5|12|4|7|10|11|2|9|3|1|8|9|6|4|9|7|7|10|12|12|11|11|6|5|1|8|10|8|10|2|4|9|6|2|5|4|12|8|1|1|3|2|5|3,TRUE,2,0,
1253,14,5|11|6|7|10|4|12|10|10|11|3|9|1|2|11|5|7|7|9|2|2|6|5|1|9|5|8|7|3|11|2|8|3|3|12|6|12|4|6|1|4|10|4|8|1|8|12|9,TRUE,2,0,
1254,14,6|2|7|12|11|7|11|6|4|5|8|8|12|6|11|9|3|10|8|12|8|11|1|5|2|7|3|4|2|6|9|4|10|5|10|2|3|7|3|12|9|1|10|9|4|1|1|5,TRUE,2,0,
1255,11,7|1|2|7|2|7|5|5|9|3|9|8|8|1|1|6|6|9|2|1|4|4|4|6|8|3|2|9|3|5|5|7|4|8|3|6,TRUE,2,0,
1256,14,7|6|9|12|8|1|5|3|10|4|4|8|4|8|5|2|3|1|11|7|12|11|1|9|2|8|3|1|12|7|5|7|2|10|11|10|12|11|9|2|6|3|6|6|4|9|10|5,TRUE,2,0,
1257,14,6|10|10|11|7|5|5|11|4|10|1|10|3|6|8|4|12|9|6|2|1|7|12|1|5|11|5|12|3|9|8|9|7|9|12|8|2|4|3|11|7|3|2|1|6|2|4|8,TRUE,2,0,
1258,11,9|5|7|1|6|5|7|5|1|4|2|3|4|6|3|6|8|9|4|3|8|2|2|7|2|9|6|9|1|5|7|4|8|1|3|8,TRUE,2,0,
1259,14,8|1|6|12|10|12|11|1|4|7|11|9|5|7|4|10|10|2|5|8|6|11|5|2|7|10|9|3|8|1|1|4|2|6|6|3|2|9|7|3|3|9|8|4|5|11|12|12,TRUE,2,0,
1260,11,4|7|5|2|3|8|4|3|7|9|2|5|6|6|1|8|1|8|1|5|2|1|7|6|8|9|6|9|7|3|9|4|2|5|3|4,TRUE,2,0,
1261,11,8|2|1|1|7|2|4|8|1|6|3|5|2|9|9|7|8|9|3|4|6|2|8|1|4|6|5|9|7|5|5|3|6|7|4|3,TRUE,2,0,
1262,11,5|9|6|2|7|1|4|1|8|8|8|9|8|9|7|7|4|4|3|5|5|6|3|6|7|9|3|1|2|5|6|2|4|1|2|3,TRUE,2,0,
1263,14,6|5|6|3|4|7|4|11|2|5|3|12|12|10|12|12|2|10|9|7|8|11|10|8|8|1|9|7|9|1|10|9|8|2|6|11|4|11|5|4|3|6|1|2|3|5|1|7,TRUE,2,0,
1264,14,6|1|4|11|12|6|5|3|2|9|9|11|8|1|3|7|12|8|7|5|2|11|8|9|10|1|11|5|12|4|10|9|7|5|3|4|12|6|6|1|4|3|2|7|2|10|8|10,TRUE,2,0,
1265,14,4|12|8|9|7|12|6|1|5|12|5|10|10|7|7|9|2|5|7|4|10|3|4|6|8|8|3|10|8|12|1|2|11|1|11|3|6|11|5|9|4|11|9|2|3|2|1|6,TRUE,2,0,
1266,14,1|2|10|1|11|10|4|9|6|7|4|3|1|11|11|5|3|8|6|10|7|9|3|2|10|5|2|4|8|6|11|7|12|3|8|9|2|12|9|8|12|6|1|7|5|12|4|5,TRUE,2,0,
1267,14,6|11|4|3|10|3|3|2|9|12|5|4|8|1|11|7|9|12|5|6|2|9|1|8|10|7|7|11|2|6|10|12|1|8|4|12|9|5|10|5|3|2|4|11|6|7|1|8,TRUE,2,0,
1268,11,5|8|7|1|3|6|7|9|4|6|1|8|9|2|1|9|4|1|4|7|3|6|8|9|2|7|4|5|6|2|8|3|5|3|5|2,TRUE,2,0,
1269,14,4|9|12|3|11|2|7|2|4|12|1|10|11|6|5|3|2|8|6|6|3|7|5|8|9|6|3|9|1|5|2|8|12|4|4|7|1|10|10|11|5|8|10|7|1|11|12|9,TRUE,2,0,
1270,11,7|3|8|9|6|2|4|4|6|2|2|6|1|9|1|5|5|9|6|4|7|3|5|8|4|1|5|1|8|2|3|3|8|7|9|7,TRUE,2,0,
1271,11,4|9|1|5|9|2|2|5|7|9|6|3|3|6|4|4|9|8|1|5|1|7|4|3|6|1|8|6|5|3|7|8|2|7|2|8,TRUE,2,0,
1272,14,2|9|11|2|3|6|2|3|5|8|9|4|7|10|1|3|10|5|6|1|1|12|5|4|12|9|12|6|7|4|5|2|10|6|11|8|11|8|7|11|4|1|8|10|12|7|9|3,TRUE,2,0,
1273,14,12|11|2|10|8|12|9|3|5|2|11|6|6|7|4|4|1|6|1|4|1|10|7|11|9|12|8|10|2|1|8|3|9|7|2|6|3|12|11|10|5|5|9|3|4|5|8|7,TRUE,2,0,
1274,11,7|5|6|7|5|9|1|6|1|3|3|2|8|4|7|9|8|1|7|8|4|8|6|1|4|4|9|3|2|9|2|3|5|2|6|5,TRUE,2,0,
1275,14,5|12|8|7|3|10|2|5|6|1|2|9|11|4|3|9|9|5|7|4|2|1|4|11|9|8|5|3|3|6|11|12|12|10|7|8|2|6|1|4|12|11|8|1|10|10|6|7,TRUE,2,0,
1276,11,3|2|2|5|9|8|6|5|6|7|4|4|9|7|3|2|8|5|7|1|3|2|8|1|8|9|1|1|4|9|7|6|6|3|5|4,TRUE,2,0,
1277,11,3|2|6|2|9|3|3|1|8|7|4|4|7|9|8|6|5|2|9|2|6|8|1|3|5|5|6|7|1|7|5|4|9|1|8|4,TRUE,2,0,
1278,11,2|7|1|4|1|3|6|8|7|5|4|3|9|7|5|5|9|4|2|9|3|8|6|7|6|5|9|6|4|3|1|2|1|8|8|2,TRUE,2,0,
1279,14,3|7|1|1|4|2|9|4|7|11|11|12|10|2|8|3|5|7|10|8|2|3|2|12|3|6|10|5|9|11|12|12|11|1|4|6|9|8|1|9|5|8|7|6|10|4|6|5,TRUE,2,0,
1280,14,10|11|10|11|11|7|4|3|5|1|10|10|8|1|12|4|5|9|7|8|6|2|2|12|1|3|9|11|5|8|9|6|12|9|2|7|8|3|5|7|6|4|6|4|2|12|3|1,TRUE,2,0,
1281,14,7|2|2|1|4|10|7|10|4|6|9|9|1|8|11|8|7|3|1|2|7|12|12|6|12|8|10|8|10|3|12|5|4|9|11|11|6|1|3|2|4|5|3|5|9|11|5|6,TRUE,2,0,
1282,14,10|10|5|3|11|9|1|11|2|8|6|2|9|8|9|1|4|2|10|3|7|8|1|4|3|12|3|6|5|12|7|4|10|11|12|6|5|11|9|7|12|6|2|1|4|5|7|8,TRUE,2,0,
1283,11,9|6|8|3|3|8|5|7|2|4|2|5|2|9|4|9|5|6|7|7|1|1|5|8|9|1|3|6|8|4|7|6|2|3|4|1,TRUE,2,0,
1284,14,2|7|12|5|7|6|3|5|3|1|12|10|9|1|5|5|9|4|12|11|7|3|2|4|10|11|10|7|1|6|8|8|6|9|4|3|1|2|12|11|6|2|8|8|11|10|9|4,TRUE,2,0,
1285,14,12|9|4|10|7|4|3|10|3|10|9|12|1|5|1|11|6|5|2|1|4|5|6|7|12|11|3|6|9|8|7|8|2|7|1|6|8|4|2|12|8|10|3|11|9|2|11|5,TRUE,2,0,
1286,11,3|8|3|6|8|9|3|1|2|9|2|6|7|5|1|9|1|4|6|7|2|7|9|2|5|4|7|5|4|8|8|3|1|4|5|6,TRUE,2,0,
1287,11,9|8|4|4|8|5|7|2|5|6|3|2|9|3|4|8|1|7|5|1|9|6|3|7|3|8|9|2|4|6|1|6|7|5|1|2,TRUE,2,0,
1288,14,5|2|1|12|11|6|8|10|5|9|11|3|11|11|9|2|10|4|10|9|8|5|6|7|12|2|9|8|8|6|12|7|2|4|1|7|1|3|12|7|3|3|4|5|4|1|10|6,TRUE,2,0,
1289,11,2|2|7|2|9|5|4|8|1|9|6|3|1|8|6|4|2|9|8|1|7|3|4|7|5|5|1|5|9|6|8|7|3|3|6|4,TRUE,2,0,
1290,14,9|11|3|5|2|7|2|11|5|1|8|4|4|6|9|12|10|12|6|3|1|4|7|8|6|7|12|7|10|3|11|5|3|12|8|10|2|6|11|9|4|10|8|1|9|1|2|5,TRUE,2,0,
1291,11,3|1|9|6|3|7|8|5|8|7|2|1|6|3|9|4|2|5|8|6|2|1|3|7|1|6|4|2|8|4|7|4|9|5|5|9,TRUE,2,0,
1292,14,5|3|6|5|2|6|7|12|8|6|7|4|9|10|5|12|1|1|8|5|10|1|10|4|9|7|11|3|8|2|9|10|11|12|6|2|3|11|7|3|12|9|11|8|2|4|4|1,TRUE,2,0,
1293,14,2|7|10|6|5|11|2|5|3|10|4|10|9|6|4|4|8|1|9|11|11|5|7|7|3|7|1|10|12|6|2|3|9|4|8|2|3|8|6|12|12|12|1|9|11|5|1|8,TRUE,2,0,
1294,14,1|5|11|7|3|5|11|4|6|4|2|8|1|7|12|6|7|12|10|3|5|4|7|5|9|1|3|3|10|4|9|6|2|9|12|12|2|8|2|8|10|11|10|8|11|1|6|9,TRUE,2,0,
1295,14,12|12|5|3|4|1|9|8|8|3|2|5|7|4|10|6|2|2|7|7|4|3|1|3|6|5|9|6|1|11|10|10|9|2|1|12|7|5|12|11|8|10|11|9|4|6|8|11,TRUE,2,0,
1296,11,7|4|7|8|5|1|9|8|3|2|1|9|5|2|5|9|7|2|3|8|4|6|8|2|9|6|4|3|5|7|6|1|4|6|3|1,TRUE,2,0,
1297,11,6|1|4|8|2|9|4|2|3|4|8|2|7|7|6|1|8|5|4|6|9|5|7|5|7|8|5|6|1|9|1|3|3|3|9|2,TRUE,2,0,
1298,14,12|2|5|3|8|11|2|5|3|2|1|10|7|12|9|4|9|6|11|4|9|4|7|6|1|6|12|10|7|9|10|11|5|6|5|1|8|8|2|7|4|3|8|1|10|11|3|12,TRUE,2,0,
1299,14,11|10|5|9|7|9|5|8|10|7|9|12|2|5|11|7|12|11|8|2|10|7|2|4|6|3|3|3|4|12|2|6|5|10|8|12|4|1|6|1|8|1|4|11|1|6|3|9,TRUE,2,0,
1300,11,7|6|6|1|1|2|5|4|5|3|9|7|2|9|1|5|6|9|5|8|7|3|8|6|7|1|8|2|8|4|2|4|9|3|3|4,TRUE,2,0,
1301,11,4|6|1|4|2|1|5|3|6|2|2|1|3|5|9|8|3|7|9|7|4|1|3|5|7|8|5|6|8|2|7|9|6|8|4|9,TRUE,2,0,
1302,14,2|8|1|9|6|8|7|6|10|3|4|2|7|12|11|5|10|8|7|1|11|12|10|5|11|3|7|4|1|5|4|4|11|3|10|12|3|5|9|9|2|12|1|6|6|9|2|8,TRUE,2,0,
1303,14,8|10|1|12|3|2|9|7|3|3|9|6|5|1|10|7|3|11|9|6|1|6|12|10|2|4|10|5|8|12|11|9|6|11|12|7|4|8|11|2|4|7|8|4|5|2|5|1,TRUE,2,0,
1304,11,1|1|7|3|6|8|5|8|2|2|5|4|3|8|3|9|4|1|6|6|9|7|5|4|7|8|3|2|7|6|2|9|5|1|9|4,TRUE,2,0,
1305,14,7|5|10|11|6|5|7|4|1|4|2|3|3|11|6|12|7|4|1|9|1|10|12|11|9|6|1|9|4|2|8|8|2|10|5|9|8|3|6|10|3|7|5|12|2|12|11|8,TRUE,2,0,
1306,11,1|2|7|4|2|5|7|6|8|3|2|8|7|9|9|1|6|3|4|8|9|9|3|4|5|1|6|8|5|2|5|7|6|3|1|4,TRUE,2,0,
1307,11,9|4|4|9|2|2|6|4|5|5|6|3|7|3|7|1|7|5|7|5|8|9|6|2|6|1|8|3|4|3|8|1|2|9|8|1,TRUE,2,0,
1308,14,5|3|9|10|2|6|10|1|12|9|12|8|10|2|11|6|9|6|7|3|5|6|1|1|4|1|5|2|8|7|7|4|3|5|11|7|12|12|8|11|10|11|2|4|9|3|8|4,TRUE,2,0,
1309,14,8|9|2|11|7|1|7|3|9|9|6|8|11|3|8|3|5|1|3|7|12|6|7|1|12|5|10|1|4|12|4|6|2|4|10|6|12|11|11|9|10|8|10|5|4|2|5|2,TRUE,2,0,
1310,11,7|5|1|2|5|9|6|9|6|9|2|1|6|5|3|3|8|4|2|4|8|1|8|3|7|7|2|8|3|9|5|7|1|6|4|4,TRUE,2,0,
1311,14,7|5|12|1|3|12|10|6|10|2|5|6|11|1|4|8|5|8|5|11|1|10|6|3|1|6|7|9|4|11|8|2|3|8|7|4|12|11|9|3|12|10|2|9|4|2|9|7,TRUE,2,0,
1312,14,4|8|6|3|1|10|10|5|3|7|5|6|9|3|8|10|2|1|11|12|12|7|11|4|9|1|3|12|7|9|4|12|4|8|5|1|11|11|2|2|7|2|8|5|6|10|9|6,TRUE,2,0,
1313,14,12|6|4|2|4|7|8|5|1|9|2|11|9|10|8|2|1|6|3|1|6|4|10|5|12|9|1|3|11|9|12|2|7|4|11|6|10|7|3|8|3|10|12|8|7|5|11|5,TRUE,2,0,
1314,14,2|6|2|10|9|9|5|11|1|4|2|1|12|3|1|12|10|2|5|3|8|9|10|4|4|3|10|9|11|5|6|7|7|7|12|1|12|3|8|8|5|4|6|8|7|11|11|6,TRUE,2,0,
1315,11,7|3|2|4|5|6|8|8|3|4|9|2|5|1|6|7|1|6|6|1|8|4|4|2|8|5|7|3|9|7|9|1|9|2|3|5,TRUE,2,0,
1316,11,5|2|6|3|7|9|6|1|8|7|1|6|5|7|8|7|1|9|4|4|5|2|3|5|4|6|4|9|2|2|3|9|3|8|1|8,TRUE,2,0,
1317,11,4|4|1|9|6|8|2|6|4|1|7|3|7|3|8|9|1|5|4|3|5|3|2|6|2|5|6|1|8|5|2|8|7|9|9|7,TRUE,2,0,
1318,11,4|7|7|5|2|2|5|6|1|5|6|3|8|9|3|7|1|8|1|6|4|2|9|2|1|9|4|3|8|7|8|9|4|6|5|3,TRUE,2,0,
1319,14,11|8|11|6|7|5|4|6|2|10|10|3|5|8|11|12|3|7|9|6|5|8|8|12|3|2|7|11|3|1|12|4|4|10|12|1|6|9|1|2|10|9|4|2|7|1|5|9,TRUE,2,0,
1320,14,11|9|12|11|1|1|11|2|4|3|2|8|5|7|8|11|5|4|3|12|9|2|7|8|9|1|10|8|6|3|5|9|6|4|7|10|12|10|2|6|5|3|6|7|12|10|4|1,TRUE,2,0,
1321,14,3|11|11|4|7|11|8|10|5|5|11|1|4|10|8|12|12|5|8|12|12|1|6|4|10|3|10|6|2|2|7|9|1|1|4|6|5|3|2|6|9|8|2|7|3|7|9|9,TRUE,2,0,
1322,14,1|4|4|1|2|4|6|7|1|7|10|3|6|5|11|10|8|8|12|7|2|5|5|6|9|6|7|9|12|8|9|11|11|9|10|3|11|2|12|3|2|8|10|4|1|12|5|3,TRUE,2,0,
1323,11,6|1|1|8|9|7|6|3|1|2|2|5|3|4|4|1|7|8|3|2|9|7|6|4|2|5|8|4|8|6|9|5|7|9|5|3,TRUE,2,0,
1324,14,3|6|11|4|8|7|6|6|1|8|4|1|8|5|5|10|11|4|11|1|3|9|2|9|1|8|11|3|6|2|12|7|3|4|9|12|5|2|9|10|7|5|10|7|12|2|10|12,TRUE,2,0,
1325,14,1|9|1|4|4|8|9|6|3|7|3|8|10|12|11|8|6|3|4|2|11|12|6|5|12|7|9|11|1|12|3|6|2|7|1|9|10|2|7|5|4|5|5|10|8|11|10|2,TRUE,2,0,
1326,11,5|1|2|4|3|5|4|6|9|9|8|7|2|1|3|8|3|2|9|2|7|8|1|3|6|4|7|8|6|7|4|5|5|1|6|9,TRUE,2,0,
1327,11,4|5|8|6|3|7|2|6|3|5|9|9|2|8|6|2|4|8|2|3|7|1|9|1|9|8|5|7|6|3|1|5|7|4|4|1,TRUE,2,0,
1328,14,1|12|3|6|10|8|11|12|2|7|4|7|3|6|2|8|8|6|5|4|4|3|5|7|10|10|12|9|11|9|5|8|7|5|10|4|2|9|9|3|1|11|6|1|11|2|12|1,TRUE,2,0,
1329,14,7|8|11|1|8|10|8|5|7|10|3|5|6|5|9|6|9|4|3|1|12|10|5|9|2|7|2|11|12|1|9|8|1|4|4|6|12|10|12|2|4|6|2|7|3|3|11|11,TRUE,2,0,
1330,11,4|3|7|6|4|6|6|5|8|4|1|9|5|8|3|2|8|1|9|5|7|8|1|7|7|1|9|6|2|4|3|2|2|3|5|9,TRUE,2,0,
1331,14,10|3|9|11|4|3|7|8|1|5|2|7|7|8|12|2|5|9|9|11|11|11|9|1|6|6|10|2|12|10|5|4|3|6|5|10|7|3|1|12|8|1|2|4|4|8|12|6,TRUE,2,0,
1332,11,4|5|4|2|7|7|6|2|8|4|8|9|3|6|2|1|1|5|9|5|1|8|9|9|5|1|3|7|7|3|6|2|8|4|6|3,TRUE,2,0,
1333,11,9|3|1|8|8|7|1|6|5|1|6|2|2|8|4|5|6|7|3|4|5|7|2|4|9|1|9|9|8|4|3|7|5|2|3|6,TRUE,2,0,
1334,11,7|7|2|9|1|2|7|8|9|5|6|4|1|1|6|8|4|9|6|5|3|3|9|6|3|7|3|2|4|8|4|8|2|1|5|5,TRUE,2,0,
1335,14,10|10|3|4|6|1|7|1|10|3|12|2|12|2|12|7|4|7|5|8|11|2|2|5|11|1|6|3|3|11|5|9|12|4|6|9|7|10|11|6|4|1|9|8|8|5|9|8,TRUE,2,0,
1336,14,12|6|4|2|4|2|11|7|9|3|9|2|5|8|1|6|10|10|9|5|11|9|4|11|11|5|4|10|1|12|5|8|8|12|3|7|3|6|1|3|12|6|8|1|10|2|7|7,TRUE,2,0,
1337,14,11|3|4|3|4|10|2|10|12|2|7|11|5|9|8|12|3|7|1|6|7|1|8|11|2|5|2|5|12|12|10|6|3|10|8|8|4|9|9|6|6|11|1|1|4|7|9|5,TRUE,2,0,
1338,14,11|2|5|3|1|12|4|3|6|8|11|8|10|1|4|9|5|3|11|12|8|7|2|4|9|7|7|5|6|1|9|12|7|10|10|4|10|8|3|6|11|5|6|9|2|1|2|12,TRUE,2,0,
1339,14,5|12|12|7|11|1|4|9|2|10|9|4|12|12|11|5|6|6|10|1|7|8|4|2|3|11|9|6|3|6|10|10|8|1|2|2|5|5|8|7|3|9|4|1|11|7|3|8,TRUE,2,0,
1340,11,4|2|4|6|7|3|4|3|5|7|7|8|4|6|1|9|1|9|9|8|5|9|1|8|6|2|1|3|5|2|2|3|8|5|6|7,TRUE,2,0,
1341,11,1|5|2|1|4|1|1|6|4|3|8|6|9|5|5|3|9|7|3|7|3|4|8|2|6|5|9|8|6|9|7|2|7|2|4|8,TRUE,2,0,
1342,14,3|2|12|4|7|3|10|12|5|9|1|7|3|11|7|8|11|6|9|8|8|11|1|8|7|2|12|5|4|12|4|5|6|2|6|1|2|10|6|10|4|10|9|1|3|9|5|11,TRUE,2,0,
1343,14,10|9|4|7|1|2|1|5|3|12|9|12|8|2|3|10|2|10|8|7|4|12|6|5|12|6|6|10|11|2|5|8|7|5|6|9|8|3|7|11|11|1|1|3|11|4|9|4,TRUE,2,0,
1344,11,8|5|4|5|4|3|8|7|1|7|4|7|6|1|2|9|6|2|8|1|7|9|2|6|5|1|6|9|2|5|9|3|3|3|4|8,TRUE,2,0,
1345,14,7|4|5|2|12|12|6|4|9|12|6|10|6|10|8|2|7|8|11|1|2|6|2|3|5|7|10|4|9|11|1|7|9|3|10|11|1|1|3|5|11|8|5|3|12|8|4|9,TRUE,2,0,
1346,11,3|6|9|7|2|8|7|8|3|4|2|1|4|9|3|3|5|4|1|7|9|2|9|8|5|5|1|2|6|4|6|7|1|5|6|8,TRUE,2,0,
1347,14,6|11|5|10|8|11|4|7|10|2|9|12|5|1|3|7|8|12|4|6|2|8|3|7|1|9|2|5|8|11|3|12|9|9|6|4|6|3|5|12|1|7|10|10|1|4|2|11,TRUE,2,0,
1348,11,7|2|1|3|2|1|4|9|3|4|2|5|4|7|1|2|8|6|6|5|8|9|7|8|6|5|1|7|3|9|3|9|5|6|4|8,TRUE,2,0,
1349,14,6|7|4|10|4|5|6|12|10|3|12|12|2|10|8|3|1|12|11|7|6|5|9|11|1|1|10|7|6|2|3|9|7|8|1|11|8|4|4|3|5|2|9|2|9|5|8|11,TRUE,2,0,
1350,11,5|6|6|3|3|4|2|2|2|5|8|6|3|2|1|8|9|3|7|9|4|1|1|8|5|7|6|4|8|7|5|4|1|9|9|7,TRUE,2,0,
1351,14,4|7|5|1|7|11|3|11|9|2|1|7|3|5|4|4|8|6|9|11|4|10|9|11|5|1|12|3|9|1|10|8|6|12|7|2|12|10|6|3|2|5|12|6|2|8|8|10,TRUE,2,0,
1352,14,8|5|2|9|10|12|7|5|10|4|4|9|11|2|2|8|1|11|9|11|8|10|3|7|12|5|4|1|12|3|3|11|6|1|4|6|5|10|3|1|6|7|2|8|6|7|12|9,TRUE,2,0,
1353,11,6|3|7|3|8|2|1|1|6|2|9|7|9|5|1|7|6|3|8|1|5|4|7|3|8|5|6|4|4|4|9|2|5|2|9|8,TRUE,2,0,
1354,14,4|5|10|11|10|9|7|11|9|3|7|2|11|6|6|9|4|3|1|10|1|4|4|8|2|3|12|1|2|5|8|9|5|7|12|6|12|3|5|12|11|2|7|10|6|1|8|8,TRUE,2,0,
1355,11,9|5|2|2|7|7|1|8|5|8|2|6|3|4|3|6|1|5|4|8|6|4|8|9|7|9|2|4|7|6|3|1|5|1|9|3,TRUE,2,0,
1356,14,4|10|6|1|9|8|5|4|7|1|6|2|6|11|11|9|3|8|5|3|8|12|3|1|3|10|8|4|5|10|12|10|12|6|7|9|7|1|9|12|7|2|11|4|5|11|2|2,TRUE,2,0,
1357,14,11|7|12|10|8|11|10|2|2|4|9|5|3|3|9|1|1|3|6|12|5|6|4|10|4|8|7|6|9|12|9|3|7|1|6|2|11|10|12|7|5|8|11|5|8|4|2|1,TRUE,2,0,
1358,11,7|3|1|6|4|3|5|6|5|2|7|4|9|4|8|5|1|3|2|9|3|8|9|9|1|8|6|7|2|8|5|6|2|1|7|4,TRUE,2,0,
1359,11,8|5|9|9|4|4|8|1|6|6|7|5|8|2|6|4|1|3|5|1|4|3|7|2|3|3|2|8|9|2|7|9|6|5|1|7,TRUE,2,0,
1360,14,2|6|6|4|1|8|9|2|3|11|12|2|10|4|12|8|11|4|1|10|6|3|10|7|7|11|3|5|1|7|5|5|10|2|9|11|1|4|12|9|9|5|6|12|8|7|8|3,TRUE,2,0,
1361,11,8|5|5|1|2|3|8|2|2|4|9|3|1|6|4|6|9|7|1|2|3|9|8|4|1|6|3|7|5|7|5|4|8|9|7|6,TRUE,2,0,
1362,14,6|6|3|12|9|8|4|2|2|10|1|12|11|7|5|12|1|9|7|4|4|6|7|3|5|9|12|11|2|10|7|6|10|8|11|10|5|3|8|1|4|9|1|5|8|11|3|2,TRUE,2,0,
1363,14,11|1|7|2|8|2|5|7|2|6|1|12|8|5|4|3|8|8|9|11|7|7|11|10|4|5|10|3|6|12|10|3|10|9|12|2|1|6|9|1|11|9|6|4|5|4|12|3,TRUE,2,0,
1364,11,1|5|2|4|6|1|2|3|7|1|7|6|4|3|4|6|1|8|8|9|3|3|9|5|8|7|2|8|7|2|9|9|4|6|5|5,TRUE,2,0,
1365,14,4|9|3|1|11|6|12|3|11|7|10|8|9|5|9|2|3|1|8|6|2|9|1|4|3|12|12|7|8|1|2|10|6|12|7|4|6|4|5|7|5|5|11|10|10|2|11|8,TRUE,2,0,
1366,11,5|9|6|2|2|6|4|1|1|1|3|9|7|9|2|4|4|3|3|7|7|8|4|8|5|5|9|8|3|2|6|6|1|5|8|7,TRUE,2,0,
1367,14,3|7|9|8|11|12|5|11|5|12|5|3|8|10|9|10|4|3|6|7|1|9|9|11|10|12|1|7|1|2|8|7|10|5|8|12|2|2|4|2|4|1|4|6|6|3|11|6,TRUE,2,0,
1368,14,8|12|4|8|7|9|1|1|6|1|7|6|4|5|9|12|8|12|2|10|9|2|3|3|11|5|4|11|7|3|4|7|11|6|8|5|10|1|9|2|6|11|12|3|10|5|10|2,TRUE,2,0,
1369,11,6|6|8|8|2|9|5|8|5|6|4|2|3|5|4|1|1|8|3|1|4|9|2|5|3|7|4|3|6|9|2|7|9|7|7|1,TRUE,2,0,
1370,11,4|5|8|4|9|4|3|9|6|3|1|7|2|5|2|4|2|1|8|6|1|6|8|6|7|7|9|9|1|7|5|8|3|2|5|3,TRUE,2,0,
1371,14,5|4|12|8|2|8|11|9|11|4|5|2|5|4|11|11|1|1|12|1|8|5|3|6|9|7|3|3|12|12|6|9|6|1|2|7|4|10|10|6|8|2|3|7|10|7|10|9,TRUE,2,0,
1372,14,6|8|4|5|7|2|7|1|6|4|12|3|8|8|7|8|1|12|12|6|7|3|1|2|1|9|4|11|11|3|3|9|2|10|10|9|10|2|6|5|11|4|5|10|11|5|12|9,TRUE,2,0,
1373,11,9|6|6|8|5|3|5|9|2|5|2|1|4|4|2|6|7|8|3|3|5|7|8|7|6|9|8|1|9|3|4|1|4|7|2|1,TRUE,2,0,
1374,14,8|12|10|9|9|5|6|10|5|3|4|1|11|8|11|1|5|2|12|3|2|10|5|4|7|1|7|6|3|8|10|1|3|12|9|7|11|11|4|6|2|2|7|8|9|4|6|12,TRUE,2,0,
1375,14,4|7|8|8|3|10|6|1|4|7|2|4|10|3|10|11|1|6|12|5|4|2|6|8|5|8|11|7|7|12|11|2|3|12|11|12|3|9|6|5|10|9|1|1|5|9|9|2,TRUE,2,0,
1376,11,8|1|9|2|9|7|6|6|5|5|7|4|4|7|4|6|4|2|3|9|3|8|8|1|2|9|2|5|3|7|1|6|3|1|5|8,TRUE,2,0,
1377,14,11|3|3|1|7|10|9|3|6|12|6|4|8|4|10|3|10|8|11|5|1|5|4|5|1|7|9|2|7|1|2|11|11|9|6|8|4|12|2|10|12|12|8|5|7|2|6|9,TRUE,2,0,
1378,11,8|2|5|6|2|9|7|8|6|4|2|5|7|6|3|6|7|3|4|1|3|4|1|9|5|1|7|4|8|8|5|1|9|2|3|9,TRUE,2,0,
1379,14,5|6|8|11|7|12|7|2|4|8|10|11|9|3|3|5|10|2|4|10|5|3|7|4|12|12|3|6|11|1|1|9|12|4|8|10|2|5|1|9|8|9|2|7|1|6|6|11,TRUE,2,0,
1380,11,5|7|7|4|8|2|9|7|9|3|4|5|6|1|9|6|8|3|2|7|1|4|5|8|2|6|2|4|3|5|3|1|9|8|1|6,TRUE,2,0,
1381,11,3|7|1|3|9|2|6|4|8|2|4|8|8|5|7|4|6|5|2|9|3|5|1|1|7|9|8|3|1|2|6|7|5|9|4|6,TRUE,2,0,
1382,11,6|4|6|8|8|1|4|5|4|8|2|3|9|9|7|9|6|6|1|1|3|7|5|2|5|2|9|5|2|4|8|3|3|1|7|7,TRUE,2,0,
1383,14,10|3|11|9|6|9|1|4|7|7|12|6|2|4|2|7|6|1|11|9|10|1|5|10|11|4|4|12|1|6|3|8|9|8|11|10|3|8|2|5|2|3|5|5|12|12|7|8,TRUE,2,0,
1384,14,7|12|8|2|3|6|8|3|7|10|1|5|1|4|11|9|9|10|10|7|12|5|8|3|5|4|6|6|2|11|4|10|6|12|12|2|1|1|9|9|4|7|11|11|2|8|5|3,TRUE,2,0,
1385,11,1|6|7|4|3|1|4|9|7|8|1|2|2|2|9|9|1|8|4|9|6|3|5|7|4|3|3|5|6|2|6|8|5|7|8|5,TRUE,2,0,
1386,14,6|11|9|7|4|9|3|7|6|11|6|3|3|12|9|1|12|11|5|5|1|10|1|4|4|7|8|10|5|2|8|10|9|7|5|4|1|8|10|2|8|6|2|12|2|3|12|11,TRUE,2,0,
1387,14,1|1|1|3|1|11|5|6|11|4|4|6|3|7|7|8|10|10|3|6|2|9|9|5|9|4|11|12|3|11|8|8|8|5|4|2|9|12|10|12|10|2|2|6|7|12|5|7,TRUE,2,0,
1388,11,2|9|6|4|9|4|3|1|8|2|5|1|6|5|3|7|2|8|5|8|4|9|1|7|7|7|4|6|6|2|3|1|3|9|5|8,TRUE,2,0,
1389,14,3|11|4|5|1|7|4|6|3|11|11|10|11|6|2|12|10|4|1|5|8|10|9|4|9|9|2|12|9|5|2|6|6|12|7|1|3|8|8|7|3|8|2|10|5|1|7|12,TRUE,2,0,
1390,11,9|3|1|7|8|7|6|9|2|3|2|8|4|4|6|5|6|8|7|6|5|4|3|5|7|9|1|3|1|2|1|4|9|5|2|8,TRUE,2,0,
1391,11,6|6|6|8|7|7|2|2|4|3|9|6|3|7|4|3|5|5|4|8|8|9|2|5|7|1|1|8|2|1|9|4|3|9|1|5,TRUE,2,0,
1392,14,10|9|3|3|5|6|7|6|3|8|6|1|4|11|12|1|4|3|12|2|9|4|10|9|5|2|1|1|8|6|7|10|2|12|11|7|2|8|8|12|10|11|11|4|5|5|9|7,TRUE,2,0,
1393,14,12|11|10|10|7|9|4|4|8|10|2|3|11|2|6|2|8|1|1|5|7|11|6|3|1|3|7|1|6|9|3|4|7|9|8|12|9|12|5|11|6|12|8|5|10|5|4|2,TRUE,2,0,
1394,11,1|8|3|9|9|6|1|1|2|3|9|7|6|5|9|1|5|8|5|3|8|2|4|7|6|7|2|6|4|2|3|4|8|7|4|5,TRUE,2,0,
1395,14,7|1|9|8|3|11|9|12|7|10|7|10|5|1|10|7|4|3|5|6|4|5|11|9|10|3|1|11|2|5|2|6|3|2|4|6|4|9|12|8|2|8|6|12|8|11|1|12,TRUE,2,0,
1396,11,7|5|2|3|9|4|7|3|8|1|5|2|1|1|3|2|4|4|7|2|9|8|8|9|8|4|6|7|9|5|1|6|3|5|6|6,TRUE,2,0,
1397,14,8|5|3|2|1|2|3|10|6|6|5|8|1|12|4|12|8|4|12|6|2|11|5|9|10|9|10|6|5|4|12|4|8|9|1|3|10|7|9|11|2|11|1|3|11|7|7|7,TRUE,2,0,
1398,11,8|8|7|2|4|9|8|1|1|3|3|9|2|7|4|6|4|8|7|4|6|1|5|1|3|9|2|5|5|3|9|6|6|7|5|2,TRUE,2,0,
1399,14,2|1|5|2|11|1|7|6|6|2|8|3|9|8|11|7|5|12|12|3|1|4|6|9|9|4|10|12|3|6|1|8|7|8|10|5|2|9|5|11|7|11|10|4|12|4|10|3,TRUE,2,0,
1400,11,3|7|5|2|9|8|7|3|9|3|6|5|1|5|5|2|2|9|1|1|1|4|4|7|3|8|4|6|6|8|8|4|2|7|6|9,TRUE,2,0,
1401,11,6|5|5|6|1|3|3|3|6|7|2|4|8|7|1|2|4|9|3|4|8|8|7|1|5|8|4|9|9|6|5|1|9|7|2|2,TRUE,2,0,
1402,14,3|8|1|3|12|7|9|2|7|8|5|10|11|6|5|2|9|11|5|10|8|8|6|9|11|1|7|6|4|2|4|4|2|4|3|6|7|3|9|12|12|1|11|1|5|10|12|10,TRUE,2,0,
1403,14,12|1|6|11|8|9|9|7|6|1|7|12|2|5|6|3|3|12|1|1|5|3|8|4|5|9|7|2|11|8|2|4|11|10|11|10|10|12|7|5|8|4|6|10|2|9|3|4,TRUE,2,0,
1404,11,8|2|6|9|7|2|8|9|4|4|4|5|1|7|9|3|1|3|4|6|7|3|6|3|5|5|2|6|2|9|8|8|1|7|5|1,TRUE,2,0,
1405,11,9|7|3|3|5|4|3|5|2|6|2|9|4|7|8|2|8|5|1|1|6|1|8|4|9|6|3|7|4|6|8|1|2|7|5|9,TRUE,2,0,
1406,14,11|7|10|5|9|11|10|9|11|6|7|12|8|2|7|1|5|9|5|8|1|12|11|3|3|6|10|4|6|9|2|6|3|5|4|10|2|12|12|4|4|2|8|7|1|1|3|8,TRUE,2,0,
1407,11,8|2|2|9|7|9|3|8|1|3|1|6|5|6|2|9|4|1|1|5|5|6|4|7|7|9|5|3|6|3|4|8|2|7|8|4,TRUE,2,0,
1408,14,11|6|2|2|9|7|10|1|6|3|12|1|8|3|7|4|12|7|11|1|9|3|9|12|6|9|5|2|6|5|4|8|12|5|2|10|11|8|10|1|8|11|10|4|4|7|3|5,TRUE,2,0,
1409,11,2|4|3|6|8|9|6|7|8|1|3|4|4|5|5|1|8|2|9|7|9|8|3|3|4|5|6|9|7|6|7|1|1|5|2|2,TRUE,2,0,
1410,14,12|2|9|1|11|7|4|9|6|9|1|8|3|8|7|5|2|10|11|3|7|2|1|10|8|1|9|5|10|12|4|5|3|11|3|2|12|5|4|8|4|6|7|6|12|11|10|6,TRUE,2,0,
1411,11,6|5|1|8|3|5|6|4|3|4|8|5|8|3|6|2|2|3|8|4|5|7|1|9|9|1|2|4|1|7|9|7|9|2|6|7,TRUE,2,0,
1412,14,7|9|4|12|3|1|1|7|10|5|6|9|4|3|9|12|8|12|1|5|4|11|10|5|2|3|11|10|10|9|7|2|4|8|8|7|11|12|2|6|5|1|8|6|11|6|3|2,TRUE,2,0,
1413,14,2|9|1|12|10|12|11|11|5|9|9|2|2|6|1|5|5|7|12|4|1|10|7|11|8|6|6|3|8|11|5|6|4|7|4|10|3|2|3|4|8|3|7|9|1|8|10|12,TRUE,2,0,
1414,11,1|5|8|2|1|3|9|9|5|5|4|2|3|5|2|3|8|9|7|7|1|6|6|8|1|2|4|7|4|7|9|4|8|6|3|6,TRUE,2,0,